source_clean,function_1,function_2,function_3,function_4,function_5,function_6,application_clean
013 denim,recycle yarn,weave fabric,support innovation,connect community,,,large work of art presented to the dutch royal family
100 bacterial dye,produce pigments,create sustainable alternative,reduce water usage,minimize energy consumption,,,microbial colour library for dyeing textiles
basalt knitted fabric,reinforce fabric,prevent algal growth,extend residence time,conduct heat poorly,resist electricity,,reinforcement fabric for maritime applications
100 biobased flax panel,provide structural support,reduce environmental impact,enable biobased composition,,,,interior wall panels
100 rejects waxed printed cotton,recycle textiles,create carpets,reduce waste,innovate design,,,high quality recycled carpets
2 000 000 000 precious pieces,provide novel materials,offer aesthetic value,serve as raw materials,,,,manufacturing of bio composites
2 5d print,create relief,dry quickly,print colourful patterns,,,,decorative wall panels with raised textures
2000n pressed shoe,moulding material,testing quality,minimizing irregularities,applying patterns,exploring aesthetics,,collection of shoes
2tec2 high tech flooring,reduce impact sounds,absorb footsteps,provide durability,enable easy cleaning,,,acoustically enhanced flooring for public spaces
2tec2 marble desert,provide nature inspired design,offer durability,ensure easy maintenance,deliver acoustic properties,resist uv exposure,,high quality floor coverings
2tec2,provide strength,offer wear resistance,ensure stain resistance,allow moisture resistance,facilitate easy cleaning,,durable bathroom carpet
3d veneer,deep draw veneer,form stability,join veneers,custom produce parts,,,curved furniture components
37 5 technology cvc woven,regulate temperature,manage humidity,remove sweat,trap energy,,,activewear garments that regulate body temperature
37 5 technology wpb laminate,attract water vapour,remove sweat,trap energy,,,,waterproof breathable jacket
3d bamboo wall panels,provide flame retardance,offer water repellence,allow paint application,create aesthetic texture,,,decorative wall paneling
3d biaxial knitted fabric,provide flexibility,offer structural stability,absorb force,maintain strength,,,high performance composite structures
3d brocade all over lurex,weave decorative,produce ornamental,create embossed,,,,decorative upholstery fabric
3d composites,create strong constructions,enhance durability,reduce waste,apply colour and texture,,,lightweight aircraft components
3d core,provide flexibility,improve strength,create hybrid,,,,lightweight sandwich panels for structural components
3d design,create three dimensional structures,process with laser technology,form surfaces with vacuum,,,,decorative wall panels with 3d effects
3d engineered sound barrier,absorb sound,muffle noise,create quiet space,,,,acoustic panels for residential interiors
3d engraved glass,engrave image,create customised products,reduce distortion,,,,custom decorative panels with lighting
3d felt tiles,absorb moisture,reduce flammability,provide acoustic resistance,act as wall covering,serve as room divider,,acoustic wall panels
3d knitted jersey,provide comfort,offer flexibility,enable breathability,,,,fancy wear clothing
3d leveling cork,reduce weight,provide noise reduction,enable 3d leveling,,,,prefabricated yacht decking system
3d metal,form noun,optimize noun,save noun,,,,aerospace structural components
3d plate,shape noun,form noun,expand noun,,,,lightweight structural components for automotive bodies
3d printed concrete,print structure,provide quote,configure robot,,,,customized architectural structures
3d printed earth,provide thermal mass,offer fire resistance,absorb sound,allow customization,,,bioreceptive urban building structures
3d printed surface,enhance structure,provide rigidity,enable design possibilities,,,,front part of a shoe
3d printing clay facade bricks,minimize shrinkage,enable mortar free assembly,promote urban biodiversity,contribute to passive cooling,,,interlocking facade bricks with integrated greenery
3d printing eggshell bioceramic,reduce waste,harden room temperature,generate opportunities,,,,building blocks for construction
3d profile,provide reinforcement,offer resistance,enhance strength,improve durability,,,reinforced structural profiles for construction
3d series,bend light,twist design,flex structure,,,,decorative wall systems
3d smoke out,masking effect,allow smoke escape,enable fire sprinkler access,,,,ceiling system with 3d knitted fabric
3d stretch,provide elasticity,enhance durability,create tactile texture,,,,active sportswear and swimwear
3d tex pes pp khf,control stability,impregnate resin,create core,produce components,,,sandwich components for metallic façade systems
3d textile,absorb sound,cover wall,support body,provide relief,stretch surface,,ergonomic mattress system
3d textiles by gaetano rossini,create complex structures,provide breathability,offer elasticity,ensure flame retardancy,resist abrasion,,automotive seat covers
3d textiles,explore potential,create effects,add interest,provide appeal,,,lighting and cushion designs
3d textilles,absorb sound,reduce noise,create textures,manipulate light,,,acoustic textile wall panels
3d wood,enhance properties,provide flexibility,offer stain resistance,maintain color,,,flexible wall paneling
3mesh,allow air circulation,regain original shape,adjust hardness,provide cushioning,,,air conditioned automotive seats
4 outdoor,water repellent treatment,stain resistant fabric,mold resistant material,light fast fabric,,,outdoor furniture upholstery
4design panels,create naturallook,provide wallfinish,enable flexibleapplication,,,,wall finish with tropical hardwood appearance
850 c ash concrete,reuse noun,provide noun,show noun,,,,terrazzo flooring with recycled materials
abacá,transform nature,create surface,contribute credits,,,,high pressure laminate flooring
abstract mirror,reflective surface,decorated tile,create depth,create movement,,,decorative wall tiles for interiors
accoya,protects wood from rot,reduces swelling tendency,increases uv resistance,retains strength,,,exterior wooden structures
accura bluestone plastic,provide high stiffness,ensure excellent printing accuracy,resist deformation,withstand high humidity,support heavy loads,,wind tunnel testing apparatus
acilux,resist heat,resist scratching,provide countertop,,,,kitchen countertops
acospray,optimize durability,enhance fire safety,provide acoustic insulation,,,,seamless acoustic spray plaster for walls and ceilings
acoustic baffles,absorb sound,reduce noise,conduct sound,,,,acoustic ceiling panels for sound absorption
acoustic ceiling spray on solutions,absorb sound,create texture,optimize room experience,blend in design,integrate fixtures,,acoustic ceiling treatment
acoustic cork wall tiles,softening sound,creating patterns,providing insulation,,,,acoustic wall tiles for soundproofing
acoustic elements,reduce noise,improve acoustics,customize finish,,,,acoustic wall panels for interior spaces
acoustic grilles,provide acoustic comfort,conceal ceiling construction,guide sound waves,create warm atmosphere,offer design freedom,,wooden ceiling system with acoustic properties
acoustic high performance sheets,provide acoustic value,enable recycling,serve as wall covering,act as room dividers,,,acoustic wall panels for sound absorption
acoustic lightboard platten,absorb sound,provide structure,reduce noise,,,,acoustic furniture doors
acoustic metal,absorb sound,let light through,resist fire,resist water,shape easily,,sound absorbing ceiling panels
acoustic reed elements,absorb sound,design panel,install easily,,,,acoustic wall and ceiling panels
acoustic ribpanel slim,absorb sound,reduce reverberation,improve acoustics,provide design freedom,,,sound absorbing wall panel
acoustic ribpanel,reduce reverberation,improve acoustics,conduct sound waves,absorb sound,,,acoustic wall panel for interior design
acoustic textile,absorb sound,bring colour,provide separation,,,,sound absorbing wall panels
acoustic wool felt rigid,improve acoustic properties,provide aesthetic appeal,meet technical specifications,,,,acoustic wall panel
acoustics 3d full colour felt,absorb sound,insulate noise,regulate reverberation,increase comfort,resist impact,,acoustic wall coverings for interior spaces
acrylic couture,create depth,achieve radiant effects,guarantee uv resistance,provide scratch resistance,efficient scatter light,,decorative wall panels with led lighting
acrylic one,achieve natural look,mimic materials,color layer,add structure,suggest metal characteristics,process under many circumstances,decorative wall panels with varied textures
acrylic,create sheets,produce variations,include fluorescent paints,offer transparency,,,fashion accessories and display stands
acrysmart,change transmittance,regulate solar energy,save heating energy,save cooling energy,,,intelligent sun protection systems
act wrm,control resonance frequency,vibrate air,absorb sound,,,,acoustic panel for sound insulation
activ selfcleaning glass,reacts with daylight,breaks down organic dirt,spreads evenly,runs off in a sheet,,,self cleaning window panes
active protection system,stiffen high impact,remain flexible,respond changes,,,,protective garment integration
adamant textile,combine noun,attach noun,maintain flexibility,,,,flexible concrete textile panels
advantic syntactic foam,embed microspheres,reduce weight,provide strength,create low density,remove excess resin,,aerospace structural core
aectual wrap panel,shape panels,customize panel shape,clad walls,achieve bespoke finish,,,custom wall cladding panels
aeras,mimic nature,provide warmth,offer slickness,create structure,,,three dimensional loop type carpet
aerialite,improve wet out,reduce air bubbles,increase laminate strength,provide smooth surface,,,lightweight composite surfboards
aerogel,insulate buildings,transmit light,reduce weight,,,,daylighting units for buildings
aestetica composites,enhance colour,provide strength,reduce weight,offer durability,allow customization,,lightweight structural components for vehicles
aesthetical ceramics,realising designs,presenting beauty,providing scratch resistance,offering texture,,,interior wall tiles with aesthetic finishes
agribiopanel,reduce carbon emissions,provide acoustic insulation,increase thermal insulation,enhance load bearing,,,partition walls and ceilings in building interiors
agriluma agrimat,compression moulding light fixtures,compression moulding decorative elements,compression moulding furniture pieces,,,,unique lighting fixtures
agt glow sand,mix into concrete,mix into epoxy,provide luminosity,enhance aesthetics,,,glowing concrete surface sealer
aguardian,eliminate odours,kill micro organisms,provide fire resistance,offer abrasion resistance,,,medical device covers
airflake,absorb sound,create screen,divide rooms,mount walls,,,modular sound absorbing room divider
airmaxx,compress wood,coat panel,process material,,,,furniture worktops
aisti teno acoustic tile,absorb sound,provide sustainability,ensure fire retardancy,,,,suspended ceiling acoustic tiles
akdolam lightweight stone panels,create installations,cut sheets,laminate materials,offer approach,,,large format stone wall panels
akzent panels,decorate walls,create furniture,create bars,prevent bending,,,3d wall panels for interior decoration
al100 wall shield,shield emi,shield rf,cut easily,,,,shielded pouches and wallets
albeflex,bend narrow,provide translucence,create flexibility,,,,curved interior wall panels
alchimea lana,provide thermal insulation,offer sound insulation,bind air pollutants,convert pollutants into harmless compounds,protect against fire,,heat and sound insulation in building construction
alchimia natural yarn dyes on milk fibre,create colours,develop dyes,apply natural,,,,natural dyeing of textiles
alesta powder coating the finetextured collection,improve scratch resistance,hide imperfections,provide aesthetics,fulfill architectural requirements,,,architectural surface finish
algae based biopolymer,softens water,gels heat,acts plasticizer,ensures compostability,,,biodegradable packaging material
algae foam,mimic properties,manage nutrients,balance ecology,reduce oil use,,,flexible biofoam for cushioning
algal tiles,absorb wetness,resist moisture,provide aesthetic,,,,interior wall tiles
algorythm,shape structures,model fabrication,maintain integrity,,,,architectural facades with fluid motion aesthetics
alicrite string,create surface,achieve colour,provide decorative effect,,,,decorative wall cladding panels
alkemi acrylic,provide surfacing,contain recycled content,offer finish options,,,,solid surface countertops
alkorfol,provide high gloss,enable flat lamination,allow easy cleaning,resist stains,withstand chemicals,,laminated furniture elements
all round heating,control temperature,heat surfaces,provide radiant heat,,,,thin electrical heating panel for walls and ceilings
allison,provide strength,offer lightweight,enable printability,allow cutting,support recycling,,exhibition stands and shop layouts
allura,provide aesthetics,offer durability,enable installation,,,,luxury vinyl tile flooring
allure manhattan,provide wall covering,create seductive look,offer variety of structures,,,,decorative wall covering
almaxco composite panels,create displays,enhance performance,allow cleaning,achieve printing quality,provide fire resistance,,colorful printed signage panels
alouette,create patterns,provide decor,resist heat,ensure durability,,,kitchen cabinets with continuous structures
alpha gel,provide cushioning,absorb shock,damp vibration,resist ozone,resist uv rays,maintain performance,shock absorbing padding for protective gear
alpha tacto,provide soft touch effect,achieve cloudy appearance,offer tactile texture,create suede effect,create textile effect,,interior wall finish for residential spaces
alphamesh,enable flexibility,provide durability,guarantee strength,,,,light projection screen
alpikord,join beauty,offer resistance,provide stability,ensure consistency,,,high pressure laminate sheets
alpilignum,reproduce colours,create designed,process large orders,,,,customized wood items
alpilignum design collection,create pattern,provide decorative surface,reduce formaldehyde emission,,,,interior decorative veneers for furniture
alpolic,provide strength,reduce weight,resist weather,enhance aesthetics,,,external building cladding panels
alrox,provide substrate,allow printing,enable coloring,offer surface finishes,,,signage and advertisement signboards
altuglas dual satin,soften colours,enhance brightness,reduce finger marking,resist scratch,,,point of sale display
aluben,support nonload materials,provide stiffness,enhance stability,reduce weight,,,structural panel for raised floors
alucobond,bonding core,providing durability,supporting ventilation,offering lightweight structure,ensuring fire performance,,rear ventilated façade systems
alulife,maintain strength,provide lightweight,offer personalization,,,,decorative wall panels
alulight,absorb sound,shield electromagnetic,isolate heat,dampen structure,absorb impact,,acoustical panels for soundproofing
alumero diamond line,extrude profile,coat surface,resist scratch,resist chemical,,,kitchen equipment with shiny finish
aluminium cladding,simulate wood,exploit performance,allow installation,,,,weatherboard for building facades
aluminium foam glass sandwich,damping noise,increasing sound proofing,providing bending stiffness,offering easy cleaning surface,,,partition wall with optical effects
aluminium foam with salt,create porosity,provide lightweight,offer temperature resistance,enable acoustic solution,,,filter system for air or water
aluminium foam,absorb energy,create lightweight,provide rigidity,resist impact,enhance safety,,crumple zone for motorcycles
aluminium frame facade panels,provide nice finish,customise designs,adapt cross sections,,,,prefabricated building facade panels
aluminium mesh,absorb energy,create pores,reduce weight,,,,open celled metal foam panels
aluminium surface collections,create finish,add texture,combine pattern,manipulate surface,layer color,,decorative architectural panels
aluminium tile,create tile,innovative designs,fabricate accessories,,,,luxurious metal tile installation
aluoldcopper,provide aesthetic,offer stability,resist corrosion,eliminate maintenance,,,architectural facade finish
alusion large small cells,absorb sound,create panels,resist corrosion,maintain lightweight,,,acoustic wall cladding panels
alveo products,provide elasticity,offer temperature resistance,enable vacuum forming,ensure flame retardancy,deliver electrical conductivity,,soft foam padding for automotive interiors
amadou,provide tactile experience,serve soothing sensation,resemble animal leather,contain no harmful binders,be renewable,,soft leather like material for garments
amber waste is bliss,transform into new material,create usable products,analyze properties,alter properties,change colours,,interior panels and tiles
ambient glow technology,illuminate non toxic,apply various methods,,,,,decorative flooring for pools and spas
amphitextm,mitigate carbon emissions,reduce chemical treatments,provide waterproof breathability,,,,recyclable waterproof breathable fabric for outdoor clothing
amplitex powerribs,improve damping properties,increase flexural rigidity,enhance buckling resistance,,,,thin layered composite structures
an jing paper,provide durability,offer aesthetic appeal,resist moth damage,,,,handmade decorative writing paper
andeline recycled leather,maintain aesthetics,resist chemicals,perform abrasion,,,,table tops and kitchen cabinets
andy,resist scratching,resist uv,resist weather,resist chemicals,resist frost,provide finishing,renovation of floors and walls
anemonia,visualize growth,emphasize qualities,reveal colour,,,,decorative wall panel
animal leather print tiles,create reliefs,provide colours,enhance designs,,,,decorative tiles for hotel lobbies
another down another down recycled,create garments,provide thermal insulation,offer comfort,,,,warm knitted jackets and coats
antibacterial surfaces,prevent bacteria,create hygienic spaces,provide antibacterial property,,,,high pressure laminates for countertops
antico,improve stability,enhance aesthetics,provide durability,,,,wide plank flooring for modern interiors
antimicrobial copper brass,kill bacteria,provide hygiene,enhance aesthetics,,,,door handles and work surfaces
antimicrobial copper bronze,kill bacteria,enhance hygiene,provide protection,,,,door handles and light switches
antimicrobial copper,minimize bacterial levels,kill bacteria,resist corrosion,exhibit strength,allow shaping,,antimicrobial door hardware
antiqued mirror and gilded glass,create finish,replicate degradation,blend mirror,achieve look,,,decorative mirror panel inset into joinery
antislip tiles,resist slip,resist wear,resist frost,resist chemical,resist staining,,slip resistant flooring in wet rooms
antolini,ensure strength,consolidate resin,reinforce slab,fill micro porosities,,,structural slabs for countertops
anvi luxury surfaces,combine nature,cast layer,create designs,,,,decorative surface panels
anvi solitaire,fuse crystals,process marble,set crystals,,,,luxurious tabletops with embedded crystals
apex,insulate thermal,weigh light,resist weather,,,,lightweight thermal insulation for outerwear
apparition translucent leather,provide softness,offer translucency,ensure water resistance,,,,translucent garments and footwear
apple pomace films,transform non toxic alternative,offer compostable option,replace leather,,,,biodegradable plant pots
aquaclean,reduce cleaning,minimize pollution,enhance durability,simplify maintenance,,,self cleaning window surface
aquarius,suspend color,create accent,install tile,,,,decorative wall and floor tiling
aquatecture water harvesting panel,collect water,harvest rainwater,integrate building feature,,,,rainwater harvesting panel for building façades
aquatic plant paper,provide oxygen,reuse waste,trim plant,,,,sustainable paper sheets
ara lt laser film,transfer pvd layer,apply marking,provide coating,,,,high quality surface marking on ceramics
arboform,enable design,process thermoplastic,mould injection,,,,injection moulded wood products
arboskin,protect noun,recycle verb,form verb,process verb,,,thermoformed building components
arcbiox bgf30 a1 and arcbiox a17,reinforce composite,replace polyamide,modify impact,,,,injection moulded components
arce s 3d tiles,create novel designs,provide high gloss,offer translucence,enable customization,,,decorative interior tiles
archi folds,create space,divide space,adapt acoustic,adapt heat,adapt light,,folded architectural screens
archi tadelakt,replicate finish,ensure workability,,,,,indoor decorative plaster finish
archisonic cotton,absorb sound,reduce waste,add aesthetic,recycle materials,,,acoustic wall tiles for sound absorption
archisonic felt,absorb sound,upcycle material,provide flexibility,meet requirements,,,acoustic wall panels for soundproofing
archisonic textile,promote sustainability,create acoustic curtains,enhance design scheme,integrate into applications,,,acoustic curtains for room separation
architectural glass surfaces,create surface,provide aesthetic,resist scratch,allow customization,,,countertops and architectural installations
architectural glass,adapt design,create aesthetic solutions,produce security glass,,,,elevations and shop doors
architectural mesh,create mesh,reflect light,weave patterns,,,,architectural facade cladding
architectural metals,altering surface,casting patterns,cutting panels,,,,custom metal architectural panels
architectural sheets,provide strength,offer durability,enhance aesthetics,ensure low maintenance,,,interior wall cladding panels
architectural titanium,resist corrosion,restore oxide film,reduce weight,permit fabrication,provide durability,offer variety of finishes,facade cladding for buildings
architextile,create wall covering,provide acoustic performance,serve as dividing screen,act as autonomous interior object,,,high tech acoustic wall covering
ardomix,incorporate pebbles,cast resin,provide smooth surface,reinforce aesthetic appearance,allow cutting,,backlit wall tiles for decoration
arfinio,enable seamless surfaces,create complex shapes,provide lightweight materials,offer non slip properties,ensure easy cleaning,allow customization,shower plates and wash basins
ariel 4311,provide fireproof,offer colourful,enable upholstery,allow decoration,,,luxury upholstery textile
armourcast,create cast designs,reduce surface absorbency,provide resistance against dirt,,,,three dimensional stone like panels
aroma aq,incorporate naturals,compound stability,screen printing textiles,provide aroma,,,scented ink for textile printing
arpex epe,provide cushioning,offer versatility,,,,,floor underlayment
arpro p epp,provide impact resistance,offer fire retardancy,resist moisture,allow easy cleaning,,,washable wall panels for humid environments
arpro,provide acoustical performance,resist fire,resist water,allow painting,enable lightweight construction,,acoustical ceiling and wall panels
arrigado,create partition,provide lighting,serve as art wall,,,,textured dividing wall
arstyl,provide insulation,create decorative surfaces,allow customization,,,,3d wall decoration panels
art ferro,provide gloss,mimic metal texture,apply seamlessly,,,,interior wall and ceiling finish
art intervention,create tile,support interiors,invite collaboration,,,,carpet tile collection for office spaces
art on tiles,bake tile,print pattern,handcraft tile,,,,decorative wall tiles with custom motifs
art panel,provide aesthetic,create personalized designs,facilitate assembly,offer weather resistance,,,customized wall cladding panels
artile,apply image,encapsulate design,resist fade,resist uv,,,photographic swimming pool tiles
artos,provide novel appearance,resist corrosion,form design,cover wall elements,flexible structure,,suspended ceiling and wall coverings
artstone,resemble natural stone,eliminate painting,resist uv,resist water,withstand temperature changes,,exterior wall panels
asian canvas,reflect light,design interior,coat wall,,,,textured wall coating for interior design
astrale,create texture,enhance aesthetics,resist scratch,,,,decorative wall tiles
atelier barb bio series,create non edible parts,bind natural binders,craft functional art objects,design sustainable surfaces,,,tableware made from organic materials
atelier collection,customizable colour,customizable style,dyed veneer,,,,customized furniture surfaces
atex colour,provide strength,offer flexibility,resist fire,reflect light,stabilize uv exposure,,stage and façade covers
atex screen,impregnate silicone resin,resist fire,generate smoke,,,,internal liner for airports and stadiums
atex,reinforce materials,coat fabric,create structures,,,,lightweight membrane structures
atlantique,create novel product,match style,resist uv,resist water,allow easy cleaning,,custom outdoor flooring for terraces and swimming pools
atmospheric wood,transform wood,reproduce drawings,create patterns,,,,architectural blueprints with blue hues
attraction,provide durability,facilitate maintenance,allow fitting without adhesives,offer antibacterial properties,,,anti static floor tiles for computer rooms
aurea,provide flame retardancy,enable cleanability,allow elastic fitting,offer waterproofing,resist mechanical tractions,,upholstered furniture with leather effect surface
autarchy,produce vessels,produce lamps,provide durability,,,,functional vessels and lamps
autoheal,adhere bond,self heal,seal form,weld join,,,self healing adhesive tape
automatic serendpt,question design,represent patterns,print abstract,,,,textile scarves with abstract patterns
avocado seed bricks,transform waste,create bricks,bind materials,shape structures,,,lightweight structural bricks for eco conscious architecture
avonite glass series,cast sheets,thermoformed shapes,replenished surface,resistant chemicals,resistant stains,,backlit service counters
avonite petals series,create sheets,thermoform shapes,resist stains,allow seamless jointing,,,washroom and service counters
avonite recycled acrylic series,create seamless jointing,resist chemical stains,thermoform sheets,replenish surface,,,washroom and reception counters
avonite,create granite effect,create metallic effect,thermoform shape,resist chemical,resist stain,,washroom work surfaces
awakyuki melting snow,create light effects,add warm ambiance,reinforce durability,,,,window shades and screens
ayrlite sonium,reduce noise,improve acoustic quality,absorb sound,,,,soundproof enclosures and wall absorbers
b clear,allow light,ensure privacy,integrate leds,provide durability,apply slip resistance,,translucent partition wall panels
b cork,coating breathable,coating natural,delivering soft touch,,,,breathable textile for clothing
baby merino,spin yarn,dye fiber,knit fabric,felt material,,,hand knitted garments for infants
backlight images,preserve images,illuminate reliefs,design displays,advertise logos,,,3 dimensional photographic display system
bacterial cellulose,exhibit tensile strength,offer substitute for plastic,be dyed,be shaped in multiple textures,,,textile like materials for sustainable fashion
bahia,create mosaic,decorate wall,cover surface,,,,indoor decorative wall covering
balsa platte lightwood b1,provide fire retardance,combine pressure resistance,allow surface processes,,,,large size wall and ceiling panels
balsaboard lightwood,guarantee compressive strength,provide low weight,support sandwich construction,,,,lightweight sandwich panels for furniture
balsaconcrete,reduce weight,provide impact resistance,allow customization,,,,lightweight kitchen countertop
balsatec,provide insulation,resist moisture,resist thermal transfer,resist fatigue,,,thermal and sound insulation panels
bamboo elite premium,provide stability,enhance aesthetics,offer durability,enable floating installation,,,wide plank flooring for residential and commercial use
bamboo fibres,replace oil based raw materials,grow locally,compete mechanical properties,,,,biobased paint and composite materials
bamboo mosaic,decorate wall,cover surface,design furniture,,,,wall covering in bathrooms
bamboo panels,cut panel,dye panel,smoke panel,fireproof panel,mount panel,,interior wall cladding
bamboo ultradensity heavy duty flooring,provide durability,offer ecological solution,meet performance standards,,,,heavy duty flooring for high traffic areas
bamboo veneer,bonded veneer,manufacture veneer,overlay plywood,soften material,air dried,,decorative plywood overlay
banana fibre hemp jute carpet,provide texture rugs,absorb moisture,offer eco friendliness,,,,hand knotted high end rugs
banana fibre paper,create paper,fuse fibres,provide lightweight material,offer tear resistance,enable biodegradability,,sustainable packaging for consumer products
bananatex,provide durability,enhance biodiversity,contribute reforestation,offer waterproofing,,,durable technical fabric for outdoor gear
baq,resist chemicals,repel moisture,protect noise,resist fire,ensure colour fastness,,exterior wall cladding panels
barbara steinmann,handcrafted tiles,baked tiles,printed patterns,painted motifs,,,decorative wall and floor tiles
barcode,create tile,fuse glass,design structure,,,,decorative glass tiles for interior walls
bark cloth,provide insulation,offer aesthetic appeal,resist stains,allow light passage,enable customization,,laminated wall covering
bark,protective cladding,natural aesthetic,,,,,interior and facade cladding panels
barkcloth hpl,provide decorative surface,offer unique texture,enhance interior aesthetics,,,,high quality wall and ceiling panels
barktex,harvest noun,combine noun,mould verb,provide verb,contribute verb,,lightweight door interior trim
barlo cast design,resist stains,filter light,retain texture,combine wood,combine metal,,interior design elements and showcases
barlo spc diamond,provide non yellowing,support loading,reflect infrared radiation,transmit light,insulate thermal,,conservatory roofing
barnwood,recover noun,cover noun,floor noun,,,,weathered wood wall paneling
barracuda aluminized fabric,combine noun,coat noun,mold noun,emulate noun,resist noun,,fire resistant decorative fabric for helmets
barricada,provide barrier,allow breathability,,,,,surgical gowns and drapes
barrique boden,provide nature,create color,strengthen surface,,,,parquet flooring from wine barrels
barrisol biosource,facilitate recycling,achieve sustainability,integrate production circuit,,,,recyclable membrane for interior design
barrisol clim,provide comfort,save energy,integrate acoustics,allow personalization,,,energy efficient air conditioning system
barrisol,create ceilings,provide fire resistance,ensure air quality,,,,stretch ceiling systems
basalt tiles,provide durability,offer aesthetic appeal,resist chemical agents,facilitate easy maintenance,support heavy loads,,industrial flooring tiles for heavy duty environments
basalt woven textile,provide tensile strength,offer chemical resistance,insulate against heat,serve as electric insulator,,,electric insulating materials for high voltage equipment
base superbo,transform noun,colour verb,layer verb,cut verb,combine verb,,decorative interior panels with glass composite
baswa acoustic plaster,absorb sound,reduce reverberation,provide aesthetic,,,,acoustic ceiling finish
baubuche beam,allow production,create beams,show hardwood surface,bond strips,,,slim structural beams for large spans
bauxite residue ceramics,transform ceramic bodies,create glazes,fit architectural use,,,,ceramic tiles for building facades
bcomp textile,fabrication eco superior products,providing architectural textile alternative,,,,,natural fibre composite architectural panels
bcore,provide shear strength,offer fatigue strength,combine low density veneers,,,,lightweight ski core material
beadazzled,reflect light,create surfaces,allow customization,,,,flexible wallcovering for interior design
bealstone,combine durability,provide water resistance,enable customisation,resist moisture,resist stains,ensure easy maintenance,seamless flooring and wall finishes
beaufort,provide strength,resist uv,resist water,offer comfort,allow cleaning,,high tenacity polyester loop pile carpet
bee bo,covering noun,adapting noun,contributing noun,recycling noun,,,architectural interior profiles for wall and ceiling coverings
beeboard,withstand heavy loads,provide protective capacity,reduce disposal costs,,,,transport packaging for heavy loads
beeksteen,reduce co2 emissions,provide ecological benefits,provide economic benefits,provide social benefits,,,facing walls for buildings
beetlecrete mpbwc,provide moisture resistance,offer fire resistance,allow easy cutting,enable shaping with molds,,,lightweight structural panels for construction
bekaert bekinox vn,conduct electricity,resist heat,transfer signals,provide flexibility,enable durability,,electrically conductive textile for heating
bekaert quench products,combine heat resistance,combine mechanical durability,combine air permeability,provide softness,,,covering material for quench rings in automotive glass
beleaf,provide comfort,offer resistance,reduce carbon footprint,preserve environment,,,vegan leather alternative for fashion accessories
belgian linen,weave fabric,produce accessories,add touch,,,,high end linen textile accessories
belin,offer nature,adapt temperature,elevate space,,,,sustainable window curtains
belle naturelle,provide insulation,absorb sound,create wall coverings,enhance aesthetics,,,acoustic wall coverings
belpasso premio cleantop,protect structure,repel dirt,reduce cleaning,,,,moisture resistant concrete surface
belt,cut tile,assemble tile,fire tile,produce color,,,fused glass tile for borders and chair rail
beltwalk,absorb nature,insulate heat,insulate sound,wrap structures,repair easily,,column and wall wrapping material
benchmark,make watertight,guarantee structural safety,ensure fire resistance,transform appearance,,,insulated building façade panel
bendywood,bend wood,compress wood,dry wood,,,,bent wooden handrails
bera gravel fix,provide stable base,reduce root crack,ensure efficient drainage,,,,gravel stabilization system for driveways
berriestex made from strawberries,offer alternative,become durable,become flexible,become sewable,,,vegan luxury handbags
bese elements,provide stability,offer protection,support adhesion,create structure,enable modular assembly,,biodegradable mats for nature restoration
bespoke 3d leather,sculpting artwork,engraving patterns,embossing texture,,,,bespoke leather wall tiles
bestfelt,provide sound absorption,reduce ambient noise,support regional agricultural supply chains,,,,interior wall coverings and spatial dividers
béton picturale,transfer image,create relief,customize artwork,,,,facade artwork for buildings
betonada rust,protect noun,seal noun,apply noun,finish noun,,,decorative wall cladding
betonlook paint,give concrete look,allow breathing,absorb co2,,,,ecological wall coating for damp areas
bia metallic,create sustainable surface,provide heat conductivity,enhance aesthetic appeal,,,,metallized concrete facade panels
bianni wool paper,transform noun,preserve noun,reintroduce noun,,,,handmade paper products
bicicleta rug,create nontraditional carpet,reduce waste rubber,provide soft texture,allow looped pile,,,recycled carpet for residential use
big mesh,create textile,provide lightweight,offer translucence,,,,lightweight mesh fabric for clothing
bio amicofitex,provide bacterial protection,provide fungal protection,apply antimicrobial coatings,,,,sportswear with antimicrobial properties
bio construct,provide insulation,offer fire resistance,reduce weight,enhance sustainability,,,building material for sustainable structures
bio flex,replace conventional materials,convert film,maintain tensile strength,,,,thin film packaging for bioplastics
bio glass,recycle noun,reduce noun,decorate noun,,,,counter or worktops
bio laminates,modify fibers,upgrade resources,replace synthetics,enhance fibers,,,biodegradable packaging materials
bio luminum,provide strength,offer durability,enable sustainability,,,,high traffic flooring tiles
bio pigments atelier,create paints,lock pigments,force painting,,,,bioplastic based painting medium
bio receptive 3d printed ceramics,filter air pollutants,improve air quality,release oxygen,dampen sound,retain humidity,reduce thermal fluctuations,living wall system for interior and exterior spaces
bio siptm,sequester co2 emissions,integrate insulation,provide structural integrity,offer weather resistance,ensure airtightness,facilitate assembly,sustainable modular building system
biobased sip building system,replace timber,support circular construction,reduce co2 footprint,provide structural strength,enable reuse,,modular prefab building system for walls and roofs
biobasedtile,reduce carbon footprint,grow tile,strengthen material,lighten weight,,,interior and exterior flooring tiles
bioblocks,absorb excess moisture,retain excess moisture,regulate interior climate,provide sustainable construction,,,earth retaining structures for noise barriers
biocaif,promote sustainability,reduce waste,provide biodegradability,,,,biodegradable coffee cup and lid
biochar cob,improve soil,store carbon,construct shelters,,,,habitable spaces from organic waste
biocoat,provide water resistance,offer uv resistance,enhance durability,ensure eco friendliness,,,superhydrophobic coating for various surfaces
biocomposites,reinforce material,insulate thermal,insulate acoustic,resist flame,,,thermal and acoustic insulation panels
biodegradable envelopes,allow biodegradation,produce envelopes,print with solvent free inks,,,,biodegradable office envelopes
biofiber,provide thermal insulation,biodegrade at end of life,,,,,thermal insulation for buildings
bioflexi,produce fiberboard,recycle fiberboard,compost fiberboard,provide fire resistance,minimize health risks,,free form furniture and partitions
biofoampearls,reduce emission,provide insulation,biodegrade material,,,,cavity wall insulation
biofuel waste is bliss,reduce co2 footprint,substitute minerals,create ceramic glazes,lower melting point,provide color,,ceramic tiles and bricks with ash content
biograde,process blends,moulding applications,resist heat,suitable thermoforming,approve food contact,certify biodegradability,injection moulded packaging components
biogranulates,provide non slip surface,resist wind and runoff,act thermal buffer,serve decorative coating,,,outdoor decorative floor coating for gardens and playgrounds
biogreen padding polymer,provide insulation,replace down filling,offer lightweight cushioning,,,,high performance insulated jackets
biolaminil,digest foam,laminate paper,activate bacteria,,,,biodegradable insulation panels
trifilon biolite,reduce co2 footprint,replace fossil plastics,enable injection molding,achieve surface finishes,,,injection molded components for consumer products
biological grown material,grow material,absorb colour,influence translucency,change thickness,,,collection of table lamps
biopanel,provide strength,offer biodegradability,ensure co2 neutrality,enable custom sizing,,,signage panels for outdoor use
biophilic wallpaper,transform nature,enhance texture,apply design,,,,bespoke natural wall covering
biophyl,reduce dependability,provide softness,replace petrochemicals,,,,intimate apparel and swimwear
bioplastics from organic waste,create novel materials,redirect waste,achieve specific characteristics,,,,bioplastic packaging from food waste
biopregs,replace nonrenewable materials,reinforce cellulose fibers,mold thermoforming,cut sawed,paint printed,,biodegradable composite sheets for construction
bioprotect,destroy germs,prevent odour,retain effectiveness,,,,anti bacterial hospital bedding
bios antibacterial ceramics,reduce bacteria,generate antibacterial reaction,embed particles,,,,antibacterial wall tiles
biosgel,distribute pressure,absorb shock,resist scrapes,allow air circulation,,,shock absorbing cushioning for personal hygiene products
biotex,reinforce composite,damp noise,insulate thermally,mold flexible fabrics,,,automotive interior components
birdshades bird protection window film,protect birds,optimize cities,maintain aesthetic,,,,bird protection for glass surfaces
bisazza mosaico mix,create mosaic,provide glittering effect,ease installation,,,,decorative wall and floor tiles for swimming pools
black gold,reflect nature,show aesthetic,manifest capabilities,,,,urban design elements
black heart,embed stones,protect surface,create surface,,,,decorative countertop surface
black mdf fibracolour negro,provide strength,offer aesthetic effects,ensure consistency,resist lighting,,,office furniture and dividing walls
black n tan,provide bath rug,tickle feet,massage feet,,,,bathroom rug with textured surface
black colour,create pile,coat backside,provide contrast,offer aesthetic value,,,3d striped floor covering
blazestone,resist scratch,withstand thermal shock,provide aesthetic variation,,,,handmade decorative tiles for floors and walls
blinds made of waste material,weaving structure,recycling process,mixing colors,,,,window blinds and room dividers
blingcrete light reflecting concrete,light reflecting surface,textile reinforced structure,non flammable material,durable surface effect,cost effective production,environmentally friendly design,safety related marking of danger spots in construction
blobb tiles,enliven environment,simulate melting,create humoristic details,,,,decorative bathroom tiles
blood bio leather,create novel materials,reduce waste,explore sustainability,,,,sustainable leather alternative for fashion accessories
blood plastic,create object,symbolize identity,provide sustainability,,,,decorative art pieces
blow in straw fibre insulation,provide thermal insulation,provide acoustic insulation,ensure even distribution,create seamless layer,,,thermal and acoustic insulation for walls and roofs
bluedec,reduce energy loss,conserve interior space,provide thermal protection,insulate against heat,insulate against cold,deliver thermal performance,nanoporous aerogel blanket insulation
bluestein,provide insulation,create reflective surfaces,allow customization,,,,double glazed floor plates
bobbles,create 3d surface,provide softness,offer warmth,ensure good acoustics,,,textile for jacquard knitwear
bodem circulair terrazzo,transform nonusable pottery,grind broken ceramics,combine binder,,,,kitchen worktops
body and soul,provide insulation,offer sound absorption,suit floor heating,resist electrostatic,,,hand sewn carpet for indoor use
bog oak,create novel pieces,extract buried trunks,enrich colour,enhance aesthetics,,,unique furniture pieces
boiled wood,transform noun,create noun,,,,,custom furniture design
bois larmé,reinforced wood,resistant abrasion,resistant impact,printed 3d,,,decorative wooden panels with metal reinforcement
bola triglass,provide core,offer drape ability,ensure compatibility,enable impregnation,,,sandwich structure for composite materials
bolefloor,evaluate nature,optimize placement,create unique flooring,,,,curved length flooring for interiors
bolidt flooring,provide flooring,offer durability,resist weather,allow customization,ensure safety,,industrial flooring systems
bonded metal,provide surfacing,cast granules,assure reproduction,create durability,,,elevator paneling
bonding technology biflex,join noun,finish noun,laminate noun,,,,fabric joining and finishing solutions
boracay,provide wall coverings,create earthy look,enhance texture,,,,natural handmade wall coverings
borit,enable precise shaping,combine lightness and stiffness,stack sheets closely,,,,lightweight structural panels for building
borjajet roof tiles,combine tiles,allow advantages,provide finish,,,,roof covering with aesthetic finishes
botanical c,extract fibres,create objects,show handmade beauty,,,,decorative objects from recycled flowers
botanical paperworks,embed seeds,print inkjet,allow germination,,,,greeting cards that grow into flowers
both,design noun,develop noun,manufacture noun,explore noun,,,textural wall installations and rugs
recycled glass surfaces,recycle glass,create surfaces,process waste,,,,unique surfaces for commercial and domestic use
bouclé lounge,inhibit bacteria,bond fabric,protect air quality,washable product,install adhesives,,wall to wall and tile flooring
bouclé,provide visual interest,interpret fine knitwear,make durable flooring,enable easy cleaning,,,textured wall to wall flooring
braidzz,cover noun,inspire noun,create noun,,,,outdoor woven flooring solution
brass copper,create surface,emboss structure,furnish finish,provide fire retardancy,,,metal laminate wall panels
brava,endure high temperature,resist fire,protect electricity cables,stop drafts,,,continuous roof lights
breathable pu fabrics,laminate fabric,waterproof fabric,provide comfort,,,,waterproof outdoor clothing
breathaboard,regulates moisture,reduces pollutants,prevents condensation,mitigates mould,supports occupant health,,interior wall and ceiling panels
breathaplasta wall plaster,regulate moisture,inhibit mould growth,increase temperature,provide insulation,discourage mould formation,,interior wall finishing solution
brick,create obscurity,provide privacy,transmit light,emboss custom designs,,,textured glass partitions for open plan spaces
brickbin,provide waste noun,indicate waste noun,customize colour noun,hold waste noun,,,modular waste separation station
brickwool,mitigate sound,absorb frequencies,provide insulation,,,,acoustic barrier system
brightbond,bonding performance,gluing textiles,gluing wood,gluing leather,,,adhesive for woodworking and textile projects
brisa,absorb sound,reduce noise,enhance aesthetics,install easily,,,acoustic panel for interior spaces
bristle technology,reduce noise,create aesthetic effects,evoke touch,,,,decorative brushes for large surfaces
brock foam,combine cushioning,manage energy,manage noise,allow airflow,provide insulation,ensure durability,protective gear for athletic activities
brock powerbase,absorb shock,drain water,insulate heat,resist bacteria,resist chemical liquids,,shock absorbing drainage base system for sports fields
brotzeit end grain board,minimize impact,present surface,provide durability,,,,multi purpose cutting or serving board
bt40 raw circular,enable recycling,allow disassembly,provide durability,,,,recyclable circular carpet
bubbles with benefits,replace plastics,provide protection,offer sustainability,customize appearance,,,biodegradable protective packaging materials
building integrated photovoltaics,replace building materials,generate electrical power,reduce construction costs,,,,photovoltaic glass roof panels
buildmatterial 0 8,prevent co2 emissions,provide design freedom,enable material savings,allow re printing,support modular construction,,interior wall in renovation buildings
burned wood,preserve wood,offer durability,provide circularity,ensure quality,enhance longevity,,exterior wooden facades
burntwood reuse,store co2,prevent microbial decay,extend lifespan,transform variations,create facade elements,,sustainable facade elements for buildings
butchers block,provide surface,resist scratches,support cutting,,,,kitchen cutting board
butong bubble concrete,filter nitrogen oxides,manipulate panels,create lamp shades,support vertical gardens,,,architectural ceiling panels
buzzicube,provide cushioning,offer support,reduce weight,,,,ecological seating pouf
buzzifelt,reduce noise,absorb sound,,,,,acoustic noise reducing panels
buzziskin 3d,provide acoustic insulation,offer decorative texture,adhere to surfaces,,,,self adhesive acoustic tiles
byblos,transform noun,filter noun,provide noun,,,,water waste filtration system
c slurry,developing sustainable materials,transforming industrial waste,comparing concrete performance,,,,sustainable building bricks
c change,adapt temperature,allow water vapour escape,store body heat,protect cold,,,breathable outdoor clothing
cabbtex made from cabbage,offer alternative,make flexible,make sewable,make durable,,,vegan handbags and accessories
cacao paper,reduce waste,provide color,wrap food,,,,wrapping for chocolate bars
caesarstone,bind particles,resist scratch,resist heat,remove stains,,,kitchen countertop
cafea silverskin,recycle material,extrude sheet,mould granulate,,,,flexible coffee based sheet material
caju soft velvet 100 tencel,provide comfort,offer sustainability,enhance aesthetics,,,,luxurious soft carpets
caleidolegno,produce veneers,remove stains,adjust colour,eliminate differences,emphasise grain,permit reproduction,natural wood veneer panels
calignum,color distribute,grind wood,carve wood,process wood,,,colored details in furniture
cameluxe,create insulation,maintain properties,reduce waste,upcycle materials,,,warm insulating pad for clothing
caméléon,change colour,fade smoothly,,,,,colour changing carpet design
camsiva,apply trowel,resist water,permit vapour,provide transparency,,,exterior wall plaster for mineral surfaces
canvas biobased rug,regulate humidity,provide durability,ensure sustainability,contribute to air quality,,,biodegradable indoor rug
capitonné,create tile,provide aesthetic,enhance interior,,,,decorative wall tile for interior design
capri,provide softness,offer lightweight,ensure chlorine proofing,enhance shape retention,deliver uv protection,,swimwear and sportswear garments
capsplate,create strong end result,add white regranulated pe,hand craft plate material,,,,durable plate for dining
capu cell,absorb fluid,release liquid,resist tearing,formulate disinfectants,,,medical wipe for skin and electronic parts
materialdistrict,insulate thermal,reduce weight,enhance durability,,,,thermal insulation panels for buildings
carbofont,provide weight saving,offer mechanical characteristics,cover core,,,,lightweight semi trailer panel
carbon buster,capture co2,reduce carbon footprint,provide sustainability,act carbon battery,,,carbon negative masonry block for building
carbon graphite rigid felt board,create non oxidising atmosphere,provide high temperature insulation,,,,,high temperature inert furnace insulation
carbon low panels grids,reduce carbon numbers,enhance acoustics,improve wellbeing,,,,acoustic ceiling systems
carboncast,control shrinkage cracks,reinforce concrete,transfer shear,,,,reinforced concrete structures
care for milk ceramic glaze,make ceramics durable,make ceramics waterproof,reduce waste,,,,ceramic dinnerware with unique color variations
carpet tile,provide floor covering,serve wall covering,offer aesthetic appeal,,,,interior flooring and wall tiles
carpetlight cl21,emit light,provide flexibility,enable dimming,adapt shape,ensure durability,,flexible led lighting system for film production
carpets from robusta,provide warmth,offer comfort,enhance aesthetics,,,,residential area rugs
carrelage,create tile,provide aesthetic,mold object,,,,3 d wall tile for interior design
cartamela,stop fermentation,maintain cellulose,maintain sugar,achieve stability,,,sustainable paper products
casaleno,covering wall,combining natural,providing flexibility,,,,flexible wooden wall covering
casaluxe,provide accent,generate atmosphere,install easily,ensure stability,,,curved wood flooring for interiors
casper cloaking technology,obscure light,filter light,render light invisible,,,,privacy enhancing glass wall technology
cast aluminium,casted form,finished look,designed decoration,inspired design,,,decorative façade element for museums
cast form,cast edge,provide hygiene,offer impact resistance,ensure fire resistance,,,seamless edge for furniture panels
cast glass,exhibit clarity,provide sparkle,allow high refraction,enable cold working,,,architectural façades
cast gypsum panels,modular panel,align horizontal,align vertical,paintable surface,,,indoor wall paneling system
cast polymer,cast noun,match noun,form noun,,,,interior partitions and privacy screens
castle stones,press noun,compress noun,install noun,color noun,process noun,,floor and wall coverings
casulo feliz primitive silk,transform nature,recycle materials,dye naturally,create artisanal products,,,handmade curtains and wallcovers
caura,provide warmth,absorb moisture,resist dirt,offer elasticity,,,luxury carpet for interior design
cava sparkling by nature,withstand wear and tear,add value,sparkle appearance,blend styles,,,outdoor kitchen countertop
cd,recycled material,transparent sheet,structural support,,,,recycled plastic sheets for interior design
celestial night,integrate lighting,create atmosphere,provide comfort,,,,illuminated indoor rug
cell carpet led,filter light,create atmosphere,provide soundproofing,allow replacement,,,decorative led integrated rug
cellular the breathing facade tile,store rainwater,create humid environment,produce oxygen,absorb air pollutants,provide natural air conditioning,,climate responsive facade system
cempanit,resist fire,resist moisture,resist noise,resist mould,resist termites,,decorative wall panels for interiors and exteriors
cerablanket,provide thermal insulation,resist thermal shock,absorb sound,enhance structural integrity,,,furnace and kiln linings
ceralution versaflex,minimize waste,eliminate adhesives,allow faster installation,improve sound insulation,,,circular ceramic tile flooring
ceramic foam filters,filter nonferrous metal alloys,filter cast iron,filter steel,calm mould filling,prevent defects,,metal casting filtration system
ceramic print,print image,resist scratch,resist uv,,,,architectural glass panel
ceramic sand,affect colour,affect structure,create glaze,,,,ceramic pieces with varied textures and colors
ceramic steel,combine properties,resist corrosion,resist abrasion,allow printing,provide weather resistance,,weather resistant architectural panels
ceramic surface,create surface,engage user,meet requirements,tailor make colours,develop finish,,luxury bar and table surfaces
ceramic textile,provide novel format,improve installation,enable light permeability,ensure safety,,,light permeable façade system
ceramic wall cladding,provide noncombustibility,ensure ventilation,offer acoustic insulation,allow easy installation,,,ventilated facade cladding system
ceranex,provide durability,ensure water stability,resist weather,prevent rot,offer fire resistance,allow easy installation,durable façade cladding for buildings
cetec,maintain shape,provide expansion,form inflatable structure,,,,inflatable lifting pads
chameleon fabrics,color shifting coating,applying chemical technologies,,,,,automotive exterior finishes
changeable reflective textiles,reveal patterns,adjust visibility,enhance aesthetics,provide protection,,,interactive fashion garments
chenille viscose,create loop pile,alter pile height,produce shiny appearance,provide ripple texture,,,recycled carpet with cotton backing
chimera by shai langen,transform emulsion,create film,experiment shapes,change viscosity,,,costume design using unique cellular structures
chipchain,provide flexibility,enable vertical installation,support cable management,,,,flexible vertical cable duct for public utility buildings
chipps design osb,transform space,protect panels,finish surface,install quickly,,,designer wall panels
chocolate stone border,create decorative,provide durable,enhance aesthetic,,,,kitchen backsplash design
chromashine,provide hiding power,create interference colours,enable solvent substitution,,,,metallic ink for screen printing
chromazone,change color,respond to temperature,,,,,temperature sensitive promotional items
chrome optics,produce mirroring surface,substitute galvanisation process,apply quickly,tint colour,,,decorative surface for artworks
chromyx,temperature sensitive colour change,revert back to original colour,laminated finish,rf sealed structure,stitched design,printed surface,temperature sensitive display panels
ciba xymara electra inks,print circuits,save costs,save time,,,,printed electronic circuits on paper
ciclobrick,reduce waste,process material,retain properties,,,,sustainable facade brick
cimento,create surface,ensure strength,provide aesthetic,reduce impact,transform ideas,,custom architectural surfaces
circlefoam recycled pu foam,transform noun,recycle noun,custom cut noun,ensure sustainability,,,custom cut foam for furniture design
circles,provide light,ensure safety,offer insulation,enhance design,,,glass paver for flooring and terraces
circuglue light medium heavy,apply glue,detach glued products,reuse products,adhere strongly,,,detachable adhesive for product assembly
circular ceramics,reduce harm,preserve resources,engineer glaze,design durability,,,handmade tableware for hospitality
circular collection shadows of light,create novel materials,recycle porcelain,upscale possibilities,,,,sustainable translucent porcelain artifacts
circular concrete cityscapes,upgrade tile,create shape,provide drainage,enable anti slip,,,outdoor garden and street paving tiles
circular modular carpets,reduce waste,create unique designs,absorb sound,provide acoustic solutions,,,modular carpet tiles for interior spaces
circular terrazzo,transform waste,integrate glaze,create tiles,forge value,,,handmade flooring tiles
circulation hive,provide comfort surface,create sculptural simplicity,offer acoustic absorption,,,,custom sized decorative rug
cirt piedra,create wall,provide robustness,form stairway,design bathroom,enhance living room,,natural stone wall panels
classic panels classic light,combine noun,resist noun,provide noun,suit noun,,,lightweight decorative wall panels
classic panels classic stone,provide aesthetic appeal,ensure water sealing,resist weather influences,offer thermal insulation,reduce weight,,exterior wall cladding system
classico,combine appearance,achieve insulation,bear resemblance,,,,glazing for monumental buildings
clay plaster,balance humidity,absorb moisture,release moisture,create healthy environment,provide durable finish,,interior wall finish
claylime natural plasters,provide non toxic coating,create decorative finish,apply in layers,,,,bi component plaster for interior walls
claytec,regulate temperature,regulate humidity,provide acoustic insulation,offer thermal mass,allow reworking,,non loadbearing wall infill for timber frame construction
claything,assemble noun,transform verb,create verb,weave verb,filter noun,,3d objects made from woven ceramic fabric
cleaf,provide structure,finish surface,create texture,,,,interior decor panel with textured finish
clean air city ceramics bronze glaze,reduce particulate matter,reuse accumulated waste,support monolithic quality,,,,custom tiles for sustainable vacation homes
clean air city ceramics waste glazes,improve air quality,reduce particulate matter,reuse residual waste,,,,architectural glazes for air purification
clean air city ceramics,capture particulate matter,eliminate health risks,reflect light,absorb light,offer textures,provide layering,architectural tiles for building façades
clear pep and air board,combine lightness,ensure durability,provide rigidity,offer optical features,,,translucent honeycomb panels for interior partitions
clearsorber,absorbent panel,transparent structure,micro perforate technology,,,,transparent acoustic panel for conference rooms
cleartint,enhance aesthetics,mask haze,maintain clarity,,,,transparent food storage containers
climacustic,absorb sound,control temperature,circulate fluid,,,,radiant heating and cooling panel system
climalife,neutralise harmful particles,turn into non toxic substances,self cleaning surface,,,,air purifying concrete roof tiles
climaplus solar control,reduce solar heat gain,vary light transmittance,provide low emissivity,,,,solar control double glazed units
climatex dualcycle,maximize comfort,absorb moisture,buffer moisture,evaporate moisture,provide breathability,enable recycling,office furniture upholstery
climatex lifecycle,soak up moisture,dissipate moisture,convert waste material,,,,biodegradable upholstery fabric
climatex lifeguardfr,provide flame resistance,improve ecology,ensure breathability,control moisture,enhance comfort,,upholstery for transportation seating
cloud softlight,provide light,absorb sound,create enclosure,resist tear,resist uv,be recyclable,luminous pendant light fixture
cloudwool,support novel forms,manufacture sustainable textiles,craft low energy processes,,,,non woven textile for fashion
cloudy,provide aesthetic roofing,resist time ageing,compete with ceramic tile,,,,aesthetic roofing tiles for buildings
club,create novel designs,provide glossy finish,enhance visual appeal,,,,decorative interior wallpaper
coarse concrete,resist water,resist dirt,reinforce fibreglass,provide texture,,,facade cladding and floor covering
coated aluminium,reflective finish,durable coating,aesthetic enhancement,,,,exterior facade panels
coated linen slub,coated fabric,provides weather resistance,offers uv protection,,,,outdoor upholstery for furniture
cobaltex,reduce interference,provide shielding,offer flexibility,,,,radiofrequency shielding fabric for electronic devices
cocoa marmoleum,provide structure,sustain eco quality,create texture,,,,sustainable flooring solution
cocoa,recycle waste,remould material,repel water,reduce energy consumption,,,reusable packaging set for self care products
cocoboard,provide moisture resistance,offer termite resistance,reduce formaldehyde emissions,,,,bio based interior paneling
kokoboard,provide insulation,control heat,control sound,,,,heat and sound controlled room panels
cocoform,offer formability,provide dimensional stability,enable heat forming,,,,molded packaging components
coconut mosaic panels,provide wall coverings,create 3d effect,offer warm look,enable easy installation,,,eco friendly wall covering panels
coconut tiles,resist decomposition,provide mechanical resistance,create homogeneous texture,,,,interior wall cladding tiles
cocoon mesh,flame resistant,cut to size,medium weight,,,,flame resistant interior wall covering
cocoon,wrap noun,cover noun,protect noun,regain noun,,,decorative luminaire shade
cocoontec,repel oil,avoid soiling,provide comfort,,,,oil repellent silk ties
cocos insulation,provide acoustic damping,offer levelling effect,exhibit resilience,demonstrate durability,,,floating floor insulation layer
cod leather,create texture,provide durability,allow dyeing,offer flexibility,,,fashion accessories like bags and wallets
arabica black food safe,create non toxic sheets,produce injection moulded objects,provide scented material,,,,flexible coffee scented sheet material
coffee composite 1,create 3d shapes,hold form,craft toys,,,,biodegradable toys and objects
coffee composite 2,create naturally durable sheets,press into moulds,dry using dehydrator,shape using cookie cutters,,,playful artistic objects for workshops
coffee panels,reuse material,enhance properties,biodegrade material,,,,biodegradable furniture panels
coffee polymer,reduce waste,provide strength,enable recyclability,support biodegradability,,,biodegradable planters and golf tees
coffee tile,reduce carbon footprint,mimic ceramic tile,provide luxurious effect,enable recycling,,,bathroom and kitchen wall tiles
coffee to burn pellets,reduce waste,increase caloric value,decrease co2 emissions,,,,high efficiency pellet stove fuel
coffeefrom bio,biodegradable material,injection moulding,3d printing,,,,biodegradable tableware products
coffeefrom eco,enhance translucency,provide flexibility,enable injection molding,,,,translucent packaging containers
coffeefrom strong,enhance colour,provide rigidity,improve mechanical properties,,,,injection moulded components with dark grainy finish
coffire,mimic textures,enhance aesthetic,reduce waste,ensure safety,,,porcelain surface finishing technique
colback,form non woven,consolidate web,combine yarns,provide flexibility,,,primary backing for tufted carpets
coldblack,reflect ir rays,absorb heat,retain black color,,,,heat reflective clothing for outdoor activities
coldharbour fishing net tiles,repurpose noun,capture noun,design noun,,,,eco friendly wall tiles
collagen peptide fabric,natural deodorizing,sensitive skin friendly,thermoregulation,anti uv,,,bedding and clothing fabrics
collection akoestiek,create acoustic panels,improve quality of life,provide sound absorbing effect,,,,acoustic wall panels for interior design
colorblast solar panels,customisable noun,design noun,hardened noun,,,,custom coloured solar panel façade
colorcore compact by formica group,provide homogenous colour,enable creative possibilities,allow engraving features,,,,interior design elements with engraved surfaces
colorcore by formica group,enhance noun,offer noun,provide noun,,,,reception desk with inlay effects
colored rigidized textures,protect noun,show noun,create noun,,,,textured metal sheet products
colour anodized titanium,provide electric isolation,offer biocompatibility,create colored appearance,,,,color anodized titanium implants
colour changing glass,filter light,create interference,laminate surface,,,,architectural lighting panels
colour changing materials,change colour,trigger effect,incorporate shapes,,,,colour changing spoons for children
colour line,provide protective seal,enhance visual appeal,maintain real wood feel,,,,interior flooring planks
colour panels,combine numerous techniques,create colorful surfaces,enhance interior aesthetics,,,,colorful interior wall panels
coloured solar panels,generate energy,integrate aesthetics,harmonise with façades,,,,energy generating building façade
combisol,block solar thermal energy,reduce glare,allow diffuse daylight,reflect sunlight,transmit diffuse light,,daylight management system for buildings
comfortemp,absorb heat,release heat,react temperature,improve cold protection,,,temperature regulating textile for clothing
common sands forite,integrate glass,recycle waste,celebrate variability,cover surfaces,partition elements,,architectural glass tiles
compacmel plus,offer solutions,provide resistance,support applications,,,,kitchen worktops and bathroom facilities
compact tile,reduce porosity,provide hardness,allow precise dimensioning,enable monolithic structure,,,floor tiles for heavy use
compensatiesteen,absorb co2,create construction material,cut blocks,equip profile,,,non supporting wall blocks
completely 100 recylced polydrop,manufacture sheets,process normal,utilize post industrial waste,,,,decorative product solutions
complite,reinforce wood,harden wood cells,process like wood,,,,high strength furniture
compodeen,provide strength,resist weather,enable recyclability,,,,weather resistant outdoor furniture
compose handwoven textile,combine noun,design verb,translate verb,,,,exclusive rugs or wall hangings
composite stone,prevent thermal bridges,resist frost,resist alkalis,avoid dirt breeding ground,provide natural appearance,,outdoor paving stones
compostboard,energize organisms,keep minerals,create hummus,,,,interior sheet material for living spaces
con cover,provide surface solution,combine properties,produce products,mold parts,cover surfaces,,floor covering for living and office areas
con pearl,provide strength,offer durability,resist corrosion,allow lightweight design,enable weather resistance,,interior panels for vehicles
conbou bamboo,reduce waste,utilize resource,create structure,maximize surface,distribute forces,,self supporting lightweight elements for outdoor use
concept wood,provide nature,suggest wellbeing,create harmony,,,,interior wall paneling
concreate,improve quality,bond layers,stay mould free,provide flexibility,resist weather,resist fire,weather and fire proof building panels
concrete cloth,harden noun,form noun,water proof noun,fire proof noun,provide noun,,building cladding and roofing systems
concrete crochet tiles,create tile,capture pattern,provide durability,offer aesthetic,,,decorative floor and wall tiles
concrete curtain,serve sunscreen,serve windscreen,serve privacy screen,act facade element,act heat accumulating room partition,,flexible outdoor privacy screen
concrete glass,provide strength,create shiny surface,offer durability,resist weathering,,,building façade cladding
concrete lace,cast tile,create divider,provide decor,resist weather,,,decorative wall coverings for public buildings
concrete silicone,fuse materials,create contrast,enhance warmth,provide translucence,offer organic look,,light fixture with contrasting materials
concrete skin vintage,reflect nature,restore surface,clad facade,,,,façade cladding panels
concrete skin,create furniture,provide texture,simulate skin,,,,outdoor seating structures
concrete wallpaper,transform space,hide damages,,,,,interior wall covering
conductive stretch fabric,conductive noun,antibacterial noun,stretchy noun,,,,antibacterial wound dressing
conductive tape,connect led s,allow elasticity,adapt width,,,,electrical connection tape for led installations
connection safety glass,prevent shattering,improve noise resistance,incorporate images,add depth,,,decorative safety glass panels
connection walls,create environment,provide recyclability,enable setup,facilitate dismantling,,,reusable wall panels for events
conscience fabrics,integrate designs,offer solutions,create projects,combine quality,ensure sustainability,,sustainable interior textiles for residential spaces
constructive glass,constructive material,transparent division,,,,,glass house structure
contemporary textiles,create wall panels,provide acoustic insulation,serve as room dividers,,,,acoustic wall panels for public spaces
contender woven sailcloth,provide strength,offer uv resistance,enable dense weaving,optimize handling,enhance performance,,racing sail for dinghies
contra h,flame retardant material,textural surface,paintable substrate,,,,theatrical backdrop fabric
contract base,reduce odour,lower flammability,minimize voc emissions,,,,commercial carpet backing for high traffic areas
contur,deliver warmth,provide flexibility,enable recyclability,,,,outerwear and gloves
conturax,provide thermal resistance,offer geometric accuracy,ensure surface quality,allow custom shapes,,,laboratory glass tubing with custom angles
coolcork,transform noun,create noun,develop noun,,,,durable upholstery and acoustic panels
cooley brite lite,provide flexibility,enable eradicability,resist uv,withstand weather,,,signage and awning materials
coolguardtm hr,handle petrochemicals,provide flexibility,create complex details,offer uv resistance,ensure puncture resistance,,geomembrane liner for lagoons and ponds
cooljeans,repurpose noun,develop solution,spray coating,upholster furniture,refurbish product,acoustic solution,upholstered acoustic panels
coolleather,spray coating,refurbish furniture,reduce co2 footprint,enhance acoustics,,,upholstery for furniture and acoustic panels
cooltrax,prevent heat accumulation,create light and shadow fields,withstand high wind loads,reduce rain noise,protect window material,,outdoor shading system for windows
copper and brass wire mesh,filter particles,weave mesh,resist corrosion,support structures,,,wire mesh screens for filtration systems
copper moss,conduct electricity,form structures,,,,,decorative wall art with moss like patterns
copper slag geopolymer,reduce co2 footprint,provide thermal resistance,offer high durability,ensure corrosion resistance,enable partial recyclability,,geopolymer concrete for construction
copper tiles collection,create covering,provide aesthetic,laminate between glass,,,,mosaic wall panels for interior design
copperant paint,reduce co2,provide protection,dry quickly,cover surfaces,,,biobased wall paint for interior use
coppo,allow light,blend in,improve adherence,obtain non slip effect,,,transparent curved roof tiles
corafoam,replace wood,create shapes,resist moisture,resist mould,resist deterioration,,signage and model carving material
coral magic oak,create surface appearance,provide easy installation,offer vivid appearance,,,,engineered wood flooring
cordura combat wool,manage odours,provide breathability,offer waterproofing,allow stretch,,,outdoor performance clothing
cordura nyco fabric,provide abrasion resistance,offer comfort,ensure durability,meet flame retardant standards,provide anti static protection,,military uniforms and workwear
corduroy,blend fabric,provide texture,offer durability,,,,upholstered furniture
coremat,prevent resin up take,increase stiffness,save weight,build thickness,,,lightweight laminate core material
corian nuwood,mimic natural wood,create seamless appearance,withstand daily use,easily refinished,,,kitchen countertops with wood aesthetic
corian onyx,create surface,withstand daily use,allow easy cleaning,enable seamless appearance,refinish original appearance,,kitchen countertops with seamless design
corian resilience technology,enable damage forgiveness,facilitate stain removal,reduce maintenance needs,lessen physical damage,,,kitchen countertops with enhanced durability
corium bonded leather,provide elasticity,offer resistance,allow malleability,enable natural appearance,,,book covers and bags
cork fabric,provide cushioning,offer insulation,create textures,allow for flexibility,,,upholstered furniture covering
cork green roof,provide drainage,offer insulation,,,,,biobased green roof system
cork leather,provide durability,offer flexibility,ensure water repellency,reduce acoustic noise,allow customization,,handmade custom bags
cork plaster,prevent water infiltration,form waterproof layer,provide insulation,resist scratches,allow moisture escape,,decorative and protective wall coating
cpcs cork polymer compounds,reduce co2 footprint,improve thermal properties,improve acoustic properties,enhance grip performance,,,engineered flooring
cork rugs,provide cushioning,offer insulation,enhance aesthetics,reduce noise,,,hand woven decorative area rugs
cork spray paint,protect nonstructive elements,improve thermal insulation,improve acoustic insulation,apply coating,,,waterproof membrane for building surfaces
cork textile surfaces,insulating acoustic,insulating thermal,covering wall,,,,interior wall coverings and panels
cork,insulate temperature,insulate acoustics,resist fire,resist insects,serve tack boards,,decorative wall covering for offices
corkleaf corkskin,imitate leather,transform product,provide flexibility,offer resistance,,,flexible upholstery for furniture
corkonlinen,combine durability,offer sustainability,provide flexibility,,,,sustainable fashion accessories
corktex,prevent bacteria,prevent fungi,provide soundproofing,offer thermal comfort,resist abrasion,,floor and wall lining material
cornspan,manufacture panel,provide insulation,absorb moisture,,,,sound and thermal insulation panels for construction
cornwall,store co2,create strong bonds,provide wall finishing,,,,biodegradable wall tiles
corques,create naturallooking floor,install seamlessly,set durable surface,,,,seamless resilient flooring solution
corten ceramic tile,simulate steel appearance,resist corrosion,provide aesthetic finish,,,,interior and exterior wall and floor tiles
cotton plaster,cover walls,absorb sound,insulate heat,,,,seamless wall covering
cottone superbo conchiglia,transform nacreous decor,combine high transparent glass,produce decorative sheets,cut colour block,slice veneer,,decorative panels with unique designs
cottone superbo imperatore,transform nature,produce sheet,combine design,,,,decorative glass panels
cottonfloor,seal noun,insulate heat,absorb vibration,insulate noise,,,custom designed flooring solution
cottonmix ae panel,provide sound insulation,create seamless acoustic ceiling,allow easy repair,,,,hanging acoustic ceiling panels
cottonmix,provide heat insulation,provide noise insulation,regulate air humidity,be non toxic,be anti static,,wall and ceiling finishes in multi storey buildings
cowpot,biodegrade pot,nourish plants,mould pot,,,,biodegradable flower pots for gardening
cpc cork polymer composite,provide insulation,offer durability,serve as wall covering,act as floor covering,,,insulated wall and floor covering panels
crafted felt,provide acoustic insulation,customize size,customize shape,customize colour,,,acoustic panels for sound absorption
crea lite,enable personalisation,create relief,add colour,,,,decorative transparent façade with historical images
creacrete,create object,achieve surface,reduce cost,reduce energy,,,thin walled decorative objects
creamelt pla hi,print noun,build noun,adhere noun,resist noun,,,high precision 3d printed objects
creamelt rpet fifty,design noun,print noun,absorb noun,maximize noun,,,durable interior design objects
creamelt tpu r filament,print flexible objects,offer sustainable alternative,,,,,3d printed flexible objects from recycled materials
creative copper,shape effortlessly,complement glass,provide durability,enable recycling,offer elegance,,roofing systems with fewer seams
criaterra wall tiles,replace building products,produce masonry blocks,create constructive elements,allow mass production,provide interior products,,low carbon wall tiles
crinson wall tiles,provide aesthetic wall covering,resist fading and degradation,suit interior and exterior use,enable custom designs,,,decorative wall tiles for kitchens and bathrooms
crispy,transform non recyclable packaging,salvage difficult to recycle plastic,demonstrate potential for recycling,,,,serving bowls for snacks
cristalite,stop germs,resist cuts,resist bumps,integrate silver ions,,,kitchen sink with hygienic surface
cristallino,mixing granules,grinding grit,colouring binder,,,,floor and countertop tiles
cristallite,cut noun,saw noun,mill noun,resilient adjective,scratch resistant adjective,,kitchen countertops and sinks
crush paper,reduce landfill,replace virgin pulp,offer distinctive appearance,provide eco friendly option,,,wine label
crustic,form non toxic plastic,promote sustainable material,provide biocompatibility,,,,biocompatible plastic for sustainable products
cruz foam,replace nonbiodegradable foam,provide cushioning,offer thermal insulation,ensure vibration dampening,,,compostable shipping foam for cold chain goods
crylon,provide clarity,offer resistance,render colour,allow transparency,,,large format acrylic glass sheets
crylux,provide transparency,offer durability,resist uv radiation,enable easy processing,enhance visual communication,,corporate signage and display systems
crystal fabric,cover noun,refine verb,apply verb,,,,heat pressed textile embellishments
crystal inlay,enhance aesthetic,create inlay,combine with resin,,,,luxury interior paneling
crystal mesh metal trimmings,integrate crystals,apply heat,glue sew,fix in net,,,decorative textile accessories
crystal rocks,create design element,apply coating,activate hotmelt,embed chatons,glue cavities,,decorative crystal embellishments for fashion accessories
cullus molto,absorb sound,form 3d objects,meet acoustic needs,clean washable,,,hanging acoustic panels
cumbrian bone marble,create minerals,manufacture materials,produce rocks,,,,human made mineral collection for crafts
curious,create printing surfaces,provide textures,enable colour printing,,,,packaging for food products
curv,combine properties,capture properties,produce parts,enable thermoforming,,,lightweight automotive components
curvcor,create structural curves,offer excellent pliability,provide moisture barrier,,,,curved architectural panels
curved panels,shield windows,reduce solar heat gain,optimize day lighting,clad surfaces,divide spaces,,curved architectural mesh systems
custom shaped stainless steel,customize component,define finish,produce pattern,create design effect,fabricate panel,,customized decorative metal panels
3d printed customised composites,create products,optimise properties,integrate functions,,,,lightweight structural components for aerospace
customised wallpaper collection,provide wall covering,print designs,resist weather,,,,outdoor wall coverings
customize,create bespoke materials,integrate storytelling,combine functionality,provide perfect fit,,,customized wallcovering for interior design
cutting edge,recycle material,create textile,secure edges,generate colours,provide upholstery,,textile mat for seat cover
cyalith,produce materials,avoid firing,reduce carbon footprint,create decorative tiles,,,decorative ceramic tile alternatives
cyclin,reduce reverberation times,prevent noise entry,contribute energy efficiency,participate carbon sequestration,,,acoustic insulation panels for indoor environments
d carb white cement,reduce co2 emissions,maintain early strength,deliver rheological properties,ensure smooth finishes,,,self compacting concrete mix
d ko expanded metal,provide structure,enhance durability,allow customization,,,,custom metal panels for building finishing
d sign weave,weaving technique,custom made,strong panels,,,,stainless steel finishing panels in buildings
d2w,make biodegradable,address plastic waste,fall into pieces,be bioassimilated,,,biodegradable shopping bags
d3o mesh,absorb impact,provide flexibility,enhance breathability,,,,protective sports padding
dacryl,provide transparency,offer shock resistance,resist water,resist chemicals,,,transparent safety glazing panels
daemwool natural wool insulation,insulate rooms,protect against overheating,neutralise harmful gasses,provide acoustic insulation,resist fire,,roof and ceiling insulation
dalsouple,offer design flexibility,provide colour variety,enable customisation,support interlocking installation,,,interlocking floor tiles for indoor spaces
daylight panels,block view,let daylight pass,,,,,rear wall panels for retail spaces
déchirer,provide flooring,create wall covering,offer decorative patterns,,,,large format hexagonal wall tiles
decafé,create composite material,provide aroma,resist heat,enhance design,,,decorative lamp resembling a coffee cup
decalised glass,decorate object,insert pigments,enhance durability,facilitate cleaning,,,decorative glass panels for interiors
decallisation,apply coating,protect layer,decorate surface,resist scratch,resist uv,,decorative coatings for metal and ceramics
decking solutions,provide structural support,resist weather damage,offer aesthetic finish,,,,outdoor decking for boats
decnord luxpanels,preserve aesthetic,support sustainability,provide durability,,,,modern wall paneling
deco s,resist red wine,resist acid,provide good mechanical characteristics,provide good chemical characteristics,allow easy working,,high gloss polished surfaces for countertops
deco wired glass,reinforce glass,hold fragments,produce textures,,,,decorative partitions
decolegno hpl specials,create furniture,inspire interior design,translate decors,apply flooring,,,bespoke furniture and interior concepts
decoproyec spray cork,protect noun,finish noun,resist noun,combine noun,,,elastic surface protection for walls and roofs
decoral process,coat metal,transfer inks,print patterns,provide properties,,,decorative metal finishes
decorandum,provide structural support,bond with other materials,offer surface finishing,enable lightweight design,,,kitchen cabinetry and fixtures
decorated metal mesh,reflect light,solder decorations,stretch tension,,,,decorative room divider
decorex,adapted noun,deforming noun,stamping noun,decorative noun,corrosion noun,,body of mobile phones and kitchen appliances
decorflou,transmit light,diffuse light,resist marking,resist abrasion,,,partitions for defining separate environments
decorgem,coat surface,partition segment,process material,decorate interior,,,enamelled glass sheets for interior design
decoro,enhance decorative elements,chrome tan leather,aniline dye leather,,,,decorative elements for custom designs
deep 3d wallpaper,engage eye,fray boundary,create dimension,,,,3d decorative wall covering
defense,weaving nonserial,processing custom,finishing stainless,,,,custom stainless steel panels for building facades
dega art,create surface,resist wear,resist traffic,provide aesthetic,,,seamless flooring for commercial spaces
dekolux fossil,create light,design atmosphere,,,,,backlit decorative panels
dekolux,reflect light,produce luminous effects,allow back illumination,,,,decorative wall panels with backlighting
dekopix,embed print,provide scratch resistance,ensure moisture impermeability,,,,custom printed laminate surface
dekovario,combine noun,produce noun,,,,,surface structure variations for interior design
demidekk ultimate helmatt,accentuates wood structure,fast drying coating,waterborne stain,elastic coating,,,wood rich façade elements
demidekk ultimate täckfärg,protect noun,accentuate noun,durable noun,maintain noun,,,outdoor wood façade coating
dendrolight building block bb,replace construction materials,provide heat isolation,provide sound isolation,support structural wall,support floor panel,support ceiling panel,structural wall and floor panel
dendrolight core material,ensure strength,achieve stability,allow processing,,,,lightweight structural panels
dendrolight table tops,reinforce noun,increase bending strength,create form,mount mechanisms,damp vibration,,lightweight table tops with free spans
denimx material collection,combine materials,offer sustainability,provide aesthetics,,,,interior design elements
denimx,create non waste products,upgrade textile waste,combine recycled materials,meet aesthetic requirements,optimize material properties,,furniture and lighting products
denuo,repurpose waste,create lighting fixtures,produce warm light,support sustainability,,,lighting fixtures made from waste materials
derbipure,reflective coating,passive cooling,pollution prevention,water recycling,,,roofing membrane for buildings
derbisolar,generate electricity,provide waterproofing,ensure adhesion,integrate discreetly,,,watertight roof lining with integrated photovoltaic cells
dermofresh fr,manage moisture,enhance comfort,provide breathability,offer waterproofing,ensure non toxicity,,protective covering for beds
desardi classic non woven,preventing bacteria,providing antimicrobial protection,integrating in decoration,,,,hygienic wallcovering for hospitals
design aero,provide protection,reduce noise,conceal utilities,enable easy fitting,,,suspended ceiling system for buildings
design coconut tiles,provide resistance to decomposing,offer insect attack protection,create unique design appearance,,,,decorative wall tiles with metallic finish
design concrete,provide colour,resist abrasion,resist staining,apply seamlessly,tailor finish,,waterproof flooring for kitchens and bathrooms
design induction hobs,minimize environmental impact,provide clean energy cooking,inspire kitchen design,,,,induction cooking hob with extraction system
design panel,provide sun protection,provide wind protection,act as separation wall,,,,sun and wind protection fence
design sheets,enable precise shaping,increase stiffness,allow custom designs,,,,lightweight structural sheets for building
desserto cactus leather,provide durability,offer flexibility,ensure sustainability,reduce environmental impact,,,vegan leather handbags
dexter,provide privacy,block light,enhance decor,,,,curtain for windows
dg lux plus,reinforce slab,reduce weight,enable handling,provide strength,,,kitchen countertops and tabletops
diamond board,provide fire resistance,offer sound insulation,enhance moisture resistance,ensure robustness,allow easy cutting,,moisture resistant drywall for wet areas
diamond polished concrete,mechanical polishing,high gloss finishing,durable surface,,,,industrial and public building flooring
dibond,provide rigidity,offer strength,enable easy processing,ensure durability,,,signage and exhibition displays
dichrolam,diffract light,reflect color,simulate water waves,,,,color changing table tiles
diggels,recycle nonrenewable,process new products,return demolished materials,,,,kitchen worktop
digital dawn,emulate photosynthesis,monitor light levels,trigger growth,illuminate blind,,,reactive window blind
digitalprint serie metalli,reflective surface,flame retardant properties,moisture resistant coating,,,,interior decorative wall panels
dinamica classica,breathable fabric,washable fabric,wrinkle resistant fabric,,,,upholstery for furniture
dinxperlo,filter nonmetallic particles,screen doors and windows,weave custom panels,weld fabricated items,,,woven mesh for water treatment
dipline,hold lamps,match requirements,go back,tested connectors,,,interior lighting panels
direx,print brilliant,print sharp,coat laminated,,,,laminated printed panel for interior use
discarded firehose,withstand tensile forces,resist water,resist uv radiation,resist chemicals,,,woven wall coverings
discarded tampon fabric,recycling yarn,spinning fabric,weaving textile,,,,curtains and linings
dispa,provide flatness,offer rigidity,enable printing,support die cutting,facilitate processing,,indoor promotion display boards
dissolvo,dissolve water,print on,coat with,laminate with,emboss with,,water soluble pressure sensitive labels
ditra 25,act as substrate,provide load distribution,serve as water barrier,allow easy removal,,,underlayment for problematic flooring substrates
dofine stucco,reduce noise,provide acoustic effect,create abstract structures,apply colourful finishes,,,acoustic wall panels with integrated speakers
doluflex,provide stiffness,reduce weight,allow bending,enable shaping,,,lightweight sandwich panel for structural components
domino,provide flooring,resist humidity,offer durability,,,,heat treated wood flooring for commercial spaces
domsteen brick,prevent demolition waste,reuse building materials,provide aesthetic properties,ensure long life,,,sustainable building construction
dorsum,customize embossments,apply lacquers,create patterns,,,,custom embossed furniture surfaces
doschawol,eliminate gases,act as barrier,require energy,,,,flame resistant insulation material
dot concrete,transmit light,provide privacy,create unique patterns,,,,translucent separation wall
dot show,linkage bowls,integrate hooks,create lamp,design room divider,,,modular lighting system with bowls
double face,provide transparency,enable flexibility,allow 3d deformation,,,,transparent decorative curtains
double vision composition,transmit light,resist uv radiation,withstand mechanical loads,remain waterproof,provide scratch resistance,,high end kitchen and bathroom furniture
drapilux air,neutralise pollutants,purify air,reduce allergens,break down odours,produce catalytic reaction,,flame retardant wall coverings
drapilux bioaktiv,reduce pathogen growth,provide antimicrobial protection,enhance room hygiene,prevent allergies,reduce odours,,hospital decorative textiles
dream bonding technology,decorate garments,cover seams,customize trimmings,create labels,enhance performance,,decorative adhesive tape for garments
dreamfield,protect nutrients,release fragrance,contain substances,prevent oxidation,extend lifespan,,fragrance releasing textile
dreamglass,change state,reduce luminosity,block uv rays,allow light,,,smart window for privacy control
dreamshape,shape body,compress zone,cut easily,fray resist,,,compression sportswear
dredged sediment concrete,reduce co2 emissions,create circular concrete,utilize waste stream,,,,water passing tiles
dreendesign collection,enhance character,create patterns,stimulate observation,add dimension,,,architectural paving slabs and floor plates
drenth metal weaving,filter nonmetallic particles,transport industrial products,weave fabrics,,,,industrial filtration and transport mesh
drenth plastic weaving,weave cloth,filter material,transport product,,,,industrial filtration fabric
dripping,create texture,provide visual effect,,,,,decorative wall tiles with relief patterns
drop papers,marking indoor,printing inkjet,,,,,fire resistant indoor signage
drop stich fabrics,produce fabrics,keep layers apart,protect clothing,resist fire,resist abrasion,,inflatable docks and boats
droplet,cast designs,hand carved customize,install art,,,,custom wall surfaces with artistic designs
droptec,absorb shock,provide drainage,,,,,lightweight shock absorbent mats for landscaping
drt special items,create seamless floors,provide anti slip,enhance aesthetic appearance,offer high chemical resistance,enable compatibility with floor heating,,design flooring for public buildings
bio thermoplastic elastomer,provide flexibility,offer tensile strength,enable injection moulding,allow extrusion,ensure recyclability,,sustainable packaging solutions
drystack brick system,enable assembly,facilitate reuse,reduce waste,allow disassembly,,,modular brick construction system
dual stencil process,improve grip,provide lightweight,offer flexibility,enhance traction,prevent abrasion,,athletic shoe sole
ductal,flex ductility,withstand bending,resist abrasion,provide durability,self heal sealing,,thin architectural facades
duflex lightweight panels,increase strength,reduce preparation,ensure stability,,,,lightweight structural panels for aerospace
duotec,fastening system,attaching panels,repositioning material,distributing forces,,,fastening façade panels to buildings
duotone coloured glass,mixing colours,coating finishes,creating combinations,allowing designers,,,decorative glass panels for interior design
duplicor biobased composite,save weight,build circularly,recycle material,provide fire safety,insulate effectively,,lightweight sandwich panels for building construction
durabella palladiana,recycle flooring,combine design,create bespoke,,,,regenerative terrazzo flooring
durabella seamless terrazzo,provide floor,enhance aesthetics,resist cracking,allow seamless installation,,,entranceway flooring solution
durabella x aectual,create floor,offer customizable designs,integrate storytelling,add bespoke branding,shape special places,,3d printed seamless terrazzo flooring system
durabook,withstand water,resist stains,enhance printing,create smoothness,provide strength,,tear resistant printed documents
duralmond,provide aesthetic characteristics,offer water repellent properties,resist insects,deliver thermal insulation,provide acoustic insulation,ensure fire resistance,biodegradable furniture components
duramique mineral flooring,absorb co2,provide warmth,resist wear,create seamlessness,reduce shrinkage,eliminate cracking,seamless flooring for industrial spaces
durapor duraseal,provide decorative surface,resist solvents,resist scratches,enable digital printing,,,decorative printed panels for interior and exterior use
durapulp,provide strength,impart dimensional stability,enhance folding resistance,reduce water absorption,,,thermo pressed structural components
durapur,provide non slip surface,offer high mechanical strength,ensure wear resistance,deliver thermal insulation,resist chemical damage,,self leveling flooring for hospitals
duraskin,provide protection,offer sealing,enable flexibility,resist weather,,,flexible tensile fabric structures
durasteel,provide fire resistance,resist moisture,withstand impact,enable flexible installation,prevent flame spread,,fire resistant building facade panels
durastone flexible polished floors,create floor,apply seamlessly,resist wear,provide durability,,,seamless floor finish for public buildings
durat palace,provide tactile surface,create color combinations,enable easy fabrication,,,,kitchen worktops and table tops
durat,reduce waste,create illusion,provide sustainability,ensure food safety,offer easy maintenance,,kitchen worktops and sanitary counters
duro loam plaster,provide thinner layer,apply quickly,combine with heating systems,,,,interior wall finish with heating integration
durodeen,replace wood,combine wood,treat with tools,sand down surface,,,furniture components
durogrit,provide naturallook,offer uvresistance,increase wearresistance,make water repellent,,,outdoor wood oil for terraces and garden furniture
duropal hpl,provide durability,resist abrasion,withstand chemicals,offer impact resistance,,,kitchen worktop for wet areas
duropal,provide surface material,create tactile effect,offer optical depth,,,,shelves and furniture surfaces
dutch merino,process noun,produce noun,reuse noun,knit noun,,,sustainable garment production
dutch mohair,process wool,produce garment,reuse wool,knit fabric,,,sustainable knitted garment
dutch patine,provide durability,offer aesthetic appeal,ensure breathability,,,,high end upholstery for furniture
dutch wool,provide warmth,offer acoustic insulation,enable sustainable production,,,,locally produced garment
dyed polyester fancy hairy,weaving fabric,knitting fabric,dyeing fabric,finishing fabric,,,textile for fashion apparel
dyed polyester sheer lace,provide translucence,create texture,offer lightweight,ensure durability,,,decorative window treatments
dynamicwall,transfer image,resist uv,resist weather,,,,advertising display panels
e glas,emit heat,prevent condensation,melt snow,provide comfort,,,heated glass partition walls
eastar copolyester 6763,provide clarity,offer toughness,enable easy processing,resist chemicals,,,bottles for soaps and detergents
easy being green,produce leather,tanning vegetable,utilize safe materials,return water,,,natural leather upholstery for furniture
ebablock,resist wear,resist shock,reduce waste,shorten milling times,cast custom shapes,,jointless blocks for industrial use
ebb,transport water,guide water,,,,,water management tiles for gardens
ecc,resist cracking,reduce weight,enhance flexibility,allow sliding,,,lightweight structural elements for buildings
ecdel,resist chemicals,provide strength,maintain clarity,allow extrusion,enable reusability,,high strength pharmaceutical packaging
echopanel,reduce waste,provide acoustic insulation,serve finished design surface,,,,floor to ceiling wall installations
eci ceramic coating,reflect solar light,prevent heat conduction,stop deterioration,resist weather,save energy,,solar reflective roof coating
eco brick,reduce nonliving space,increase insulation thickness,serve finishing layer,,,,exterior wall insulation system
eco c1,absorb sound,insulate thermally,resist weather,resist ozone,,,soundproofing panels for walls and ceilings
eco cem,provide strength,offer durability,support aesthetics,,,,eco friendly flooring tiles
eco green,provide slip resistance,offer weather resistance,create soft walking effect,,,,playground safety tiles
eco gres,absorb light,install easily,maintain sustainably,,,,indoor and outdoor flooring and wall coverings
eco hpl,reduce co2 emissions,protect climate,provide recyclability,,,,laminated board for interior surfaces
eco range,create imagery,respond directly,illustrate bespoke patterns,reflect surrounding environment,form tiles,,eco friendly decorative tiles
eco series wall panels,resistant water,resistant mold,resistant insects,self sustaining renewable,non toxic finish,,interior wall and ceiling finishes
feutralin,absorb sound,decrease impact,,,,,sound absorbing flooring system
eco terr,maintain air quality,support mold free environment,provide durable finish,allow easy cleaning,,,eco friendly terrazzo flooring
eco x extreme concrete,reinforce strength,mix color match,create custom color,,,,decorative concrete surfaces
eco,substitute natural stone,provide durability,offer environmental friendliness,,,,kitchen countertops and bathroom vanities
ecoben,bonded panel,laminated surface,cuttable material,aesthetic appeal,,,partition walls and table tops
ecoboard,reduce toxins,emission free production,store co2,,,,furniture panels for indoor and outdoor use
ecobrass,allow forming,improve corrosion resistance,provide strength,enable machining,,,miniaturized structural components
ecohab,provide insulation,control strength,achieve soundproofing,withstand high temperatures,,,lightweight sandwich panels for drywall construction
ecolan recycled solid surface,bonding mineral filler,resisting chemicals,maintaining ease,providing non porosity,ensuring food safety,,recycled solid surface countertop
ecoline brick slips,reduce environmental impact,enable material savings,provide dimension stability,ensure consistent shape,integrate prefabricated systems,,façade elements for building exteriors
ecologia fluido,reduce co2 emissions,provide high gloss finish,offer excellent ink adhesion,enable die cutting,allow thermoforming,,translucent packaging materials
ecologia marmo,reduce carbon footprint,hold ink,transform into sheet form,provide energy efficiency,,,recycled signage and displays
ecologia transeco,reduce emissions,offer ink adhesion,provide thermoforming properties,enable die cutting,,,recycled packaging materials
ecolution recycled nylon fabric,save water,provide durability,resist uv,offer breathability,,,water resistant outdoor jackets
econcore 100 bio based,provide non toxic material,reduce greenhouse gas emissions,enable biodegradable disposal,,,,honeycomb sandwich panel for building
econcore honeycomb,reduce panel weight,laminate skins,provide compression strength,,,,lightweight sandwich panels for automotive
econcrete,reduce co2 emissions,provide fire retardant properties,enhance uv resistance,offer flexible application,ensure high durability,,industrial flooring and wall surfaces
econic,look like natural linen,feel pleasant to touch,meet european fire standard,,,,upholstery fabric for indoor and outdoor use
econitwood,transform noun,preserve noun,reduce noun,eliminate noun,create noun,,custom 3d printed interior architectural components
ecopan,gluing structure,cutting shape,folding assembly,coating barrier,,,lightweight structural panels for interiors
ecopaxx,offer performance,provide chemical resistance,reduce moisture absorption,achieve high melting point,ensure high crystallisation rate,,high performance engineering components
ecopixel,withstand temperature,customise appearance,recycle material,,,,outdoor furniture components
ecoplex,process noun,saw milled,painted noun,light weight,,,furniture panels
wavcor esp,moulding panels,gluing sheets,enhancing performance,,,,three dimensional structural panel
ecosurfaces,provide cushioning,resist slipping,dissipate electrostatic,resist stains,,,rubber flooring for indoor and outdoor use
ecowall with recycled pet polyester,absorb sound,form surface,attach wall,attach ceiling,,,3d acoustic wall panels
ecowall with wool,sound absorbent material,colourful panel,lightweight structure,,,,3d acoustic wall panel
ecoworx tile,sustainable backing,recyclable backing,efficient installation,lightweight shipping,,,sustainable carpet tile backing
edgemax,provide density,offer stability,enable installation,allow customization,support reusability,,floating cork floor tiles
eelgrass acoustic mats,enhance acoustics,provide comfort,stabilize humidity,create aesthetic,reduce environmental impact,,interior wall and ceiling cladding
eeuwenhout,treat nonbiodegradable,cover wall,clad exterior,,,,weathered barnwood wall sidings
effect varnish,create effects,enhance appearance,,,,,decorative surface finish for furniture
eg wall panels,create wall,enable creativity,combine texture,combine colour,,,customizable interior wall coverings
ege circleback,minimise waste,recycle components,transform resources,create new products,,,new carpet from recycled yarn
egg bioplastic,create cups,reduce waste,provide protection,,,,biodegradable egg cups
eggshell based ceramics and bioplastics,reduce sintering temperature,improve material performance,enhance biodegradability,,,,eco friendly tiles and insulating bricks
eggshell ceramic,create material,design art objects,improve soil,,,,decorative planters and art objects
eggshell inlay,inlay lacquer,create molds,fashion forms,apply layers,polish finish,,decorative vases and bowls
eggware,create material,absorb water,self extinguish,,,,biodegradable tableware and utensils
ekoa,replace wood,replace plastics,replace laminates,deliver clean air,provide high strength,,interior surfaces for furniture and flooring
ekogrip colourgrip,provide grip,offer softness,enable recyclability,,,,anti slip flooring for fitness areas
ekolithos board,provide density,offer fire resistance,enable water resistance,allow mass coloring,,,fire resistant interior wall panels
ekotex clean air schone lucht,neutralizes harmful chemicals,removes formaldehyde,improves indoor air quality,recycles materials,provides wall finish,,air purifying wallcovering for classrooms
ekotex hygiene,provide anti bacterial properties,ensure higher hygiene standards,offer cost saving benefits,achieve seamless surfaces,retain active antibacterial properties,,hygienic wallcovering system for healthcare environments
ekotex magnet whiteboard,transform noun,create noun,hang noun,apply noun,,,presentation wall for meetings and brainstorming
ekotex opposites,provide durability,create wall protection,enhance aesthetic appeal,offer sustainability,withstand wear and tear,,high end wallcovering for commercial spaces
ekovilla cellulose insulation slab,regulate moisture,prevent heat loss,dampen noise,provide fire resistance,,,eco friendly insulation panels for buildings
elastic conductive tape,conduct electricity,provide elasticity,monitor physical condition,,,,smart wearable technology for health monitoring
elastolite,emit light,provide flexibility,resist water,enable printing,allow durability,,keypad lighting in mobile devices
elceestone,provide colours,resist scratch,mill wood,,,,interior and exterior surfaces
electric plaid,combine woven electronic circuits,add colour change,create interactive textiles,,,,interactive textile artworks
electrical heating textile,provide heat,enable flexibility,ensure durability,,,,mobile heating garment
electroluminescent panel,emit light,illuminate uniformly,increase brightness,resist vibration,allow cutting,,animated retail display panel
electroluminescent textiles,illuminate electrode,blend colours,create pattern,add texture,,,interactive light emitting clothing design
electroluminescent wire,glow alternating current,provide illumination,coat insulation layers,,,,decorative lighting for events
electrolycra,conducting wires,soft substitute,heating garment,,,,heated gloves
electronylon,provide strength,conduct electricity,,,,,wearable electronic sensors
elements,provide non slip surface,enhance aesthetic appeal,resist weather effects,offer durability,facilitate easy maintenance,,large format floor and wall tiles for commercial spaces
elite lava,transform wall,create decorative border,frame zones,,,,indoor decorative wall mosaic
ellisse,diffuse light,create effects,increase impact resistance,custom fabricate,,,shower doors and office partitions
elm zero,reduce co2 footprint,substitute conventional inputs,ensure optimal mechanical properties,enable recycling,,,ready mix concrete with net zero co2 footprint
eltec,provide rigidity,allow easy processing,enable bonding,,,,custom made glossy furniture panels
embossed leather,provide upholstery,create wall coverings,form leather tiles,,,,upholstered furniture for luxury interiors
embossed printed canvas,create embossed effect,print hyper realistic results,glue layers together,cut foam rubber,,,decorative wall art panels
embrace,shrink labeling,uv blocking,chemical resistance,printability,,,full body shrink labels for beverage containers
embroidered wool,apply embroidery,create patterns,provide dirt repellant,,,,magnetic carpet tiles
emotex,reproduce surface textures,apply patterns,resist corrosion,resist discoloration,,,decorative surface finishes for consumer electronics
enameled steel,resist corrosion,resist heat,provide easy cleaning,harbor germs,,,kitchen appliances and bathroom partitions
end grain veneer,seal open areas,process veneer,glue cores,splice rectangles,,,furniture surface panels
endless life,reshape surfaces,redefine surfaces,spray on application,combine materials,give new life,,furniture restoration and enhancement
engobed brick,cover noun,join verb,form verb,,,,one story high prefabricated parts for building construction
enkagrid,stabilize soil,absorb dynamic loads,provide cost effective solutions,,,,soil stabilization in road construction
enkair,replace foam,provide pressure distribution,conform body,facilitate air flow,allow washing,,precision engineered cushioning materials
environ biocomposite,utilizes bio based technology,offers warmth feel,cuts sands routes finishes,repels stains moisture,emits no vocs,,commercial and residential furniture
environmental tulle and power nets,create basis,meet requirements,combine textiles,offer colours,,,knitted lingerie and underwear fabrics
epdm membrane,provide waterproofing,resist ozone,withstand uv radiation,accommodate building movements,,,commercial roofing system
equitone linea,play with light,highlight raw texture,resist weather,provide fire resistance,,,3d shaped façade system
equitone materia,accentuate noun,render noun,resist noun,,,,through coloured facade system
equitone natura,displaying texture,providing fire resistance,offering weather resistance,,,,façade panels for buildings
equitone pictura,provide façade,offer architectural finish,resist weather,resist fire,resist uv,,customized building façade panels
equitone tectiva,provide facade,express texture,resist weather,resist fire,,,exterior building cladding panels
erlus titan silver,assure resistance,play light,,,,,roofing tiles
esb plus elka strong board,meet norms,process board,certify material,,,,sarking board for roof construction
esd static fabric,create stretchy fabric,control static,wash easy,wear tough,,,computer cover
esprit nouveau,glazed noun,polished noun,fired noun,,,,wall and floor tiles
essemplex,exhibit shape memory,process into memory shapes,reconfigure molds,form custom grips,reshape without degradation,,customizable reusable molds
essentials metal art,provide decorative function,resist scratch,suit interior decoration,suit interior furniture,,,interior wall cladding with metal finishes
essentials wood,provide veneer,weave designs,resist scratch,offer structure,,,vertical wall panels in reception spaces
etaproof,breathable fabric,weatherproof fabric,durable fabric,,,,outdoor jackets for sports
eterno unico chrono terrazzo,enrich fragments,increase sustainability,create colour harmonies,bond aggregates,pour in place,,flooring finish for interior and exterior
etna,create tile,glaze finish,resist scratch,maintain ease,,,interior wall and floor tiles
ettlin lux tec,create 3d effect,influence light distribution,dictate direction,provide luminosity,enable sensor function,,dynamic light display panel
eucalyptus cloeziana timber,replace nonrenewable hardwood,resist shipworm,suit structural applications,dry easily,,,transmission pole for electrical lines
eucalyptus grandis cross laminated timber clt,enhance load bearing,reduce warping,reduce twisting,reduce splitting,,,cross laminated timber panels for construction
eurodekor,provide durability,offer aesthetic variety,enable easy maintenance,,,,kitchen cabinetry and furniture
eurolight,reduce weight,increase stability,allow creative freedom,,,,tables and softforming elements
europlex o,manufacturing orthopaedic devices,thermoforming low temperatures,machining standard tools,resisting chemicals,transmitting x rays,,orthopaedic device components
europlex ppsu,provide high impact strength,offer chemical resistance,allow easy sterilization,,,,sterilization cases for medical use
evalon solar,produce electricity,reduce reflection,cover roof,,,,solar roof covering
evans brown wallcoverings,create wallcoverings,print realistic,resemble natural materials,provide ease of maintenance,,,realistic wall coverings for interiors
ever air pass,develop product,stay warm,keep dry,transform perspiration,feel soft,,three layer fabric for activewear
ever dye,create anchoring sites,attach on anchoring sites,boost production capacities,reduce energy consumption,,,sustainable dyeing process for textiles
ever light rainwear,support waterproofing,provide breathability,offer abrasion resistance,maintain lightweight,,,high functional outdoor and sportswear
ever visible,provide water resistance,enable moisture absorbency,reflect light,enhance visibility,,,high visibility work clothing
evergreen,absorb sound,cooling effect,enhance indoor air quality,provide aesthetic,,,indoor moss wall garden
everroll,reduce fatigue,absorb sound,provide anti slip,,,,flooring for fitness clubs and sports facilities
evohidetm mistral,achieve norm,produce fabric,tailor properties,provide sustainability,resist fire,,upholstery for marine and outdoor furniture
ex static,provide resistivity,cut fabric,sew fabric,wash fabric,,,grounded bedding and appliance covers
exciton collection,reproduce nature,resist uv,require no maintenance,suit installation,,,hexagonal marble tiles for flooring
exclusive 1015 flooring,create floor,integrate material,save energy,,,,textured acoustic flooring
exie fibres,provide thermal insulation,provide acoustic insulation,enable faseshift,,,,blow in insulation for roofs and walls
microfibrillated cellulose,enhance strength,improve barrier,filter performance,reduce additives,,,eco friendly coating for surfaces
exogrid,reduce weight,increase strength,enhance design flexibility,dampen vibrations,,,bicycle frame
expanded cork cocos isolation,provide sound insulation,offer thermal insulation,dampen acoustic noise,level surface,,,acoustic insulation for false walls
expanded cork isolation,insulate thermal,insulate phonic,insulate vibratic,,,,insulation of walls and ceilings
expanded metal mesh,transform solid,produce variety,expand mesh,,,,offshore walkway grating
expanded polypropylene,absorb energy,provide cushioning,resist impact,insulate sound,bear load,,automotive bumper system
expanded silicone rubber,hold gas,prevent moisture,expand into sheets,,,,closed cell sponge rubber sheets
experience wood in faced panels,create bespoke interiors,customize furniture,reflect natural look,provide connection to nature,give natural touch,,closets and cupboards for interior design
experimental terrazzo,recycle nonrenewable,create tiles,enhance aesthetics,,,,decorative floor tiles with embedded materials
experimental textile design,create textiles,manipulate yarn,embellish surfaces,weave fabric,bond materials,,handwoven 3d fabric sample
exploform,shape noun,reduce costs,produce shapes,mould noun,,,relief panels for building facades
explore metals jet,cutting design,reflective finish,protecting resistance,providing durability,offering potential,,elevator cladding and doors
extrema,resist abrasion,resist light exposure,create barrier,avoid smells,clean easily,,upholstered furniture with antimicrobial properties
extruded aluminium panels,reduce weight,provide strength,allow recycling,enable anodising,offer design freedom,,corrugated façade panels
ezobord,dampen sound,decorate space,install easily,recycle material,,,acoustic panels for soundproofing walls and ceilings
faay,absorb co2,regulate temperature,regulate moisture,provide acoustic properties,provide fire resistance,enable reusability,sustainable partition wall system
fabback colored acrylic mirror,reflective surface,impact resistant,weather resistant,scratch resistant,lightweight,,colored mirror panels for interior design
fabcell,change colour,display images,form shapes,construct clothing,reconstruct clothing,,dynamic colour changing clothing
fabraa recycled upholstery fabric,reduce waste,save energy,save water,lower emissions,provide comfort,ensure strength,upholstery fabrics for furniture
fabraa reproper upholstery fabrics,turns waste noun,produces fabric noun,provides softness noun,offers strength noun,,,sustainable upholstery for furniture
fabulous fungi dye,create pigments,produce dye,reduce water,reduce energy,biodegrade pigments,,biodegradable textile dye for fashion
fair trade handwoven rug,create rug,weave pattern,provide insulation,offer comfort,,,geometric patterned floor covering
fake boa leather,provide durability,offer flexibility,simulate leather appearance,,,,upholstered seating for furniture
falcon glass,provide durability,enable chemical toughening,reduce weight,,,,thin glass for mobile device screens
fame,shape fabric,form fabric,wash fabric,clean fabric,retard fire,,drapery for commercial and residential interiors
fantastic bioplastic,break down,compostable,biodegradable,recyclable,reusable,,biodegradable packaging solutions
far out lace,screen light,provide privacy,care easy,,,,semi transparent curtains for public spaces
fassade,provide aesthetic,ensure moisture resistance,offer fire retardancy,,,,sustainable wooden façade system
fassawall,add depth,resist water,resist uv,resist fire,provide flexibility,,coloured façade behind glass
fatpad,promote skin regeneration,protect skin,assist treatment,,,,arm sleeve for eczema treatment
faunawood,modify noun,impregnate noun,reuse noun,blend noun,avoid waste,,fence posts made from sustainably managed wood
faux fur,provide warmth,mimic texture,offer aesthetic appeal,,,,decorative upholstery for furniture
fauxteak,provide non absorbent surface,create realistic teak effect,enable easy installation,integrate custom logos,,,marine deck pads
feathered fabrics,remove dust,create fabric,provide warmth,offer breathability,enable softness,,interior textile for fashion
febrik textiles,adapt upholstery,reduce seams,provide tactile appeal,offer performance,create visual effects,,upholstered furniture with stretchable fabric
feelingwood wood fibre insulation,absorb moisture,transport moisture,emit moisture,provide thermal insulation,enhance indoor climate,,flexible insulation board for buildings
feke,provide acoustics,create aesthetics,customize dimensions,resist weather,weave textiles,,hand woven carpet for retail spaces
felice handwoven carpet,provide warmth,offer comfort,absorb sound,allow flexibility,enable customization,,modular carpet flooring system
felt for architecture,absorb sound,provide warmth,create texture,resist fire,,,three dimensional carpets and wall hangings
felt textiles,create textiles,provide insulation,offer acoustics,enable dividers,,,space dividers made from felt textiles
felt,improve acoustics,absorb co2,produce diffuse light,,,,interior pillows and wall carpets
feltro legno,combine noun,provide noun,create noun,,,,natural wool and wood flooring solution
fenix nta,provide surface,resist scratch,offer touch,create coating,,,kitchen countertop surface
fenix ntm bloom arpa hpl bloom,enhance wear resistance,reduce phenol,provide sustainability,create durable surfaces,,,interior design panels with decorative surfaces
fenix ntm bloom,resist scratches,heal micro scratches,reduce phenol,provide acoustic use,stay neat,,acoustic wall panels for interiors
fermacell floor elements,provide thermal insulation,support underfloor heating,distribute load,,,,underfloor heating system panels
ferricon,create pigment,match characteristics,develop coating,reorientate pigments,produce coating materials,,automotive interior coatings
ffexx liquid flooring,provide seamless floors,resist chemicals,offer aesthetic appeal,enable flexible use,,,seamless flooring for medical environments
fiamma,allowing freedom,woven with thread,resistant to fire,,,,metallic partition wall
fibernyl,capture co2,create lamps,form shelf strips,build displays,produce routing,,sustainable shelf strips and displays
fiberstone,bonding veneers,providing light,protecting surface,,,,architectural cladding panels
fibracolour tex,enhance decorative qualities,provide textures,adapt to spaces,apply varnishing,offer versatility,,decorative interior wall panels
fibralux biobased,reduce co2 emissions,emit less formaldehyde,suitable for industrial processing,suitable for interior design,suitable for furniture production,,interior wall panels for sustainable design
fibranatur tex,combine warmth,apply relief finishes,offer dimensional texture,,,,vertical decorative paneling
fibre c,incorporate fibres,allow construction,provide strength,enable dyeing,offer finish options,,thin concrete slabs for architectural use
fibreform,shape embossing,shape press forming,shape thermo forming,provide printability,,,embossed packaging for food contact
fibrelite,adds paper look,suits flexo printing,contains no iso cyanates,,,,food packaging materials
fibrestrap the sustainable cable tie,replace noun,offer noun,reduce noun,secure noun,attach noun,,biodegradable cable tie for bundling
fibrimat,improve comfort,reduce noise transfer,provide thermal insulation,offer bio sourced alternative,,,acoustic underlay for flooring
field,create accent,conserve material,change color,form installations,,,grass wall for interior design
fieldturf,provide durability,ensure safety,reduce maintenance,simulate natural grass,,,artificial grass for sports fields
fielitz,minimise weight,offer solutions,produce geometries,enable machining,manufacture profiles,,lightweight structural frameworks
fileo,provide durability,offer biodegradability,allow mouldability,enable decorative printing,,,interior furnishing panels
filie foam,provide shock absorption,offer cushioning,promote circularity,,,,automotive interior padding
fineline panel,provide nonload bearing support,create decorative surfaces,enable wall cladding,allow ceiling cladding,,,interior wall and ceiling paneling
fineo vacuum insulating glass,insulate thermal,reduce weight,improve acoustic,enhance daylight,,,vacuum insulating glazing for window renovation
finett dimension,provide wear resistance,achieve colour effects,reduce weight,enable easy removal,,,lightweight carpet tile
finex 3d,support noun,recover noun,facilitate noun,resist noun,provide noun,,stretch fabric for activewear
finiglas,laminate board,print decor,combine materials,,,,laminated architectural glass panels
finti,improve insulation values,enhance durability,increase dimensional stability,,,,window frames and doors
fire retardant coating system exterior,enhance fire safety,provide long term durability,offer colour customisation,,,,fire retardant treatment for timber façades
fire retardant coating system interior,enhance fire safety,preserve natural appearance,improve reaction to fire,,,,fire retardant treatment for interior timber surfaces
firetight firetape,provide fire resistance,create airtight seal,offer thermal insulation,,,,fire resistant sealing tape for building components
first circular insulation,provide insulation,offer eco friendly alternative,align with circular construction goals,,,,biobased insulation for sustainable buildings
fiscagomma,mimic leather,provide durability,offer aesthetic appeal,,,,upholstery for commercial interiors
bricola collection,fill gaps,capture bubbles,sculpt surface,,,,decorative furniture piece
fishy filaments,transform nets,provide solution,track polymers,confirm evidence,process materials,,3d printer filament for custom products
fixcrete,create surface,resist liquids,retain features,colour shades,allow creation,,decorative garden shower
flameprotect compact,fire resistant board,non combustible panel,decorative surface,,,,fire resistant decorative wall panels
flamexx,offer fire protection,combine materials,meet standards,,,,flame retardant composite boards for construction
flamline decorative non flammable fabrics,provide fire resistance,enhance acoustics,create dividing panels,offer decorative design,,,acoustic and fire resistant dividing panels
flaster tiles,reinforce structure,resist weather,provide durability,maintain aesthetics,reduce maintenance,,floor and wall tiles for interiors and exteriors
flatcor,moulding panels,enhance properties,increase performance,,,,flat sheets of pressure moulded boards
flax oil paint,binds pigments,provides adhesion,creates a matte finish,offers weather resistance,,,eco friendly wall paint
flax reinforced composite materials,reinforce composite,provide sustainability,replace fibreglass,,,,sustainable surfboard construction
flax wall core,provide insulation,offer fire resistance,support construction,,,,interior wall panels for buildings
flax wallpaper,absorb moisture,release humidity,provide insulation,ensure durability,offer tear resistance,,natural wall covering
flax,absorbent properties,high durability,tensile strength,tear resistant,eco balance,,high breathable roofing membrane
flaxco flax composite,reinforce composite,absorb vibration,absorb noise,provide strength,provide stiffness,,automotive interior panels
flaxcomposites,absorb water,release water,create lightweight panels,provide acoustic properties,enhance aesthetic properties,,decorative acoustic panels for home interiors
flaxline,provide rain barrier,act as housewrap,resist water,allow vapour permeability,offer insect protection,,roofing underlay for buildings
flaxtape,enhance vibration absorption,provide mechanical properties,reduce weight,improve aesthetic aspect,,,composite parts for automotive structures
fleece n flex,provide stability,enable shaping,reduce costs,,,,multi dimensional veneered surfaces
flex plain cs s 2003,covering non permanent deformation,projecting light orchestrations,stitching fabric,cutting fabric,welding ultrasound,,partition wall coverings
flex plain cs s 2004,provide elasticity,offer flame retardance,enable flexible coverings,,,,partition wall coverings for events
flex plain cs typ 03,permit design,allow malleability,create curving walls,enable backlighting,provide sharpness,,covering for partition walls
flex,guarantee high technical performances,combine comfort,provide fast drying times,resist atmospheric agents,resist uv rays,,outdoor cushion for seating
flexene,offer thermal insulation,offer sound insulation,allow bending,allow twisting,provide lightweight structure,,curved wall and ceiling cladding
flexible sandstone,bond noun,decorate noun,design noun,,,,wall and floor coverings
flexint,offer good structural properties,provide elasticity,suit laying flexible surfaces,,,,rubber like flexible sports flooring
flexipan,fit noun,install quickly,create joint free,,,,curved wall paneling
flexsandstone,create nature look,follow contours,lay seamlessly,process 3d shapes,,,decorative wall surface
flexwood,shape bending,glue treatment,cut easy,,,,footwear components
flexzorb activated carbon cloth,adsorb liquid,adsorb gas,custom manufacture structure,laminate composite,impregnate chemical,,air and water purification filters
floating nature collage,encapsulate plant material,create wall panel,provide translucence,,,,decorative wall panel with plant inclusions
flock,create decorative surface,provide waterproof characteristic,impart fire resistant property,offer abrasion resistance,apply antibacterial finish,,waterproof automotive interior
flocked with textile,enhance wall coverings,customize logos,resist impact,meet standards,washable surface,,customized wall coverings with embossed designs
flocus kapok fleece,insulate fabric,reduce synthetic products,provide soft touch,,,,natural insulation fabric for bedding
flood,collect water,filter runoff,allow drainage,accommodate rainwater,,,water filtration and storage tile
flotex vision,absorb sound,provide comfort,protect against mildew,prevent odours,,,acoustic flooring for hospitality spaces
flow,create wall,provide surface,enhance aesthetics,,,,sculptural wall panels
flower massionite,embed organic decoration,create new look,,,,,decorative hardboard panel
flower power wall paint,reduce carbon footprint,eliminate titanium dioxide,biodegrade without microplastics,provide natural pigments,dry opaque,,sustainable interior wall coating
flowing art,provide flooring,allow installation,resist uv,offer flexibility,ensure durability,,seamless poured flooring for public buildings
flowstone,binds aggregates,provides fluidity,ensures self compaction,achieves strength,,,self compacting concrete structures
fluor band,enable colours,illuminate works,bring spaces,interplay colour light,,,fluorescent decorative band for art installations
fluxus,cover surface,create structure,provide lighting,,,,handmade glass lighting sculpture
foam andrea valentini,hold textile,protect textile,caress textile,washable textile,lightweight textile,durable textile,sculpted textile for protective coverings
foam inventions,manufacture product,provide durability,ensure lightweight,resist vandalism,,,lightweight durable storage solutions
foam railing,provide structure,offer resilience,enhance aesthetics,,,,safety railing for public spaces
foamalite,provide print substrate,offer dimensional stability,deliver colour fidelity,ensure scratch resistance,,,display board for exhibition booths
foamglas,insulate waterproof,resist heat,resist acid,resist insect,resist verm,resist rot,thermal insulation for building walls and roofs
foglizzo folds,folded structure,permanent shape,three dimensional texture,,,,pleated upholstery for furniture
foldcore,manufacture structure,offer stiffness,provide strength,,,,structural sandwich core for lightweight panels
folded concrete,break down noxious substances,transform harmful pollutants,,,,,textured external facade tiles
folding a part,create sculptural shapes,allow curved designs,enable folding patterns,,,,three dimensional textile wall coverings
foldtex,coat tear proof layer,score flexible layer,transform foldable structures,combine stability,allow customization,,foldable furniture design
food waste pigment,create pigment,transform dye,combine dye,make pigment,apply pigment,,natural alternative inks for graphic workshops
foodmeshes,provide n protection,offer n reusability,ensure n economic efficiency,,,,food transport and handling mesh
for greener pastures,transforming waste,retaining quality,recycling loop,,,,hard building material for furniture design
for the sea,adsorb carbon dioxide,neutralise ph,regenerate ecosystems,deacidify marine environments,,,beach activity objects for marine ecosystem restoration
forestlines,combine noun,promote noun,achieve noun,minimise noun,support noun,allow verb,timber cladding for building facades
forex,provide substrate,offer surface properties,focus on economic considerations,,,,signage and display boards
forj thermoplastic tape ribbon,repair tools,create grips,fix equipment,self bonding,hardens bond,,repairing fishing rods
formcard,melt reshape,reuse modify,stick plastic,stick wood,,,customized repair tools
formetal varius,transform noun,shape noun,reshape noun,,,,three dimensional decorative objects
formica color laminates,provide surfacing,enhance aesthetics,offer durability,resist scratching,withstand chemicals,,interior door surfaces
formica doors collection,offer solution,provide resistance,feature colours,include sizes,,,interior door design
formica washroom collection,offer durability,provide hygiene,resist stains,resist water,enable easy cleaning,,toilet and shower cubicles
fortis arbor wood mosaics,provide warmth,offer durability,create unique installations,,,,decorative wall and floor mosaics
forza recycled fabric,weave textile,produce upholstery,save water,reduce co2,,,colorful upholstery collection
forzglaze,customise colour,customise gloss,,,,,ceramic glaze for building projects
found space tiles,encourage interaction,provide support,stimulate pressure points,fit like a garment,,,interactive wall tiles for physical engagement
fractal aluminium sheets,design noun,manufacture noun,create noun,,,,decorative interior panels
fractalis effect paints,apply wall,create effects,provide finish,,,,decorative wall coating
fractalis glass collection,provide high hardness,create metallic texture,offer translucent texture,enable sandblasted texture,produce iridescent finish,,architectural glass components
fragments of the past,reduce need for virgin aggregates,promote sustainable resource use,allow molding into various shapes,,,,decorative objects and furniture
fraké noir,provide durability,enhance aesthetics,resist impact,allow personalization,,,exterior façade cladding
framax laser cutting technology,cutting edge,engraving fabric,highlighting characteristics,,,,customized fabric designs with laser cutting
framilon,provide elasticity,improve fit,allow movement,enhance comfort,,,elastic seam binding for garments
freek outdoor carpet,provide comfort,resist weather,facilitate cleaning,,,,outdoor carpet for terraces and balconies
freestile venice,enhance acoustics,reduce particulate matter,provide slip resistance,,,,acoustic carpet tiles for flooring
from ash,increase mechanical properties,act as binder,create economical material,provide thermal resistance,,,alkali activated geopolymer concrete
from banknotes to textiles,recycle fibres,produce textiles,sustain usage,,,,sustainable textile production from recycled banknotes
from insects wooden leather,create material,layer paper,apply varnish,,,,furniture design
from stone to glass,resistant shocks,undergo temperature changes,recyclable colours,sustainable alternative,,,high jewellery components
from the underground tiles,recycle waste,cast tiles,refurbish tiles,,,,tiles for metro station walls
fruit veggie paper,create paper,provide texture,offer biodegradability,allow customization,,,handmade decorative paper sheets
fruits,adapt covering,resist sunlight,washable machine,,,,high end upholstery for indoor and outdoor use
fruitwood,provide strength,offer smoothness,resist scratching,,,,3 layer wooden panels for furniture
frumo,self healing material,biodegradable,repairable,three dimensionally moulded,,,self healing furniture and flooring
fujifu wisteria fabric,weave fabric,spin yarn,combine yarns,manufacture obi,,,high end kimono sash
fun fur new,provide softness,offer flammability resistance,enable visual appeal,,,,soft faux fur for clothing and accessories
fun fur,soft nature,flame resistant property,textile application,,,,handbags and cosmetic bags
fungi force,block solar radiation,protect wood,regulate moisture,repair biofinish,,,matte black protective layer for exterior wood
fur concrete wall tile,create surface,invite touch,provide durability,,,,textured wall cladding for interiors and exteriors
fused glass,create panel,add colour,design abstract,,,,architectural glass panels for interior design
fusion metal,provide anti slip,enhance aesthetic,resist weather,offer durability,,,floor and wall tiles for raised floor systems
fusion wood panels,provide aesthetic,offer durability,enable customization,create texture,,,architectural wall panels
futureprint,transfer image,dissolve ink,create individual look,,,,custom printed automotive parts
fuzioglas,laminate noun,withstand noun,cover noun,,,,interior wall tile design
fytopanel,convert waste streams,create sheet material,laminate sheets,cut shapes,,,decorative wall finishes
g tecz floral print,transform look,create imprint,provide strength,offer insulation,,,decorative concrete wall panel
gagecast,provide decorative surfacing,feature high luster,offer pattern depth,ensure durability,allow cost effective installation,,elevator cab interior surfacing
galaxy,provide compression,enhance vibrancy,offer soft touch,,,,fashionable athleisure leggings
gama duo collection 2020 2022,create nonuniform spaces,provide textural variety,offer personalization options,,,,interior wall paneling design
garmento boards,provide flame retardant properties,offer water resistant features,create wall panels,,,,decorative wall panels for interiors
gaudenzi,manufacture plates,punch perforations,create decorative elements,,,,mechanically stamped decorative panels
gecko adhesive textile,adhere surface,provide privacy,offer glare protection,allow removal,,,window privacy screen
gel pal,relieve joint pressure,provide body support,offer comfort,remain soft,,,cushioning material for joint support
gelatine bioplastic,create jewellery,offer solution,transform shapes,assume colours,recycle material,,biodegradable jewellery
geni us,control moisture,purify air,improve acoustics,,,,three dimensional wall covering
geo slate,rethink usage,create material,show potential,,,,modular facade tile system
geocell glass foam,insulating material,load bearing capacity,moisture resistant,fire resistant,lightweight structure,,thermal insulation layer under floor slabs
geocomposite geogrid geotextile,filter fluid,drain water,substitute material,,,,geodrain system for environmental works
geodesia,provide warmth,offer resilience,create geometric designs,,,,three dimensional decorative fabric
geofil bubbles,improve concrete properties,provide heat insulation,provide sound insulation,add fire resistance,,,insulation in hollow walls and foundations
georiflessi,glazed tile,resist scratch,resist uv,resist weather,,,decorative bathroom wall tiles
geostylistix stone strips,support facades,reduce environmental impact,provide dimension stability,require limited maintenance,,,architectural cladding for building façades
getacore solid surface,create smooth surfaces,offer hygienic properties,resist heat,allow thermoforming,enable seamless joints,,free form desk surfaces
giant hogweed wallpanels,transform wasted material,handcraft wall tiles,,,,,biological interior wall tiles
giria tree bark biocomposite,create object,recreate colours,evoke textures,foster connection,,,small scale furniture facades
gkd crystal,provide transparency,create mesh,enhance aesthetics,,,,decorative architectural screens
gkd,support noun,provide flexibility,achieve transparency,,,,architectural mesh facades
glacier and honeycomb glass,create textures,achieve colour,form objects,,,,wash basins and tables
glam glass panels,provide light,offer strength,allow customization,,,,structural laminated panels for interior and exterior use
glamé,provide scenic effects,create lightweight structures,offer fire resistance,,,,theatrical stage backdrops
glamorous leather,laser cutting leather,brushing leather,embossing leather,finishing leather,,,luxurious upholstery for furniture
glamour,improve fit,provide comfort,resist stains,protect against uv rays,retain qualities,,activewear garments
glare,enhance damage tolerance,improve corrosion resistance,reduce weight,tailor material properties,,,aircraft structural components
glasio acoustic glass,absorb acoustic energy,attenuate sound,bond heat,shape bent,,,acoustic panels for indoor spaces
glass beads,grinding medium,dispersing process,minimizing wear,,,,grinding media for paint and ink production
glass block,bond noun,create noun,stand noun,,,,cylindrical memorial structure
glass brick by poesia,provide structure,offer translucence,enable light diffusion,,,,decorative wall partition
glass brick,provide translucence,resist weather,resist scratch,absorb water,,,translucent wall feature
glass colors,protect noun,allow easy maintenance,absorb zero,covering wall,covering flooring,,waterproof wall and flooring tiles
glass foam,insulate sound,insulate temperature,absorb water,retain water,resist fire,,acoustic insulation panels for interior spaces
glass full colour,apply coating,decorate image,provide alternative,,,,decorated shower wall panels
glass inspiration,reduce solar heat gain,reduce glare,add textile structure,,,,facade or roof element
glass mosaic,create decorative surfaces,provide aesthetic appeal,resist weather conditions,,,,mosaic wall tiles for indoor and outdoor use
glass polymer,offer design,provide clarity,ensure impact resistance,enable easy processing,,,cosmetics and personal care packaging jars
glass with shells,integrate shells,laminate glass,provide translucency,create glossy effect,seal edges,,decorative glass tabletops
glass2style,embed materials,print designs,provide durability,allow customization,,,kitchen backsplash
glassiled,block uv light,enable light integration,protect led connections,provide adhesion,absorb uv light,,laminated glass with embedded leds
glassique,replace noun,isolate verb,save verb,,,,replacement glass for historic windows
glasskote,fixing colour,screen graphics,providing durability,offering strength,retaining colour,,splashbacks in kitchens and bathrooms
glassworks,reflective qualities,textured tiles,translucent tiles,abstract designs,iridiscent effect,,decorative interior wall tiles
glassx crystal,insulate heat,protect overheating,convert energy,store thermal,,,energy efficient double glazed window
glazed ceramic iridescent,add colour,create gloss,provide frost resistance,enhance durability,,,building facade cladding
glitter,provide stretch,offer protection,ensure breathability,resist stains,resist pilling,dry quickly,swimwear and activewear fabrics
global collection and mosa colors,unlocking creativity,empowering designers,transforming interiors,ensuring flexibility,enhancing aesthetics,,wall and floor tile surfaces
globo x,create textured surface,design custom forms,provide lighting elements,,,,textured wall coverings
glow in the dark coatings,apply waterproof,provide breathability,repel water,glow in the dark,,,waterproof breathable sportswear
glow in the dark,emit light,glow persistently,activate color,,,,glow in the dark toys
glowway,illuminate tile,guide people,blend escape routes,mark surface,,,self illuminating safety tiles for emergency exits
gluetex biovate wallcovering,self adhesive wallcovering,easy to mount,scratch resistant,impact resistant,hygienic material,,biobased contract wallcovering
golden tile,provide aesthetic,offer durability,create luxury,,,,luxury wall and floor tiling
golf romeo small,provide aesthetic design,cover facade,protect sun,decorate interior,,,architectural mesh for facade covering
goodcatch,self adhering fastening,soft texture,silent operation,strong grip,,,temporary fastening solutions in apparel
gounda fabric,provide water repellency,offer moderate fire resistance,ensure good uv resistance,maintain light weight,,,water resistant outdoor clothing
govaplast,replace wood,produce profiles,improve durability,provide non slip,,,decking and fencing systems
gradient,provide firmness textile,create gradient effect,enable embroidery yarn,enhance beauty textile,,,decorative textile for rituals
graepel,perforate sheets,provide unique look,manufacture custom pieces,,,,safety stairs with perforated design
gramitherm,extract juices,secure utilisation,offer protection,absorb sound,produce concentrate,,insulation material for roofs
grandezza antique brass,create designs,produce effects,apply coating,achieve luster,,,decorative wall and ceiling finish
grandezza corten steel,create designs,produce effect,apply coating,achieve lusters,,,metallic wall and ceiling finish
grandezza seamless metal effect coating,create surface,enhance aesthetic,provide durability,allow customization,achieve textured finishes,,metallic effect wall finish
granite deep mat,provide structural support,resist weathering,offer aesthetic appeal,,,,external cladding for buildings
granite quartz,reflecting light,resisting scratch,providing texture,,,,countertops with crystalline finish
granite silky shine,enhance visibility,provide scratch resistance,allow easy cleaning,,,,high gloss façade systems
granite,provide noncombustible cladding,offer aesthetic finishes,enable durable roofing,,,,building exterior cladding system
ambientpro graphene paint,decomposes contaminants,retains co2,reduces odours,,,,photocatalytic paint for building façades
graphic concrete,apply patterned finish,manufacture textured surfaces,enable architectural design,,,,patterned exposed aggregate concrete surface
graphic relief photographic detail,create surface reliefs,produce photographic detail,cast metallic finishes,,,,luxurious surface reliefs for interior design
graphical facade coating,apply noun,design noun,coat noun,spray noun,,,decorative building facade
grass rug,provide warmth,offer comfort,enhance aesthetics,,,,decorative area rug for living spaces
gravel floor,create seamless surface,add after glow effects,provide safety features,,,,photoluminescent gravel flooring
gravity mosaic,offer aesthetic strength,provide textured finish,combine with ceramic tiles,,,,decorative wall mosaic design
green cast,offer color,provide thickness,enable innovation,combine elegance,prioritize sustainability,,architectural panels with customizable colors
green panel,combine strength,provide stability,reduce weight,comply conditions,,,lightweight structural panels for interior use
greenful panel,load bearing panel,waterproof material,mould proof surface,durable construction,,,load bearing construction panel for walls and flooring
greengridz,reduce co2 emissions,create furniture panels,upcycle active carbon,,,,desk and table tops
greenpanel negro,provide weight resistance,combine strength stability,allow use standard fittings,create aesthetic element,,,wall panels for interior decoration
greensand,reduce co2,provide sand,create paving stones,,,,paving stones for outdoor surfaces
greensulate,provide insulation,reduce environmental impact,support construction,,,,above ground exterior insulation panels
grei line,reduce sound,bonded fabric,insulate floors,,,,insulation for floating screed in buildings
grip metal,bonding mechanical,providing durability,distributing load,,,,metal clad laminate panels
grp profiles,resist corrosion,resist weather,reduce weight,provide strength,enable rapid machining,minimize maintenance,structural profiles for building facades
gum tec,recycle noun,process noun,manufacture noun,,,,waste gum disposal receptacles
gyproc a plasterboard,create nonload bearing walls,provide fire protection,offer acoustic insulation,allow painting or wallpapering,,,interior walls and ceilings
h bite sailcloth,provide strength,ensure durability,maintain shape,offer lightweight,,,high performance sailing sails
h13 013,provide aesthetic,achieve magnetic effect,enhance durability,,,,interior design elements for shops
haava uni,provide insulation,offer durability,enhance aesthetics,,,,knitted fabric curtains
habitus cork mosaic,insulates surface,resists water,provides sound proofing,creates non slippery finish,,,bathroom floor and wall tiles
hairexcel 60,provide durability,resist ultraviolet radiation,maintain color stability,offer abrasion resistance,enhance aesthetic appeal,,exterior facade cladding for buildings
halusite,allow filtered light,provide stability,offer rigidity,enable shaping options,resist uv exposure,,glare free sun protection panels
hand crafted lime plaster,apply noun,design noun,adapt architecture,,,,custom lime stucco plaster for facades
hand loomed leather silk,weave noun,dye noun,cut noun,,,,handwoven textile for upholstery
hand marbled fabrics,apply patterns,biodegrade material,create unique designs,,,,decorative wall hangings
hand woven fabric,create fabrics,use fabric,,,,,three dimensional room dividers
handmade elephant dung paper,provide jobs,create paper,reduce waste,,,,sustainable stationery products
handmade natural rugs,minimize impact,provide decoration,harvest manually,weave by hand,,,biodegradable area rugs
haptic 2 5d printing,create embossed effects,allow customisation,enable on demand printing,provide uv resistance,ensure waterproofing,,textured wall designs with dimensional effects
harimex tube,provide grip,indicate color,offer aesthetic effect,,,,handrail tube for public spaces
healthcare transportation fabrics,create fabrics,meet requirements,provide waterproofing,ensure flameproofing,offer stainproofing,resist germs,dementia friendly healthcare upholstery
heartfelt,provide nice acoustics,create visual appeal,offer sustainability,allow flexibility,,,modular acoustic ceiling system
heat treated carpet,manufacture board,produce waste,resist staining,provide durability,ensure waterproofing,,interior and exterior wall panels
heated fabric,provide heating,control temperature,resist washing,,,,heated gloves for cold weather
piezoelectric haptic actuator,create haptic feedback,provide tactile feedback,generate haptic patterns,control sensation intensity,,,haptic feedback system for handheld devices
helenamymurray,hand dyeing colour,upholstering furniture,creating custom designs,,,,upholstered furniture and wall coverings
helicone hc,create colour effects,lend individual look,offer colour design possibilities,maximize ease of processing,,,decorative coatings for consumer products
hemp concrete,provide insulation,remove carbon dioxide,offer fire resistance,,,,thermal insulation for building walls
hemp fiber nonwoven mats,absorb water,release water,provide reinforcement,act as growing medium,serve as underlayment,offer erosion protection,composite reinforcement mats
hemp fur,provide warmth,offer vegan alternative,create soft texture,,,,lining for winter coats
hemp insulation,provide thermal insulation,provide acoustic insulation,treat fire resistance,,,,thermal and acoustic insulation rolls for buildings
hemp shag,provide warmth,offer comfort,absorb sound,resist scratches,,,hand woven carpet in various colors
hemp,infuse acrylic polymer,fill surface voids,machine fabrication,apply topcoat,,,countertops and wall paneling
hempflax nature insulation,absorb water,release water,provide insulation,generate climate,,,acoustic insulation mats for buildings
hempstatic,improve acoustics,reduce emissions,enhance durability,support reusability,provide fire resistance,,modular wall and ceiling panels
hempwood natural flooring,bind adhesive,compress form,cut veneer,adhere veneer,install ease,,engineered flooring with tongue and groove profile
hévé textile,coating textile,providing structure,enhancing aesthetics,,,,upholstered furniture for interior design
hexaben,bonded panel,light weight,high stiffness,transparency value,aesthetical finish,,indoor architectural design panels
hexal,provide deformation resistance,reduce thickness,maintain strength,,,,light fixtures for showrooms
hey jute fabric,provide cushioning,obtain structure,,,,,long cushion for seating
heytex sign,provide nontransparent,enable digital printing,ensure optimum presentation,,,,large format advertising banners
hiendl nfc,reinforce plastics,achieve rigidity,create property profiles,provide formability,,,lightweight structural components
high gloss poured surfaces,create smooth surfaces,provide waterproof performance,offer uv resistance,ensure high gloss,,,waterproof high gloss wall finishes
high tech stone,replicate process,resist wear,resist abrasion,resist frost,resist chemicals,,flooring and wall tiles
himalayan salt block,ionize air,clean air,regulate blood pressure,create bacteria free environment,,,interior air purification system
himalayan salt,release negative ions,create bacteria free environment,regulate blood pressure,balance blood sugar,purify skin,,sauna wall tiles
hipex,extrude sheet,form sheet,bend cold,thermoform complex,,,uv resistant outdoor signage
historical tiles,provide flooring,offer design,seal surface,,,,historical tile flooring
holopro,enable projection,create information areas,structure room,,,,front projection mirror screen
holosign,break up white light,divert spectral components,illuminate fixed motifs,,,,holographic facade displays
holypan finished,reinforce panel,lightweight structure,protect surface,,,,thermoplastic sandwich panel for architectural design
holz in form relief panel,embossed panel,developed veneer,resin bonding,,,,interior design wall paneling
holz100,recycle noun,biodegrade noun,construct structure,,,,building elements for homes and offices
honext panel,absorb sound,resist moisture,resist fire,reinforce bonds,,,acoustic interior wall panels
honeycomb core,provide light transmission,offer high stiffness,ensure light weight,allow isolation,,,transparent facade panels
honeycomb paper board,reinforce structure,increase efficiency,conserve resources,save costs,,,lightweight structural panels for walls
honeycomb,hide ceilings,respect security standards,integrate public spaces,,,,decorative ceiling panels for indoor use
horsehair weaving,weave fabric,manipulate bunches,create textures,develop techniques,,,woven upholstery fabric for installations
hot stamping foils,transfer lacquer,activate adhesive,produce bond,serve transport,,,decorative finishes on greeting cards
hotwood essen uni line,support cladding,enhance appearance,simplify installation,improve stability,allow reusability,,timber cladding for building façades
hp nylon plastic,fuse noun,produce noun,print noun,strengthen noun,,,drone parts and mechanical fixtures
hpl and hpl veneer full colour,create niche designs,provide personalization,enhance aesthetics,,,,customized interior wall panels
hsb bioboards,create microclimate,reduce moisture accumulation,silence rooms,provide thermal insulation,bond with protein glue,,lightweight dry construction panels
ht coating for ceramic tiles,make surfaces easier to clean,prevent formation of pathogens,eliminate unwelcome odours,create self washing effect,,,high temperature baked ceramic tile coating
hugging clayrolls,invite people,reinforce effect,,,,,tactile paving tiles with patterns
huguet recycled terrazzo,replace aggregates,create unique product,last hundred years,repair product,,,flooring tiles for architectural spaces
human hair rope,reduce waste,create objects,provide insulation,absorb oil,,,utilitarian tools and objects
husk,reduce waste,provide insulation,create surface,,,,mosaic tile and solid surface countertops
husque,grind particles,meld shapes,form objects,,,,handcrafted decorative bowls and trays
hybrid collection,reduce noise,provide comfort,offer easy maintenance,create visual effect,,,biophilic flooring for commercial spaces
hybrid insulation,provide thermal performance,protect dust,reduce air movement,offer thermal resistance,,,thermal insulation for walls and roofs
hybrix,bind fibres,weigh light,form shape,resist fire,resist uv,,interior components for aircraft and trains
hydro chromic white,change colour,provide water resistance,ensure fastness,,,,colour changing textile coating
hydro sustainable aluminium,reduce carbon footprint,enable recycling,support sustainability initiatives,,,,low carbon structural components for buildings
hydrophobic oleophobic coatings,create layer,bond surfaces,repel water,repel oil,repel dirt,,anti smudge layer for eyeglasses
hygroscopic mortar,bonding aggregates,filtering water,retaining water,draining properties,,,environmentally friendly paving stones for pedestrian networks
hyper wood,create material,forge new life,replicate structure,blur boundary,,,customisable solid matter for furniture
hyperion wood composite,provide durability,offer anti slip,resist fungal decay,enable low maintenance,,,decking and cladding systems
hyperrealistic concrete,create furniture,provide durability,enable flexibility,allow drainage,,,outdoor garden seating
hyperwave,customizable wall cladding,provide finish,suitability exterior use,,,,interior and exterior wall cladding
i frammenti,create tile,provide aesthetic,reduce grout,,,,jointless mosaic flooring
i light,transmit light,capture light,allow seeing,create transparent effect,maintain transparency,,light transmitting architectural panels
i mesh,provide dividers,cover ceilings,react light,create shading,,,custom panels for coworking spaces
ibena technodeco,demonstrate tensile strength,provide flame retardancy,offer tear resistance,stretch under tension,,,theatrical backdrop and curtain systems
ice cubes,create nonload bearing structures,provide impact resistance,allow partitioning,,,,partition walls and shelving systems
ice lighting,diffuse light,blend colours,transmit light,eliminate glare,create textures,,led lighting system with diffusion lens
iced barn and frosted barn,enhance nature,protect surface,add depth structure,,,,indoor furniture and wall panels
icell skiva,insulate against cold,insulate against heat,attenuate unwanted sounds,absorb moisture,release moisture,,flexible insulation batt for walls and roofs
ideapaint,transform surface,create surface,apply coating,,,,dry erase writing surface
igp dura mix,provide impact resistant surface,offer good light resistance,enable low baking temperatures,allow easy application,support overcoating,,durable surface finish for metal components
igp dura xal,enable matte surface finish,provide uv resistance,offer weather resistance,,,,architectural façade coating
illuminated textiles,integrate lighting,allow washability,allow drapability,develop displays,apply 3d shapes,,textile display for events and trade shows
illumination panels,reveal details,adjust illumination,apply designs,,,,decorative wall panels with adjustable lighting
ilum,allow light,improve mechanical characteristics,reduce weight,,,,translucent concrete structures
imagic weave,create lighting effects,maintain transparent look,enable video content,allow easy connection,provide fast setup,,programmable led façade system
imagine vibe,provide durability,offer abrasion resistance,enable antimicrobial properties,allow fire retardance,facilitate lightweight design,,upholstered wall panels
imar singular metal solutions,allow customisation,reduce energy consumption,provide light entry,minimize environmental impact,,,custom façade systems
imaz,encapsulate materials,provide uv resistance,offer strength,resist flammability,create custom combinations,,bulletproof glass panels
imi altholz,coating mineral,processing conventional tools,painting matte varnish,protecting additional coat,,,vertical decorative wall panels
imi beton concrete,design noun,reduce cost,increase flexibility,,,,concrete look interior surfaces
imi rost,coat surface,process tools,apply paint,seal varnish,,,coated composite board for furniture
imibeton,coat panel,create surfaces,reduce weight,,,,interior wall panels with concrete finish
immersion,create experiences,stimulate interiors,enhance productivity,,,,textured flooring tiles
imperfection,provide sound dampening,contribute wellbeing,bring natural colours,create organic textures,,,office and hospitality carpet tiles
impex,provide impact strength,show optical properties,resist weathering,fabricate easily,perform at high temperatures,,safety glazing for public buildings
recycled curtain vigo,connect nature,provide comfort,block light,,,,in between curtain for interior spaces
in fusion embossed,provide fire resistance,enable electromagnetic shielding,allow for interior design,,,,metal textiles for interior design
inax lascaux,provide aesthetic,create relief,allow grouting,,,,decorative wall tile installation
inax sentousai,provide aesthetic wall covering,create textured surface,offer variety in thickness,,,,decorative wall strips for bathrooms
inbusta,enclose element,create product,suit outdoors,,,,dividing panels for indoor and outdoor use
inconspicuous matter,visualize energy flows,change colours,,,,,ambient display for visualizing energy flows
incubo,provide cushioning,offer durability,enhance comfort,reduce environmental impact,,,floor covering for residential spaces
indigo leather,dyeing noun,tanning noun,resilience noun,,,,indigo dyed leather garments
inducon,absorption ink,distribution ink,coating surface,adjusting hardness,avoiding yellowing,,ink storage and distribution system
indupoint,provide anti slipping characteristics,leave textile character unaffected,be breathable,be flexible,be formable,,non slip equipment for cushions in wheelchairs
industrial craft,utilise niche plastic waste,create durable composite material,cast diverse 3d forms,cut sculptural tables,sand finish possibilities,,sculptural tables and vessels
hemp mycelium sandwich panel,offer strength,provide insulation,reduce carbon,,,,thermal and acoustic insulation panels for building construction
industrial micro systems,create lighting,control lighting,combine colors,,,,energy efficient architectural lighting system
industrial textiles,cover niche markets,manufacture fabrics,produce composite textiles,,,,woven fabric for bulk bags
inflatable wood,transform panel,inflate structure,customize pattern,,,,inflatable decorative wall panels
ingeo,create fabric,fuse fabric,emboss fabric,die cut fabric,,,lightweight architectural fabric panels
inner skins,transform leather,create unique objects,preserve original shape,enhance flexibility,,,distinctive leather objects
inno x,flame retardant,stain resistant,anti microbial,,,,upholstery for healthcare environments
inorganic polymer concrete,replace cement,provide strength,offer aesthetic,,,,sustainable wall tiles
inox spectral coloured,coloring surface,masking areas,treating surface,,,,decorative architectural elements
inox tile,provide aesthetic,allow installation,fulfill sanitary requirements,,,,stainless steel wall and floor tiles
inoxtile,resist wear,maintain hygiene,provide anti static properties,,,,kitchen splash board
insulated glassblock,optimize energy,insulate heat,assemble panels,facilitate recycling,,,multi functional translucent building facade panels
insulation with ecose technology,reduce heat transfer,provide sound insulation,enhance comfort,minimize dust,improve cutting ease,,partition wall insulation
intaglio embossed lampshade material,filter light,create pattern,support structure,,,,lampshade design
intelligent sun shading glass,change opacity,reduce transmittance,block solar energy,,,,temperature responsive glass facade
interactive sensory design applicate 1,create narrative,enhance aesthetics,provide acoustics,offer resilience,facilitate maintenance,,3d decorative wall panels with woven effect
interwoven,manipulate root system,interweave fabrics,channel forming,conform patterns,,,textile like material for fashion
intexmo wallart,simulate fabric,finish surface,mount easily,,,,interior wall design panels
invarimatte walnut,provide corrosion resistance,allow for welding,create textured finish,support structural integrity,,,wall panels for interior design
ipachrome design,reflecting nature,decorative use,insulating coating,,,,façade cladding and shop interior designs
ipc,provide protection,improve hygiene,offer waterproofing,,,,protective coating for metal and concrete surfaces
iq pro custom,provide sound insulation,offer sound absorption,allow customisation,enable unique design,,,closed soundproof partition system
ir relief,absorb background noise,create peaceful space,provide acoustic relief,suit public spaces,,,acoustic wall panels for meeting rooms
iron corten,provide colour,offer durability,resist stains,allow easy cleaning,withstand heat,,countertops and cladding
iscreen,assemble unit,arrange unit,divide room,decorate wall,,,modular room divider and wall decoration
iso cork,provide insulation,coat surfaces,add colour,,,,sprayable cork coating for walls and façades
isoflam,fireproof panel,lightweight panel,easy to work with,,,,boat bulkheads and furniture
isoglas,provide insulation,provide strength,provide safety,,,,thermal insulation for industrial equipment
isolcell and isolkenaf,provide soundproofing,offer thermal insulation,enhance fire resistance,,,,soundproofing and thermal insulation panels
isolgomma,absorb sound,insulate impact noise,adapt surface,lay precision,,,sound absorbing underlay for floors
istrenn,reduce waste,create objects,customize designs,manufacture furniture,,,custom made furniture and lifestyle objects
jacquard denim,weave fabric,stretch fabric,design fabric,,,,denim clothing for casual wear
jacquard lancé découpé,weave pattern,clip threads,suction fringes,,,,decorative textile for upholstery
jacquard mesh,increase breathability,enhance moisture absorption,provide soft hand feel,improve comfort,support body movement,,activewear clothing
jacquard with metal lurex,create yarn,provide metallic appearance,enhance texture,,,,decorative textile for fashion garments
japanel,provide translucence,enhance aesthetics,support structural integrity,,,,sliding door panels with decorative inlay
japanese knotweed material,provide strength,offer lightness,biodegrade safely,,,,design pieces for indoor environments
jb glass edition,provide texture,offer patterns,enable reproduction,,,,textured glass panels for architectural design
jelly tiles,provide safety,allow decoration,enable adhesion,offer softness,,,decorative wall tiles for interior design
jersey riga fuxia lurex,elasticised fabric,blended material,,,,,elastic clothing for activewear
jewel brick knit brick,add texture,create walls,stimulate perception,evoke sensations,,,decorative brick walls for urban development
jewel brick storm,create surface,add texture,deliver experience,,,,relief brick facade design
jewel,cut tile,add dimension,,,,,decorative mosaic in residential spaces
jolie,provide coverage,enable quick drying,allow transfer printing,offer breathability,ensure comfort,,activewear and beachwear garments
jotun powder coating,protect naturality,preserve beauty,provide durability,replace layers,,,one coat finish for engineered wood furniture
jrc reflex,reflect light,produce stylistic effects,enhance safety,,,,retroreflective textile trimmings for sportswear
juhla pine needle textile,weave textile,provide biodegradability,replace traditional tree,,,,biodegradable christmas carpet
juicyglass,fuse glass,color customize,hand make glass,,,,architectural glass panels
jungle,capture imagination,finish sanding,treat preservative,,,,wooden wall panelling
jute wall tiles,transform noun,create noun,resist noun,,,,handcrafted wall tiles
k bench,modular bench,extendable bench,shape bench,,,,modular outdoor seating solution
k briq,reduce carbon footprint,minimize energy input,enable recycling,allow customization,,,masonry bricks for construction
kabekobo shikkui plaster,absorbs co2,kills bacteria,regulates humidity,reflects light evenly,prevents dust accumulation,,interior and exterior wall finishes
kairatin,purify air,absorb sound,act as barrier,,,,acoustic design panel for indoor spaces
kapa,create lightweight board,provide aesthetic surface,serve as mounting substrate,support visual communication,,,presentation board for advertising displays
kappa,improve scratch resistance,provide chemical resistance,offer flexibility,serve decorative purpose,,,decorative profile for doors and windows
kareline,combine properties,offer customization,comply with requirements,improve characteristics,,,biodegradable injection molded components
karma,show depth,create original combinations,cover surfaces,,,,decorative wall and countertop tiles
karta pack bagasse cotton mix,provide nesting,offer safety,enable compostability,ensure biodegradability,,,compostable packaging for products
karta pack bamboo,provide environmentally friendly alternative,offer compostable packaging,enable moulded pulp technology,,,,biodegradable packaging for consumer products
karuun,transport water,inject bulking agents,shape boards,sand surface imperfections,,,semi finished weaving materials
kaumera,recover biopolymers,provide unique characteristics,support circular product,,,,biobased gel for wastewater treatment
kauri,create nonrepeatable pattern,provide resilience,offer good acoustics,allow custom sizing,,,hand woven decorative rug
kaurit light technology,reduce weight,achieve strength,replace wood,,,,lightweight particle board for furniture construction
kayar,provide flooring,resist scratching,support high traffic,accommodate wall surfaces,,,high performance flooring for commercial spaces
kaynemaile architectural mesh,reduce heat,manage solar gain,provide airflow,allow daylight,create structures,,custom architectural screens for building facades
kebony character,provide naturality,deliver durability,offer sustainability,,,,wooden cladding for buildings
kebony clear,impregnate wood,engineer decking,create cladding,,,,sustainable wood cladding for buildings
kedroplast,reduce fatigue,increase muscular efficiency,improve mind clarity,relieve irritability,alleviate allergic symptoms,,interior panels for spas and saunas
keim lignosil verano,simulate colour,change surface,equalise visual,treat surface,,,exterior wood facade treatment
kenetix spacer,provide insulation,allow stretch,,,,,thermal insulation fabric for casual wear
kepla coat,improve corrosion resistance,provide wear protection,ensure anti friction properties,prevent infiltration of gases,resist mechanical stress,,high precision rotors in turbo molecular pumps
keraion,decompose micro organisms,reduce air pollutants,prevent growth,ensure creative freedom,provide invisible fastening,allow rapid installation,facade panels for large buildings
keralpor,support noun,diffuse gases,reduce strain,avoid adherence,,,sintering base for ceramic components
kerama facade cladding,provide weather resistant,offer low maintenance,support acoustic performance,ensure fire resistant,,,exterior façade cladding system
keratwin,decompose microorganisms,reduce air pollutants,provide design freedom,enable easy installation,,,facade system for buildings
kerloc,provide facades,enable recycling,ensure colour stability,,,,sustainable building facade panels
kerrigan architectural tile,create tile,provide aesthetic,resist weather,offer durability,,,large format architectural wall tiles
kerto laminated veneer lumber,provide structural support,offer dimensional stability,enable construction versatility,,,,beams and joists for building structures
kevlar,provide high strength,offer thermal stability,resist chemical degradation,,,,protective clothing for industrial workers
ki kern,provide fascia cladding,offer low maintenance,ensure durability,maintain form stability,resist impact,,fascia cladding for buildings
ki ori tennâge,combine nature,weave textile,adapt technology,create fabric,,,japanese kimono textile
kilkenny,render fireproof,biodegrade naturally,protect skin,,,,fireproof soft furnishings
kiln cast glass,transform surface,enhance textures,produce textured,cut complex shapes,drill countersunk,,architectural decorative panel
kilolux glass,provide weather seal,comply specifications,offer compressive strength,,,,weather sealed glazing system for buildings
kingskin,create textile,soften leather,stiffen cardboard,,,,textile for traditional clothing
kintyre,create texture,provide comfort,match interiors,,,,comfortable sofas and armchairs
kirei board,construct panel,heat press adhesive,reduce emissions,provide revenue,,,interior architectural millwork panels
kisho,create dimensional appearance,suit upholstery,provide soft texture,,,,upholstered cushions and chairs
klimatec,regulate heat fluxes,prevent mold,absorb sound,bridge cracks,,,interior insulation system for energy conservation
klp greenmatter,provide uv resistance,ensure longevity,enable recyclability,,,,artificial turf replacement
klp recycled panels,provide durability,resist weather,allow maintenance free use,enable easy cleaning,support natural appearance,,exterior wall cladding panels for buildings
3d textiles knitted and woven,provide cushioning,reduce noise,support seating,,,,office chair upholstery
knitted steel fabric,provide protection,feature dampening,offer shielding,be washable,,,protective garments for fire safety
knitted walls,provide nontraditional texture,create tactile value,suggest woollen appearance,,,,tactile ceramic wall finish
knoftex,provide sound insulation,provide heat insulation,create decorative wall panels,,,,soundproof wall panels
knotty,create surface,allow drainage,increase functionality,embody materiality,,,outdoor and indoor furniture
knoxout,convert gases,generate free radicals,break down pollutants,provide self cleaning properties,offer anti bacterial properties,deliver de odorizing effects,air cleaning paint for exterior surfaces
ko bol,support structure,divide space,accent architecture,create lighting,,,window and wall treatments
ko si natural fibres,provide comfort,regulate moisture,insulate heat,absorb water,prevent discomfort,,padding material for mattresses and upholstered furniture
kollamat,provide comfortable feel,regulate humidity,insulate heat,offer natural optics,create lively surfaces,,injection moulded components with high quality feel
komanda,provide breathability,offer durability,ensure softness,resist abrasion,maintain strength,,arc flash protective clothing
decorated lava stone,highlight nature,provide drainage,resist thermal bridge,offer mechanical resistance,,,surface drainage systems for outdoor foot paths
freehand drawing,enable decoration,apply colour,create patterns,,,,hand decorated stoneware tableware
silk screen printed lava stone,create pattern,provide anti slip,enhance surface finish,,,,floor tiles with decorative patterns
koraflex,replace noun,conform noun,guarantee noun,resist noun,recycle noun,,roof waterproofing membrane
koroseal,manufacture wallcoverings,activate fire detection,provide protection,resist scratch,suit high traffic,,fire detection activated wallcovering
koskilaser,provide smooth surface,offer durability,enhance translucence,,,,kitchen fittings and cabinetry
koskisound,reduce sound,insulate air borne sound,damp structure borne sound,,,,sound reduction boards for transport vehicle floors
koukoutsi,manufacture furniture,coat surfaces,resist water,apply easily,,,coated indoor and outdoor surfaces
kova textiles,create fabrics,pass light,provide translucence,offer flammability resistance,demonstrate lightfastness,,translucent wall hangings and room dividers
kovalex,provide resistance,enable construction,allow recycling,,,,interior wall and floor panels
koyo ibushi arare,absorb moisture,release moisture,regulate humidity,absorb smells,emit far infrared rays,,humidity regulating wall panels
koyo ibushi tiles,absorb moisture,release humidity,regulate smells,emit far infrared rays,,,humidity regulating wall tiles
koziol,combine module,tailor installation,create decoration,,,,modular interior design elements
kraftplex relief,provide stability,enable flexibility,allow shapeability,offer electrical insulation,support biodegradability,,3d shaped wooden sheeting for interior design
kraftplex,transform noun,cut noun,treat noun,create noun,cover noun,,decorative wall covering for interior design
aluminium chain links,facilitate integration,allow light flow,enable customization,provide durability,maintain spaciousness,,interior design installations
kristalprint,print noun,resist uv,resist scratch,ensure durability,merge aesthetics functionality,,bespoke wall finishes
kromatafor,morph colour,crossfade colour,create visual intrigue,,,,colour shifting leather goods
krystal weave,combine novelty,provide translucence,offer fire resistance,create aesthetic,,,commercial window coverings
kugelgarn,provide wear resistance,absorb sound,conduct warmth,allow easy repair,,,floor covering for high traffic areas
kuii,mouldability noun,flexibility noun,versatility noun,laser cutting noun,hand sewing noun,machine sewing noun,faux leather accessories
kuiperfoam,reduce weight,provide stiffness,offer hardness,resist water,insulate electrically,,lightweight structural panels for vehicle construction
kuipertec,provide lightweight panels,offer high stiffness,resist water and detergents,enable easy bonding,allow sawing and drilling,,bulkhead material for partitions
kumiko,assemble nails,fit individually,make adjustments,,,,decorative sliding door
kumpu,fire retardant fabric,knitted surface,acoustic insulation,,,,high end home decoration textiles
kunrader stone,load bearing wall,interior detail,,,,,architectural stonework for buildings
kurz foils,provide brand name protection,increase security,offer design possibilities,create metallic effects,allow precise registration,,decorative packaging for consumer products
kynol fibres and textiles,provide flame resistance,emit minimal smoke,offer electrical insulation,offer thermal insulation,,,fire resistant textile for protective clothing
l sim,provide structural support,offer reflective appearance,resist chemical degradation,withstand high impact,allow translucence,,decorative curved surface panels
lace 3d print on tulle,mimic look,mimic feel,3d printing pattern,,,,decorative textile for fashion accessories
lace latex,coat lace,manipulate characteristics,produce drape,maintain stretch,,,decorative fashion fabric
lacefence,prevent climbing,hide surroundings,enhance aesthetics,deal with weather,provide custom look,,decorative fencing for residential and commercial use
lacquered strié,create pattern,provide durability,enable washability,,,,interior wall covering with embossed pattern
laif,improve air circulation,enhance water vapour transmission,provide comfort,reduce stickiness,,,upholstered soft furnishings
laminate edition 1,provide flooring,protect surface,enable quick assembly,,,,interior flooring solution
laminated linoleum,create plate,resist scratch,resist water,,,,table tops and chair seats
laminated series,laminate panel,color match facings,provide lightweight structure,,,,translucent feature wall panels
laminil,provide thermal protection,offer lightweight packaging,enable die cutting,allow direct printing,,,luxury packaging for cosmetics
lam slab,resist organic solvents,resist inorganic solvents,prevent bacterial growth,resist scratching,resist fire,,surface for commercial kitchens
lana lumière fil ruban,create transparent,emboss sharp,deboss create,enhance appearance,,,high quality greeting cards
lana wool mycelium composite,repurpose wool waste,create composites,promote circular use,address waste issue,contribute local economy,,mycelium based composite panels for architecture
lana,create atmosphere,provide insulation,absorb sound,resist stains,offer comfort,,in between curtain fabric collection
langotec,provide insulation,reinforce structures,emit temperature,,,,dimensionally stable heating sleeves
laricross,bonding core,producing structure,providing resistance,maintaining conductivity,,,lightweight structural panel for durable projects
lariks hollands hout facade cladding,resist fungi,resist insects,optimize stability,allow untreated mounting,,,exterior facade cladding
lasertec,cut component,drill component,texture surface,shape mold,,,precision tools with defined cutting edges
lateral lighting fibre elements,transmission of light,managed emission of light,increased mechanical resistance,sewing into textile garments,,,light emitting textile piping
latho relief panels,press structure,finish lacquer,create look,provide fire retardant,offer moisture resistance,,decorative wall panels with unique structures
lattice structures,provide flexibility,support loads,filter liquids,,,,architectural support structures
laucork,provide insulation,offer sound absorption,create decorative surfaces,,,,cork wall tiles for interior design
lava tiles glazed,create non slip surfaces,provide thermal insulation,resist moisture,withstand high temperatures,,,decorative wall and floor coverings
lava tiles natural,create wall covering,create floor covering,provide moisture resistance,provide thermal insulation,enhance texture,,textured wall and floor coverings
lava tiles,solidify surface,pave pathways,colonize vegetation,,,,outdoor paving tiles for pathways
le pavé recycled plastic panel,provide versatility,offer creative capital,ensure fire resistance,allow customization,enable easy cleaning,,worktop for interior design projects
leadax roov,reflective nature,temperature regulation,fire resistant properties,recyclable material,,,flat roofing membrane
leap,upcycle material,customize product,reduce emissions,minimize water use,,,small leather goods
leather belt floor tiles,create surface,provide durability,offer aesthetic,,,,luxury flooring tiles
leather floor tile,provide dimension,resist water,enhance aesthetics,offer durability,,,water repellent floor tiles
leather floor tiles,maintain durability,provide insulation,offer sturdiness,deliver warmth,,,flooring for meditation rooms
leather tiles,provide insulation,absorb sound,offer comfort,create aesthetic designs,,,insulated flooring tiles
leather w all fashion,create design,dress surface,attach panels,remove panels,,,modular wall paneling system
leatherlike paper,resemble leather,provide style,offer tactile experience,enable luxury printing,facilitate packaging,,luxury packaging for fashion products
leatherlok,provide noun,conceal noun,create noun,make noun,,,woven wall surfacing system
leathertile,provide sound absorbency,provide heat insulation,improve age,,,,sound absorbing wall tiles
leatherweaves,reduce overheating,offer treatment,provide creativity,create unique aesthetics,,,woven leather upholstery for luxury vehicles
led art,create installations,combine light,enhance effect,react environment,,,interactive light installations
transparent led film,embed leds,laminate glass,produce custom designs,,,,laminated glass tables with embedded leds
led gallon,integrate light,provide luminescence,enable washing,allow stitching,,,illuminated textile tape for garments
led light sheet,deliver illumination,transport light,stay cool,provide lighting solution,,,backlighting panel for retail displays
led wallpaper,illuminate rooms,create atmosphere,provide customization,,,,ambient lighting wall covering
leech,weave skin,fabricate chair,design furniture,,,,handcrafted modern chair
leek paper,make paper,wrap vegetables,explain nutrition,,,,biodegradable vegetable wrapping paper
léém clay plaster paint,provide finish,create texture,offer breathability,,,,internal wall and ceiling coating
leemsteen dutch clay bricks,regulate climate,retain heat,neutralize pollutants,prevent mould,,,load bearing and non bearing walls
legno legno,provide warmth,offer sound absorption,create a smooth texture,,,,laminated wooden carpet
lemonpack,neutralizes bacterial agents,enhances objects,provides soundproofing,,,,customized decorative glass block
leno knitted reinforced film,provide cover,enhance lifetime,offer protection,,,,temporary protective cover for scaffolding
lenpur,absorb moisture,release humidity,provide comfort,resist odour,reduce static,,high fashion knit fabrics
lenticular sheets,create image,provide depth,enhance visuals,,,,3d visual display panels
lenz,create depth,shift color,change shape,provide translucence,offer design variation,,semi transparent architectural panels
lexan film,provide scratch resistance,offer light diffusion,maximize light transmission,enhance clarity,ensure flame retardancy,,anti fog lenses for eyewear
lexan,create nonstandard shapes,provide transparency,offer lightweight properties,,,,semi transparent façade panels
liapor,reduce weight concrete,control size granules,create lightweight panels,,,,lightweight concrete bricks
licrete,maintain strength,allow translucency,enable stacking,facilitate quick construction,,,translucent architectural building blocks
lifeline,bind polymers,resist fire,produce energy,,,,flooring for schools and hospitals
light diffusers collection,diffuse light,transmit light,ensure quality,,,,light diffusing sheets and tubes
light emitting film,produce bright light,show uniformity,control brightness,combine with backlit film,,,3d animated display panels
light montage,interact user,change patterns,play sensorial,,,,interactive indoor textile installation
light paper,integrate optical fibres,create smooth surface,emit light,,,,light emitting wallpaper
light tape,produce light,activate system,backlight signage,wrap around corners,consume energy,,flexible light emitting lamp for signage
light transmitting veneered panel,transmit light,enhance aesthetics,provide solidarity,,,,backlit decorative wall panel
lightben acoustic,enhance acoustic performance,provide stiffness,create partitioning,,,,acoustic partitioning panel for interiors
lightben mini,create transparency,allow colour shading,provide light weight,offer stiffness,enable easy cutting,,translucent interior paneling
lightben,reacts with light,creates semi transparent effect,provides fire resistance,offers uv protection,,,backlit partition wall
lightbeton,bond noun,demonstrate adjective,equip noun,transform verb,,,lightweight acoustic flooring panels
lightblocks,transmit light,resist impact,adapt application,,,,translucent room partitions
lightfader,displace fluid,hold weight,resist scratch,,,,interactive light floor system
lightweight acoustics,absorb sound,reduce noise,provide fire resistance,,,,sound absorbing wall panels for offices
lightweight boards,minimize weight,provide bending strength,resist moisture,offer decorative finish,,,lightweight wall panels for interior design
lightweight concrete,provide acoustic protection,bonding panel surfaces,coat horizontal applications,support cut sheets,,,acoustic wall panels for retail spaces
lightweight natural stone,bonding panel,enhancing edge finish,mounting system,creating seamless walls,,,lightweight stone wall panels
lignacore premium,produce finish,offer consistency,apply lacquer,,,,prefinished wood veneer sheets on mdf boards
lignasil,manufacture components,replace plastics,mold surfaces,,,,precision molded components for various industries
lignify oak,provide flame retardancy,offer antibacterial properties,absorb uv light,ensure durability,,,leather alternative for fashion accessories
ligno foam material,provide lightweight structure,offer good weather resistance,ensure moderate chemical resistance,,,,lightweight furniture components
ligno leather,serve alternative,be biodegradable,consist biobased,,,,sustainable shoes for fashion
ligno plastic,offer sustainable alternative,maintain compostability,integrate renewable resources,,,,shoe soles
lignoloc wooden nails,drive nail,weld nail,provide alternative,,,,wooden fastening system for construction
lignostone,stacking layers,compressing sheets,joining with resin,,,,structural insulation for electrical apparatus
lignotube,produce tubes,create hollow body,enable processing flexibility,,,,lightweight structural tubes for furniture design
limix,absorb voc gasses,kill bacteria,regulate humidity,provide customized textures,achieve hardness comparable to marble,,high pressure wall tiles with customized effects
line x,create barrier,protect equipment,bond materials,resist abrasion,dampen vibration,,secondary containment system for hazardous materials
linear diffuser lenses,diffuse light,elongate light,,,,,glare free window lenses
linear,provide structural support,resist weathering,allow for aesthetic design,,,,exterior masonry wall
linen textile,weave fabric,dye fabric,embroider fabric,,,,high quality curtain and upholstery fabrics
linopulpo,reduce waste,optimize resources,provide sound absorption,allow wet moulding,create unique aesthetics,,acoustic sound panels
liquid crystal color change collection,change color,laminate substrates,encapsulate chemicals,,,,color changing wall panels
liquid glass,resist dirt,make surfaces easier to clean,prevent bacterial growth,apply coating,,,anti graffiti surface treatment
liquidmetal,optimize properties,tailor composition,exceed strength limits,,,,high performance sports equipment
liquidwood,combine properties,process thermoplastics,produce materials,,,,architectural components using injection moulding
liquifloor,move liquid,swirl liquid,seal tile,provide colour,,,tough floor tiles with dynamic effects
lisbon,provide toughness,offer flexibility,resist moisture,resist mould,ensure low maintenance,,weatherproof tile for high traffic areas
liscio,create brick,polish surface,minimize joints,,,,lightweight concrete brick with natural stone layer
lisocore,provide lightweight construction,ensure high strength bonding,create material efficient structure,,,,lightweight structural panels for furniture
lithoplast,create material,shape material,transform waste,,,,experimental composite for sustainable design
litracon pxl,create nontransparent surfaces,design patterns,form 3d objects,,,,illuminated wall panels
litracon,transmit light,illuminate darkness,create shadows,adjust mixture,produce aesthetic effects,,light transmitting architectural blocks
living colour,produce dyes,colour textiles,reduce water,reduce energy,eliminate hazardous chemicals,,biodegradable dye for textiles
living colours,resist uv light,resist sea water,provide durability,offer colour variety,,,outdoor artificial grass carpet
living pavement tiles,promote biodiversity,provide rainwater infiltration,support spontaneous growth,,,,pavement tiles for urban landscapes
loam construction panel,regulates moisture,provides thermal insulation,neutralises air pollutants,absorbs odours,protects against fungi,,moisture regulating wall panels for wet rooms
loam and hemp panels,regulating moisture,attaching panels,cutting size,,,,moisture regulating building panels
local textile,handwoven textile,used curtains,used lamp shades,used wall panels,,,indoor decorative wall panels
locktiles,interlock tile,replace tile,prevent fraying edge,install surface,,,interlocking carpet tile flooring
lokareboon,provide strength,offer abrasion resistance,preserve colour,,,,recycled balloon based decorative items
lokta paper,provide strength,offer durability,resist insects,enable printing,,,handmade decorative paper products
loops,manipulate weaving,create texture,reflect light,,,,decorative wall hanging
louverscreen,block sunrays,offer shade,provide ventilation,reduce reflection,require minimized maintenance,,solar control window shading system
lovrtm,minimise dependency,capture co2,reduce waste,support sustainable supply chain,return to soil,,biodegradable textile for fashion
luccon veneer,form noun,conjure noun,resist noun,,,,backlit architectural panels
lucem label,transmit light,create patterns,design signs,form panels,provide water repellency,,light transmitting wall panels and floor tiles
lucem line,transmit light,provide translucence,resist heat,resist cold,resist uv rays,,translucent wall cladding
lumaglass,generate light,highlight architecture,illuminate interior,,,,electroluminescent glass wall system
lumex,ensure printing results,offer resistance to weathering,provide impact resistance,enable coldbending applications,facilitate vacuum forming,,transparent and translucent display panels
lumi tiles,provide non slip layer,save energy,meet iso standards,deliver durability,,,emergency lighting in public spaces
lumiblade oled,emit light,produce constant light,seal layers,,,,embedded lighting system in furniture
lumicast,capture objects,provide translucence,create decorative panels,,,,decorative wall panels for interior design
lumicor,embed textiles,transmit light,form variety,accommodate curves,,,light diffusion panels
lumigram,emit colored light,produce luminous effect,,,,,high tech fashion accessories
lumine,filter light,insert optical fiber,provide structure,,,,light filtering wall panels
luminescent textile,integrate yarn,provide design opportunities,allow braiding,,,,safety clothing with photoluminescent features
luminex,illuminate leds,distribute light,,,,,light emitting textile for interior design
luminore on glass,coat glass,enable mixing,achieve border,,,,thermopane glazing outer layer
luminore on tiles,create patterns,apply coating,enhance durability,improve heat transfer,,,decorative tiles with metallic finishes
luminoso,conduct light,provide strength,embed fibre optical waveguides,,,,decorative lighting panels
luminous concrete,reinforce fibreglass,resist water,glow photoluminescent,,,,facade cladding with luminescent features
luminous glass,emit luminous energy,provide visual appeal,enable custom designs,,,,luminous wall tiles
luminous patterns,create light,enhance space,infuse pattern,stimulate senses,,,dynamic lighting panels for architectural features
lumiscopic,create illuminated surfaces,vary colour,apply decorative graphic,,,,large scale lighting panel
lumistone,emit afterglow,ensure durability,provide flame resistance,,,,emergency exit signage with photoluminescent features
lumisty,scatter light,transmit light,control view,enhance appearance,,,view control window film for retail displays
luna trout leather,minimize impact,easy to use,innovative material,,,,ornamental leather goods
luna,highlight nesting,encourage exploration,invite participation,,,,handcrafted glass and aluminum tile collection
lupine fibreboard,stabilise soil,decompose biodegradably,remove bitter compounds,,,,biodegradable insulation board for construction
lustralite,create surface,add sheen,provide texture,create pattern,,,decorative laminates with textured finishes
lustre,resist wear,adhere quality standards,provide durability,offer hygiene,resist chemical stains,,floor tiles for high traffic areas
luxalon multi panel bxd ceiling,create designs,provide visual effects,highlight versatility,,,,directional ceiling system
luxar,reduce reflectance,provide durability,allow handling,enable invisibility,,,anti reflective glass for facades
luxepad,create insulation,maintain properties,reduce waste,blend fibres,transform materials,,high performing insulating pad
luxurious lycra,provide elasticity,enhance comfort,offer durability,resist chloride,,,swimwear and active sports apparel
luxury vinyl,provide floor covering,offer patterns,play with eyes,,,,durable floor covering solution
luxury walls,apply noun,cover noun,weave noun,,,,decorative wall coverings
lw light weight board,provide non combustibility,enable ease of handling,allow smooth painting,offer durability,ensure sound proofing,,non combustible internal lining for partitions
lycra with ceramic,prevent transparency,enhance durability,,,,,swimming wear that remains opaque
m ecodeck,provide decking,offer non slip,enable repair,allow recycling,,,eco friendly outdoor decking solution
m2uur,produce wall panels,install facing panels,incorporate digital images,,,,custom printed wall and façade coverings
madoca,apply nontransparent,manufacture panel blinds,create lampshades,enable uv ink printing,,,panel blinds and vertical blinds
madras,modify glass,corrode surface,deliver panel,,,,shower enclosure panels
mafi fresco,act massage,provide flooring,finish natural oil,,,,wellness area flooring
magic motion,create non static images,visualize linear movement,switch images,zoom in out,morph images,,three dimensional display technology
magic panel,provide heat,ensure efficiency,secure protection,,,,energy efficient heating panel
magink,change color,compress spring,expand spring,create design,provide range,,digital display system
maglia metallica,enable flexibility,provide durability,offer strength,,,,flexible metal mesh for architectural facades
magma,conserve wood,charred character,combine accent,develop structure,create pattern,,charred wood paneling for interiors
magna glaskeramik,reduce waste,enhance aesthetics,provide durability,support sustainability,,,custom cut architectural panels
magnetic floor,reduce emissions,provide easy removal,ensure safety,,,,magnetic floor tiles
magnetic leather wall and floor tiles,covering wall,covering floor,mounting magnets,demounting magnets,cleaning easily,,indoor wall and floor covering tiles
magnetic zipper,magnetically attach,automatically align,lock into place,,,,one handed closing zipper for winter wear
magoxid coat,improve surface properties,provide wear protection,provide corrosion protection,meet hardness requirements,ensure dimensional accuracy,allow lubricant absorption,coating for automotive clutch components
magpaint,allow magnets,transform wall,build layer,strengthen receptivity,,,magnetic receptive wall surface
majestic gemstone,manufacturing surfaces,cutting processed,designing home,,,,inlaid stone tabletops
makrofol,provide clarity,offer impact resistance,enable light diffusion,allow easy thermoforming,support excellent ink adhesion,,automotive instrument panels
makustik,generate acoustic value,achieve absorption values,integrate insulation,,,,acoustic panels for sports halls
malai biocomposite,provide flexibility,offer water resistance,serve as leather alternative,enable seamless moulding,,,biocomposite sheets for sustainable fashion accessories
manulatex,weaving mail,producing luxury material,providing protection,,,,protective clothing and curtains
mappy foam,sound insulating material,self extinguishing foam,chemical resistant material,moisture resistant material,,,sound insulation in partition walls
mar carbon diago cot,provide waterproofing,offer durability,ensure flexibility,,,,boat coverings and gym mats
mar pol 1000 piramidi,create tarpaulin,provide waterproofing,offer fire resistance,,,,technical waterproof bags
marble,provide warmth,create texture,prevent shedding,offer resilience,,,hand woven carpet with unique structure
marbon,join using adhesive,offer natural look,provide hygienic surface,,,,integrated countertop design
marbré,provide non slip surface,offer durability,resist scratching,support high traffic use,,,custom marbled floor covering
marinedeck,reduce heat loss,provide non skid surface,offer fire resistance,allow easy cleaning,,,non skid deck surface for boats
marinex bearings,provide mechanical strength,resist shear,resist creep,resist marine growth,machine without dust,maintain dimensional stability,marine shaft and rudder bearings
markspelle textiles,provide fire resistance,offer wash ability,ensure durability,enable climate control,,,interior textiles for climate control in modern architecture
marlan,resist water,resist temperature,resist stains,provide hygiene,allow repair,,bathroom vanities and sinks
marmodur marble composite flooring,withstand traffic,create floor,resist wear,revitalize floor,,,seamless flooring for laboratories and factories
marmoleum co2 neutral,reduce co2,provide sustainability,create beautiful environment,,,,co2 neutral flooring solution
marmoleum marbled,provide nature,enhance aesthetic,combine surface,,,,sustainable floor covering
marmoleum modular,create floor,sustainability enhance,design allow,,,,sustainable flooring tiles
marmoreal,engineered noun,suitable noun,customisation noun,,,,architectural surface tiles and slabs
marmoroc,provide aesthetic appeal,enable easy replacement,offer weather resistance,create façade patterns,,,facade cladding for multi storey buildings
marwoolus,create unique products,coat walls,form table tops,,,,indoor wall coating and table tops
masa,reduce transmission,increase hydrophilicity,achieve adhesion,control thermal,provide anti bacterial,,washable sports apparel
mastalmond,colorant pigment,enhance sustainability,additive filler,,,,biodegradable plastic masterbatch for toys
masterfoam,seal water,isolate vibration,insulate acoustic,insulate temperature,,,self adhesive sealing strips for windows
matt lacquer,create smooth finish,reduce reflectance,allow brilliant colors,,,,decorative laminate panels
matterpieces,reduce reliance,divert waste,lower emissions,enhance aesthetics,,,premium cladding material for building facades
mattrtm,offer alternative,reduce reliance,enable biodegradation,withstand abrasion,allow adaptability,provide customization,upholstery for automotive interiors
matude woodline graphite random,absorb sound,create dynamic effect,facilitate assembly,,,,acoustic wall panel system
mbi concrete facing bricks,provide structure,offer aesthetic,ensure durability,simplify installation,,,interior wall cladding with textured finish
md expanded metal façade cladding,create facade,provide sun control,allow transparency,enable fixing,reduce waste,,sun resistant facade cladding
md lighting elements,emit light,illuminate dynamically,resist scratches,display colours,,,illuminated glass panels for interior lighting
the meat project,recycle material,decellularise process,shape object,dry object,glue material,dye material,lighting objects inspired by bacteria
mechnochromic material,change colour,change transparency,respond to stimuli,,,,smart window technology
mediamesh,integrate digital imagery,display full video quality,control leds remotely,install transparent system,,,transparent media façade for advertising
medtextra,manage moisture,deliver active ingredients,shed excess moisture,hold moisture,,,self moisturising textile for drug delivery
meftex,achieve parameters,retain characteristics,maintain properties,,,,metallized nonwoven fabric for high load applications
megawood,bind polymer,cultivate sustainably,resist uv,resist weather,resist scratch,,outdoor terrace deck
melatone polycarbonate,integrate natural elements,provide translucence,offer smooth texture,,,,translucent decorative panels
mellanyl,serve substitute,resemble sheets,printable sheets,cut sheets,bend sheets,mill sheets,point of sale displays
mellow face,create skin,finish impermeable,provide hygiene,allow customization,,,waterproof outdoor furniture
melt to wealth,develop novel fabric,grind discarded clothing,mix fabric pieces,press new cloth,,,non woven fabric for sustainable clothing
melting works,create art,melt structure,laser etch,,,,textile art forms for galleries
merck effect pigments,create colour effects,provide lustre,support conductive properties,,,,automotive paint with iridescent effects
merdacotta,mix noun,extract noun,bake noun,,,,odourless ceramic tiles and tableware
meta coat,improve temperature resistance,improve wear resistance,improve chemical resistance,enhance solderability,,,metal coated plastic components for soldering
metafuse,apply nanocrystalline layer,manufacture lightweight components,improve strength and stiffness,add wear resistant coating,enhance conductivity and stability,,lightweight structural components with complex shapes
metal collection,create depth,show fine structure,reflect light,,,,contract loop carpets with metallic appearance
metal grills,create components,achieve solutions,provide utility,offer beauty,,,decorative metal trim
metal laminate,laminate surface,connect layer,deposit layer,,,,fronts for carcass furniture
metal mesh systems,reduce solar heat gain,provide fall protection,enhance safety,serve as a space divider,cover walls,,building facade with shading capabilities
metal meshes for architecture,increase transparency,decrease density,create optical effects,provide toughness,support structures,,architectural facade elements
metal meshes,provide safety,enhance soundproofing,offer insulation,enable transparency,facilitate easy cleaning,,laminated glass panels with metal meshes
metal structural surfaces,create surface,provide waterproofing,offer durability,allow customization,,,interior and exterior cladding panels
ignorance is bliss ceramic tiles,recover value,apply pigment,produce tiles,ensure colours,create variations,,interior and exterior ceramic tiles
metal woven textiles,provide flexibility,offer stain resistance,ensure non flammability,deliver anti static properties,,,room dividers and wall coverings
metalbrick,provide durability,offer aesthetic appeal,resist weathering,enable customization,,,metal accented wall panels
metalcast,create surface,provide finish,customize appearance,,,,decorative door casing
metalkern,provide nonstructural support,offer weather resistance,enable easy installation,ensure impact resistance,allow low maintenance,,decorative exterior cladding panels
foin metallic mesh,reflect light,create play,provide protection,,,,protective gloves and aprons for food processing
metallic wood,create panel,control noise,diffuse sound,,,,modular wall tile for noise control
metalspray,coat surface,oxidize exterior,simulate metal feel,,,,decorative metal like finish for objects
metawell,bonding cover sheets,adapting characteristics,developing lightweight panels,providing high rigidity,,,lightweight sandwich panels for transportation
metile,reflective surface,anti slide properties,anti scratch properties,,,,decorative floor tiles
metis seagrass,repurpose waste,create panels,provide aesthetic appeal,bond bio based materials,,,wall coverings made from seagrass panels
métisse recycled textile insulation,regulate moisture,provide insulation,reduce energy bill,improve acoustics,,,thermal and acoustic insulation for buildings
metpore metal foam,provide heat exchange,support filtration,enable infrared burner,,,,heat exchanger for industrial processes
mevocem,reduce carbon emissions,enable sustainable construction,ensure superior performance,,,,ready mix concrete for construction
mgx,create object,add slice,harden material,,,,3d printed lamp
miacore,provide rigidity,offer fire resistance,support heavy coverings,,,,lightweight wall panels for boats
mica laminates,provide translucent infill,bind fiberglass,allow thermoforming,enable recyclability,,,translucent infill panels for food environments
michelangelo print,achieve high resolution printing,allow printing on rigid media,control contour recognition,provide homogeneous colour results,,,decorative glass and metal surfaces
micro perforated veneer,absorb sound,create patterns,form panels,,,,acoustic wall panels with decorative designs
micro perforation panels,absorb sound,reduce sound vibrations,improve aesthetics,provide appearance,,,acoustic wall panels for office spaces
microcemento,renovate floor,replace carpet,apply on surfaces,customize room,,,floor and wall renovation system
microfiber plus,create texture,integrate structure,provide softness,offer supple feel,,,synthetic suede upholstery for furniture
microfibre vinyl,replace noun,resist noun,clean verb,,,,upholstery for public seating areas
microlouvre,control solar radiation,reduce solar heat gain,regulate light transmission,act glare reduction,mitigate fire spread,provide privacy,ventilated façade systems
micromoulded biocomposites,change material qualities,mould raw material,automated joining layers,3d shaping sheet,,,functional parts in furniture design
micronal pcm,absorb energy,release energy,increase thermal capacity,dampen temperature swings,,,interior temperature management system in buildings
barrisol microsorber,reduce sound reflexion,convert sound energy,reduce reverberation times,reduce sound levels,,,acoustic panel for sound optimization
microthin,create panel,reduce weight,enable translucency,,,,lightweight wall cladding system
mikado,create module,cover floor,cover wall,,,,laminated wood flooring and wall tiles
mikor,provide strength,create lightweight structure,exhibit chemical resistance,enable dimensional stability,extend versatility,,composite structural panels for aerospace
milkofil,stimulates blood circulation,absorbs humidity,is a natural antibacterial agent,allows skin to breathe,,,underwear and bedding textiles
mill finished zinc,develops patina,provides algaecidal properties,requires little maintenance,,,,architectural countertops and ornamentation
millad nx8000,enable substitution,increase beauty,provide clarity,offer flexibility,ensure lightweight,,food storage containers
millboard envello facade cladding,provide nature,resist weather,reduce maintenance,enhance aesthetics,,,sustainable outdoor facade cladding
millennium full,provide durability,offer lightweight structure,enhance impact resistance,,,,high performance footwear linings
mineral system honeycomb panel,provide cladding,bond structure,support weight,resist weather,finish surface,,large size lightweight cladding solutions
minimal art recycled pet felt,absorb sound,laminate backing,provide acoustic insulation,,,,acoustic wall covering
mirabilia wallcovering,transform surface,catch light,stimulate interaction,resist water,ease cleaning,,3d textured wall covering
miro silver,enhance reflectivity,increase illumination efficiency,provide uv stability,,,,highly reflective lighting reflectors
mirox 3g,reflective mirror,ecological mirror,resistant corrosion,resistant scratches,,,safety mirror for bathrooms
mirror metal glazes,create coloured surface,maintain reflecting function,apply cold spraying technique,,,,coloured mirror surface design
miscanthus biopolymer,absorb sound,insulate thermal,reduce weight,,,,biodegradable flower pot
mithos,provide aesthetic decoration,enable indoor outdoor use,resist weather elements,allow easy cleaning,,,mosaic wall covering for indoor and outdoor spaces
m m,allowing flexibility,rendering atmosphere,providing texture,,,,decorative packaging panels
mnml 101,provide resilience,allow outdoor use,enable indoor use,create flat structure,offer medium texture,,outdoor and indoor hand braided rugs
modcraft,create tile,provide durability,allow customization,lend texture,,,handmade decorative wall tiles
modular dimension,provide diversity,offer modularity,support sustainability,allow creative expression,,,modular carpet tile flooring
modulari,provide partitions,act decorative element,offer uv stability,enable easy cleaning,return original shape,,modular room dividers for offices
mogu acoustic,maximize sound absorption,provide acoustic comfort,slow down flame spread,improve fire reaction,,,acoustic wall panels for noisy environments
mogu floor flex,replace pigments,support circular approach,provide soft touch,allow customisation,enable continuity,,flexible flooring for high traffic areas
mogu pluma,absorb sound,provide insulation,create customization,enhance aesthetics,,,modular acoustic wall panels
mogul illuminious,absorb light,luminous dark,,,,,light emitting fabric for safety clothing
mogul softflex,convert polymer,produce nonwoven fabric,bond thermal,,,,bedding products
mohair collections,maintain craftsmanship,renew design,develop composition,finish texture,,,textiles for interior decor
mohair kaschmir paper,provide softness,enable printing,offer texture,support die cutting,,,business card printing
mohair,provide warmth,offer softness,exhibit sheen,enhance durability,create unique textures,,luxury upholstery fabric for furniture
molded pu,combine noun,customize verb,resist abrasion,endure hydrolysis,provide flexibility,,sports shoes and bags
molelk,recycle noun,aggregate noun,surface noun,,,,table tops and furniture surfaces
molly,create fabric,combine textiles,provide comfort,,,,upholstered seating solutions
momi and yanagi lokta paper,provide strength,resist insects,offer texture,allow dyeing,,,handmade decorative paper for crafts
mondaplen,absorb bumps,adapt product,protect packaging,,,,protective packaging for fragile items
moniflex,provide insulation,resist humidity,resist vibrations,reduce weight,,,insulation for passenger rail vehicles
monocolor bicolor,provide aesthetic,serve as flooring,offer weather resistance,,,,outdoor decorative tile installation
monterey,provide durability,ensure flame resistance,minimize yarn loss,,,,residential and commercial carpet flooring
moonless night,provide decorative,create luxurious look,enhance tactile structure,offer glossy finish,,,high quality decorative wall panels
morning ritual,reduce waste,bind materials,create containers,,,,biodegradable coffee containers
morphogenese,knitted material,resilient texture,smooth surface,,,,textile for fashion garments
mosaic tiles by mozenzi,provide fire resistance,enable self adhesion,allow easy cutting,support durable design,,,self adhesive mosaic wall tiles
mosaico,create tile,apply tile,resist uv,flexible application,,,custom digital image tiles for interior and exterior use
mosaico dados,decorate walls,adapt surfaces,form curves,,,,mosaic wall decoration in swimming pools
mosaico d asolo,provide aesthetic,ensure waterproofing,offer uv resistance,allow precision fitting,,,decorative wall and floor mosaic
mosaico moon glacier metallic,decorate walls,cover surfaces,adapt large areas,,,,interior wall and floor decoration
moso bamboo industrial flooring,provide nature,create floor,enhance sustainability,support thermal,offer durability,,industrial flooring for heavy duty projects
moso bamboo n durance cladding,provide durability,enhance weather resistance,offer fire safety,facilitate secure installations,,,exterior cladding for building facades
moso bamboo n finity,replace aluminium,support structures,join strips,,,,indoor construction beams for structural elements
moso bamboo n vision,laminate beam,carbonise colour,close end,strengthen insert,,,hollow structural beams for interior design
moso bamboo solid beam,provide structural support,replace tropical hardwood,offer dimensional stability,ensure durability,enable easy processing,,window and door frames
moso bamboo solid panel,create panel,provide stability,offer durability,enhance aesthetics,,,staircase railing and furniture surfaces
moso bamboo tiger panel,compress nature,provide appearance,act alternative,contribute sustainability,,,interior wall paneling and furniture
moso bamboo x treme cladding,provide durability,increase stability,enhance density,achieve fire safety,allow installation,,exterior wall cladding for commercial buildings
moso flexbamboo,provide aesthetical,offer sustainability,ensure renewability,enable flexibility,facilitate easy installation,,customized flexible flooring solution
moss concrete,foster biodiversity,enhance aesthetics,retain moisture,support moss growth,cool structures,,moss covered building facades
moss lam finishes,create artwork,install finishes,supervise projects,,,,custom interior finishes for spaces
mother of pearl mosaics,provide luxurious finish,offer lightweight structure,ensure good weather resistance,allow for external use,,,decorative wall cladding in luxury residences
mother of pearl,create wallpaper,install easily,resist stains,turn corners,,,wall covering with inlaid shell tiles
mother of pearl mosaic tiles,decorate walls,finish surfaces,resist fire,resist uv,resist weather,,decorative wall and floor tiles for wet areas
mould texturing,reproduce logos,create unique patterns,increase gloss,simulate aesthetic impact,improve functionality,,textured molds for product design
moulded felt,maintain strength,vary softness,create 3d shapes,add prints,,,custom shaped acoustic panels
moulded wood,create products,be recyclable,be fire resistant,,,,fire resistant furniture design
mr fluid,change nature,enhance lubricity,modify viscosity,inhibit wear,,,active suspension system for vehicles
msd panels,provide strength,create lightweight,enable reversibility,,,,interior wall panels for decoration
multiline infinity,provide durability,offer waterproofing,ensure stability,enhance aesthetics,,,floating floor tiles for residential use
multiple reading glazes complexity,provide novel aesthetics,enhance durability,offer light reflection,enable custom design,,,glazed ceramic façades in buildings
mushroom materials,digesting crop waste,self assembling glue,producing environmentally responsible materials,,,,home compostable packaging solution
mushroom textile,permit light,provide finish,serve packaging,,,,sustainable wall covering
muskin,stop bacteria proliferation,absorb moisture,release moisture,provide breathability,offer soft feel,,hygienic shoe insoles
mute flow pet felt acoustic panels,minimise sound,decrease reverberation,demonstrate acoustic performance,,,,acoustic panels for open plan offices
mute fit pet felt acoustic panels,absorb noises,ensure continuous pattern,serve acoustic purpose,serve aesthetic purpose,,,acoustic panel for commercial interiors
myceen,bind organic waste,create biodegradable materials,store co2,absorb sound,reduce waste,,sound absorbing building panels
mycelium foam,provide cushioning,offer structural stability,support biodegradability,,,,lightweight cushioning foam for packaging
mycera,increase structural performance,allow bio welding,substitute cement based binders,,,,3d printed building components
myco board,bind particles,replace wood,deliver biocomposites,form shapes,,,structural biocomposite boards
mylar bags,remove oxygen,protect contents,resist gas permeability,block light,withstand impact,,food storage bags with oxygen absorbers
mylea,exhibit brownish hue,create durable bond,reduce carbon footprint,lower water usage,ensure low emissions,,biodegradable leather alternative
mysterious earth,weave carpet,cut pile,twist yarn,create loop pile,provide soft surface,,loop pile carpet for interior flooring
myx,grow stabilization,provide flexibility,create textile,enable compostability,,,lightweight biodegradable packaging material
móz decorative metals,create pattern,provide color,offer finish,,,,wall and ceiling panels
móz metals,create column covers,design wall panels,manufacture ceiling applications,produce room dividers,fabricate signage,construct furniture,decorative wall panel system
móz tides,add dimension,create depth,provide sustainability,enable installation,,,feature wall panels for interior design
na no leather,resist dirt,provide fire retardance,ensure durability,,,,upholstered seating for public spaces
nabasco,create naturally biobased composite,reduce co2 footprint,provide dimensionally stable sheet material,enable engraving techniques,allow laser cutting,,cladding for building facades
naltex,offer pleat support,provide separation nets,serve spacer component,,,,spiral wound filtration system
nanai salmon leather,retain pigmentation,provide texture,enable eco friendly tanning,,,,custom leather goods
nano silver materials,provide antimicrobial surfaces,enable transparent coatings,enhance electrical conductivity,,,,hygienic surfaces in protective clothing
translucent aerogel,restrict gas conduction,restrict convection,diffuse light,provide thermal insulation,,,daylighting system for buildings
nanostitch extreme air,provide compression,ensure comfort,enhance breathability,offer lightness,create second skin feel,,medical grade compression garments
nanotecfilm,change opacity,adjust transparency,hold liquid crystals,,,,adjustable transparency window film
nap core,form nap structure,adapt properties,enable design,integrate ducts,create sandwich constructions,,lightweight sandwich panels for aerospace
native bamboo,provide structure,enhance durability,offer flexibility,,,,outdoor privacy screens
natura,mimic natural appearance,provide structural support,resist weathering,,,,decorative outdoor paving stones
natural dye,coloring fabric,enhancing textiles,sourcing local,,,,dyed organic cotton fabrics
natural felt,provide insulation,offer fire resistance,absorb moisture,,,,filling for eco friendly mattresses
natural fibres,provide comfort,resist mildew,block ultraviolet light,conduct heat,absorb moisture,,bedding and upholstery materials
natural footprint,combine noun,create noun,distort noun,decompose noun,,,textured architectural surfaces
natural freshwater pearls,adheres resin,combines back lighting,covers wall,,,,translucent wall tiles for indoor and outdoor use
natural hair,provide warmth,control humidity,offer breathability,resist flames,insulate effectively,,high quality sleep solutions
natural stone and concrete textures,create spaces,provide comfort,offer alternative,bring appearance,,,decorative faced panels for interior design
natural stone composites,bonding granules,enhancing aesthetic,providing durability,offering ease of maintenance,,,floor tiles for surfacing
natural textile dye,enhance colour fastness,reduce pollution,save processing time,,,,natural dye for textile coloring
natural wallcovering,weave noun,dye verb,clad noun,,,,handwoven wall covering
naturally clean,eliminate aggressive treatments,optimise clean surfaces,maintain original characteristics,,,,smooth touch textile for clothing
3d engineered wall hangings,create pattern,ensure sustainability,provide softness,offer breathability,enhance strength,,modern tapestry and wall covering
nature textile collection,reduce waste,provide sustainability,offer style,,,,sustainable decorative wall panels
natureworks biopolymer,reduce greenhouse gas emissions,provide heat sealability,offer moisture management,exhibit tensile strength,resist grease and oil,offer flavour barrier,high performance synthetic fiber for carpets
naturing,grow textile,eliminate production lines,adapt structure,create biogradable textile,,,biodegradable textile formed by living plant material
navi floor,embed noun,provide noun,indicate noun,determine noun,,,invisible landmark flooring system
ncell natural fibre reinforced thermoplastics,reinforce plastics,reduce tool wear,lower molding temperature,retain strength,adjust surface properties,,injection molded components with natural fibre reinforcement
nd 600hdsv drainage system,withstand compressive strength,prevent hydrostatic pressure,retain shape,ensure optimal filtration,install quickly,,drainage system for inverted roofs
nedzink nuance brown,provide protection,offer aesthetic appeal,ensure recyclability,,,,high quality building facades
neoflex,provide flooring,ensure safety,reduce noise,resist wear,maintain freshness,,durable flooring for high traffic areas
neolith mar del plata,offer texture,create effect,provide resistance,,,,countertops and cladding for indoor and outdoor use
neostone,reduce environmental impact,utilize industrial waste,mimic geo processes,create alternative materials,,,sustainable building material for construction
neptutherm,insulate structure,resist fire,store heat,resist mould,,,thermal insulation in building cavities
net 6280,provide flame retardant,offer soft texture,create transparent design,,,,flame retardant interior partition fabric
nets foils,protect nets,cover foils,reinforce ropes,repair ropes,,,weather resistant covering for outdoor structures
netting,filtering air,supporting crops,protecting products,containing materials,,,agricultural crop protection system
nettle cypress fabric,reduce bacterial growth,provide thermal insulation,deodorise fabric,relax fabric,,,anti bacterial textile for clothing
neverending furniture,transform waste,produce furniture,reduce waste,furnish offices,,,circular office furniture made from waste materials
new conductive tape,combine narrow fabrics,provide conductivity,insulate conductors,create textile sensors,enable heat transfer,,textile based heating systems
new iconica collection,provide non fading finishes,support design insights,withstand weather conditions,,,,architectural paint for durable surfaces
new marble,recycling tiles,producing building materials,creating sustainable solutions,,,,high quality marble like tiles for construction
newspaperwood,upcycle material,cut wood,mill wood,sand wood,,,wood like furniture components
acoustic curtain fabrics,absorb sound,create privacy,provide aesthetics,washable fabric,,,floor to ceiling acoustic curtains
nichestones metallized serie,offer n personalization,express n decorative forms,install v on floors,install v on walls,,,decorative wall and floor panels
nickel copper ripstop fabric,provide shielding,offer corrosion resistance,enable conductivity,,,,electromagnetic shielding drapes
nidaplast,reduce co2 emissions,provide thermal insulation,offer sound insulation,enable lightweight construction,support lamination,,lightweight sandwich panels for construction
niemann high gloss laminate,provide non slip finish,ensure antibacterial properties,allow easy cleaning,,,,non slip kitchen countertops
no waste tracks,visualize sustainable goals,modular design,sand top layer,lay floating,,,modular floor tiles for sustainable design
nobelwood equal weathering,imitate appearance,weathered look,provide maintenance free finish,,,,outdoor furniture with weathered appearance
nobelwood,improve durability,provide fire resistance,reduce maintenance,enhance aesthetic,,,fire resistant cladding system
noeplast,create surface,maintain properties,allow designs,,,,specialized concrete structures
noir thermodified wood,provide cladding,offer durability,enable blind fastening,,,,façade cladding system
nomex decore,provide structural rigidity,reduce weight,increase elasticity,,,,interior fittings for yachts
non woven basalt fabric,provide insulation,maintain strength,reduce vibration,absorb sound,resist fire,,fire protection material in high rise buildings
non woven interlinings,insert fabric,fix fabric,shape garment,supple garment,,,interlining for garment construction
nonwovens,dye noun,create noun,embody noun,,,,unique interior decoration textiles
nordic form,create nonload bearing surfaces,modulate texture,provide transparency,resist weather conditions,,,architectural cladding and space dividers
nova sturgeon leather,minimize environmental impact,inspire creations,provide uniqueness,,,,luxury fashion accessories
novibrick stone strip system,provide facade cladding,mount mechanically,reduce material loss,clamp structure,,,demountable facade cladding system
novifiltm plm20,modify transparency,tint mass,enable 3d printing,,,,3d printed objects with variable transparency
novijectm plm20,provide strength,enhance aesthetics,enable injection moulding,,,,injection moulded consumer products
novofibre ossb panel,lower impact,ensure stability,provide uv resistance,ensure low maintenance,offer heat resistance,provide dimensional stability,sound absorbing surface panels
noxite,convert nox,neutralise pollutant,purify air,,,,air purifying roofing membrane
npsp composites,manufacture products,combine durable materials,recycle materials,burn waste,,,biobased composite components for automotive interiors
nrp,combine substrate,provide abrasion resistance,offer flexibility,ensure lightweight,resist hydrolysis,,customized molded components
nuatan,biodegrade 90 days,withstand high temperatures,form injection moulding,form 3d printing,,,disposable straws and single use bags
nursa alva,provide warmth,offer comfort,enhance aesthetics,,,,gentle snuggy carpet
nuvi creta,provide durability,offer sustainability,enable dyeing,,,,coated textile for interior design
nxt brick,reduce energy demand,absorb carbon dioxide,support façade work,,,,masonry unit for building construction
o pur,identify product,authenticate product,mark anti counterfeit,integrate production,verify offline online,,product authentication system for packaging
oberflex,offer decorative solutions,combine innovation,provide technical solutions,,,,laminate wall panels for interior design
obex,offer matting,remove dirt,allow drainage,protect floor,,,entrance matting system for high traffic areas
obomodulan,retain product qualities,manufacture checking fixtures,create test units,,,,model and tool making
ocean articulated,load bearing material,recyclable object,water dissoluble paste,additive manufacturing,,,structural stools and tiles
oceanic,combat pollution,achieve waste free environment,create durable textile,enhance interior design,,,upholstery for modern interiors
blue,reduce energy use,resist freeze and thaw,provide high breaking strength,offer chemical resistance,,,mosaic tile installations for indoor and outdoor use
ocragela,create textile,customise leather like,customise rubber like,customise plastic like,provide water repellent,,biodegradable textile material
octolux spektre,engraving patterns,reflective appearance,scaling patterns,tiling areas,,,illuminated wall or ceiling
odour absorbing fabric,absorb odours,washable fabric,,,,,anti odour footwear lining
oer tiles,produce noun,color noun,develop noun,,,,decorative wall tiles for sustainable architecture
off the wall,form shelves,form lamp shades,decorate wallpaper,,,,3 dimensional wallpaper with integrated shelves and lamp shades
okagel,provide thermal insulation,enable light distribution,reduce thermal transition,prevent convection,stop thermal conduction,,insulating glass system for buildings
okatech,insulate light,disperse light,protect sun,offer view,,,insulating glass with metal insert
okavanga,provide flooring,create aesthetic,offer durability,,,,natural oiled wooden flooring
old bricks,minimise co2 emissions,provide character,match existing walls,,,,building renovation projects with rustic aesthetics
old saddle,breathes,is warm,is water resistant,is oil resistant,reproduces antique finish,,high end leather goods and furniture
old world,provide protective seal,maintain texture,vary surface,characterize authentic flooring,,,handcrafted engineered wood flooring
olfactivetm,trap odours,neutralise odours,absorb odours,cover walls,,,self adhesive wall covering material
ombrae system,reflect light,sculpt image,transform surface,,,,dynamic image display on building facade
omo niha cocomosaic,create wall coverings,provide 3d effect,offer irregular texture,enable easy installation,,,eco friendly wall panels
ondo,reduce sound,absorb sound,improve comfort,enhance aesthetics,,,acoustic panels and decorative wall coverings
onduclair,reinforce sheet,provide resistance,transmit light,facilitate installation,,,daylight transmitting roof panels
one dnatm artificial grass,simplify recycling,reduce carbon emissions,enhance quality,meet safety standards,provide durable surface,,eco friendly play surface for children
one yarn of plastic,print surface,adapt surface,create pattern,,,,custom wall coverings
onyx hpl by forner,provide strength,offer impact resistance,ensure scratch resistance,allow easy removal of micro scratches,retain vibrant hues,guarantee durability,kitchen countertops and wall panels
onyx solar thin film,generate energy,cool space,maximize light entry,,,,building integrated photovoltaic glazing
opt alpha gel,optimize contrast,improve luminescence,decrease reflection,enhance shock resistance,release stress,,lcd display enhancement
optical micro prisms,light guiding,de glaring,,,,,office lighting fixtures
opto4d,provide depth effect,resist abrasion,withstand uv light,allow outdoor use,enable printing,,decorative lighting lampshades
opus romano,provide aesthetic,resist wear,enable customization,,,,mosaic tile flooring in public spaces
orange fiber,nourish skin,provide softness,offer lightweight,allow opacity,enable shininess,,silk like clothing made from citrus byproducts
orb organic refuse biocompound,convert waste,create sheets,mould products,replace wood based materials,maintain breathability,,dry lining for interior construction
orca 270,provide strength,resist weather,enable flexibility,,,,inflatable flooring for recreational use
orca t fabrics,provide durability,offer weather resistance,ensure uv protection,,,,outdoor signage material
orca tech 290 foamed,insulate surface,coat fabric,protect structure,,,,insulated outdoor fabric cover
organic cotton,provide softness,enable breathability,allow moisture absorption,,,,organic fabric for clothing
organic photovoltaic opv,convert light,adapt shape,absorb light,,,,flexible solar panels for various surfaces
organoid carpe diem,regulate temperature,cancel noise,regulate moisture,support indoor climate,,,natural wallpaper for interior design
organoid kornblume blau,create surface,induce calm,regulate temperature,cancel noise,regulate moisture,,decorative wallpaper for interior design
organoid moos mix,regulating moisture,improving indoor climate,providing freshness,creating natural design,,,decorative wallpaper for interior spaces
organoid skelettblätter,create lightness,provide privacy,enhance aesthetics,adhere to surfaces,,,decorative wall covering with light effects
organza with latex,create objects,design three dimensions,allow colors to play,produce bright colours,,,three dimensional silk paintings
origins,minimize waste,provide decoration,create unique patterns,,,,restroom and shower partitions
orimetric,shock absorption,sound absorption,expandable structure,collapsible form,shape memory,,foldable sound absorbing panels
ornilux bird protection glass,reflective coating,transparent characteristics,energy efficiency,bird strike protection,,,bird safe window glazing
oro collection,provide elegance,offer durability,enhance aesthetics,,,,countertops and vanity tops
oscuro,create carpet,treat surface,provide acoustics,,,,natural fiber carpet for interior spaces
osis technique,draw water,absorb liquid,create patterns,,,,decorative wood treatment
ostrich leather,provide softness,offer flexibility,ensure durability,prevent cracking,,,luxurious handbags and accessories
ott natural resin lacquer porcelain,glaze noun,evaporate verb,recycle verb,reuse verb,,,domestic ceramic objects
ottan materials,upcycle noun,cover noun,support noun,,,,eco friendly kitchen worktops
ourcarbon black,sequester carbon,reduce emissions,colorant pigment,,,,black pigment for 3d printing filament
ourcarbon,sequester carbon,neutralize footprint,divert landfill,,,,carbon neutral structural concrete
outdoor carpet tiles,create pattern,form pavement,provide durability,resist weather,,,pavement tiles for outdoor spaces
outdoor fabric,provide shade,resist wind,offer flame retardancy,,,,marine boat windscreen mesh
ovatta,create bespoke interiors,customize furniture,affect mood,combine colours,tailor design,,floor to ceiling wall closet
oz wall of light,absorb sound,resist fire,transmit light,,,,translucent indoor wall panel
pack on classic,offer transparency,ensure integration,provide smooth texture,maintain rigid structure,,,heat sealable packaging bags
pack on shrink,provide sustainable packaging,shrink around products,offer high quality finish,,,,biodegradable packaging for consumer goods
palazzo collection,enrich nature,result designs,,,,,waterstruck ceramic brick
palm fibre packaging,decompose packaging,renewable material,compostable packaging,,,,disposable food packaging
palm veneer,transform nature,reduce emissions,support local market,empower workers,contribute soil fertility,,sustainable interior paneling
palmleather,softening leaves,providing alternative,reducing pollution,,,,biodegradable slippers for hospitality industry
palmwood,provide structure,offer durability,support construction,,,,wooden furniture frames
pampas grass paper,create materials,develop strong,develop flexible,highlight attributes,,,biodegradable paper production
pandomo wall,finish noun,colour verb,clean verb,render verb,,,decorative wall and floor finishing
pandomo loft,provide flooring,resist abrasion,offer uv stability,ensure fire resistance,create smooth texture,,large area seamless flooring for public spaces
panelite,bonded construction,high strength,excellent resistance,lightweight composites,,,partition walls for interior spaces
panelox double anodized haze pattern,reduce glare,mitigate reflection,preserve appearance,achieve finish,,,façade panels for architectural projects
pantoni,extend service life,provide sustainability,offer decor freedom,,,,sheet materials for furniture surfaces
paola lenti,developed textile,resistant yarn,durable textile,anti bacterial material,uv resistant colours,,outdoor collection rugs and furniture
paper architextile,provide acoustic performance,create decorative effect,serve as wall covering,,,,acoustic wall covering for interior design
paper bricks,turn pulp,combine wood glue,press shape,create sturdy bricks,,,building material for walls
paper carpet,provide non slip,offer fire resistance,ensure stain resistance,allow easy cleaning,maintain flexibility,,washable carpet for public spaces
paper clay,reduce waste,enhance aesthetics,integrate designs,manufacture materials,,,interior design materials from waste paper
paper factor,provide sound insulation,provide thermal insulation,resist moulds,resist parasites,resist fungi,repel water,surface covering for walls and ceilings
paper objects structures,absorb sound,decorate wall,construct structure,,,,decorative acoustic wall covering
paper sculptures,create sculptures,upgrade quality,combine techniques,,,,artistic paper sculptures
paper textiles handmade,create structures,provide covering,enable dividing,offer decorative use,,,autonomous interior objects and wall coverings
paper textiles 1,weave textile,expand fiber,shrink fiber,wash textile,,,room dividers made from woven paper textiles
paper touch,provide softness,offer washability,simulate paper texture,,,,textile for clothing with a paper like feel
paper waste panel,reduce waste,maintain durability,provide functionality,ensure minimal impact,,,sustainable wall cladding panels
paperforms,create patterns,install temporarily,install permanently,,,,3d wallpaper tiles for interior design
paperlite,provide packaging,enable food contact,allow flexo printing,support graphic reproduction,,,sustainable food packaging solution
papermilk,provide tactile feel,enable printing techniques,offer environmental certification,,,,high quality printed communication materials
paperstone,reduce energy consumption,provide compressive strength,offer water resistance,,,,sustainable countertop surface
paperworks,produce paper,hand dye colours,enhance textures,,,,handmade paper for architectural installations
papiertile,create surface,provide durability,ensure waterproofing,,,,wall covering or continuous flooring
paptic paper,replace plastic,biodegradable material,recyclable material,heat sealable,stretchable material,,biodegradable carrier bags
paraglass,bonded layers,impregnated resin,compressed rebound,mechanically strong,chemically resistant,,sandwich structures for marine vessels
parallel,provide warmth,offer softness,resist fire,resist uv,resist weather,,3d jacquard textile for apparel
parapan,provide durability,resist moisture,enable thermoforming,allow machining,,,high gloss kitchen cabinetry
parchment,preserve manuscripts,enhance interior,treat skins,,,,restoration of historical documents
pattern design,create pattern,provide finish,fill kerf,,,,laser cut decorative wall panels
pattern,provide noun,interpret noun,form noun,,,,structured carpet tiles for workspaces
patterned aluminium and stainless steel,provide aesthetic finishes,eliminate defects,hide damage,reduce friction,increase strength,,cladding systems for buildings
kokoboard peanut shell,reduce co2 emissions,resist moisture,resist flame,,,,biocomposite particle board for interior walls
pearl perfect,optimize resin flow,minimize surface blemishes,increase colour intensity,,,,high quality flooring with white effects
pearlescent blue glazes,create tiles,enhance experience,design geometry,,,,public space tiles for urban environments
pearlnera,enhance optical appearance,create transparency,provide smooth surface,evoke associations,,,kitchen countertops and bathroom surfaces
peat acoustic panel,absorb sound energy,improve room acoustics,,,,,acoustic panel for wall and ceiling
pebble mosaic black sumatra,create surface,provide aesthetic,suit light curved surfaces,,,,seamless floor or wall covering
pebble mosaic mix flat,create seamless surface,provide natural look,suit light curved surfaces,,,,decorative wall or floor covering
pebbles,provide comfort,offer durability,enhance decor,,,,deep piled domestic carpet
perch leather,provide durability,offer flexibility,allow customization,exhibit glossiness,,,handcrafted leather goods
perclax,provide optical clarity,resist atmospheric agents,protect against uv,,,,facade panels for buildings
perforated façade systems,create patterns,provide ventilation,support structures,,,,back ventilated facade systems
perforated metal,provide lightweight,offer strength,create transparency,enable reflection,,,wall and façade cladding system
perforated wood,create designs,vary size,provide privacy,illuminate patterns,,,light shade with decorative patterns
perlrochenleder,provide durability,offer abrasion resistance,enhance aesthetic appeal,increase rigidity,,,high end fashion accessories
perltec colibri,transform noun,combine noun,press noun,cut noun,create noun,,decorative glass panels with custom designs
permali,provide insulation,offer stability,resist water,support mechanical strength,,,insulating flooring for electrical installations
persiskin persimmon leather,create textile,emboss material,print material,,,,vegan leather for fashion accessories
perspective tiles,create tile,enhance perception,cover wall,,,,3d decorative wall tiles for indoor and outdoor use
perspex coral,block uv light,alter colour,resist damage,reduce optical distortion,,,outdoor fencing panels
perspex fluorescent,provide non glare,offer fluorescent edge,enable cutting,enhance aesthetics,,,in store point of sale displays
perspex impressions linear,add texture,resist wear,provide depth,appeal retail,,,textured wall panels for retail interiors
perspex sparkle,provide shimmering effect,resist uv damage,offer weather resistance,allow for customization,,,interior signage and display panels
perspex spectrum led,improve visibility,diffuse light,eliminate hotspots,,,,led illumination panels
perspex,transforming creative ideas,matching colours,creating bespoke hues,,,,customized display panels for retail environments
pet felt acoustic panels arcs,decrease sound reverberation,demonstrate acoustic performance,process in various ways,,,,acoustic wall or ceiling panels
pet felt wall shingles half cove,decrease sound reverberation,create unique expression,mount on walls,,,,acoustic wall treatment
pet felt wall shingles round,decrease sound reverberation,demonstrate great acoustic performance,add elegant touch,,,,acoustic wall design panels
pet textile,provide waterproof,offer breathability,ensure flame retardance,resist oil,,,backpack raw material
petersen tegl,create bricks,produce tiles,customize sizes,enhance colour,,,facade bricks and floor tiles
pha,biodegrade nature,store carbon,produce plastic,,,,biodegradable 3d printed components
phee seagrass board,compress noun,clean noun,dry noun,,,,flat panel for interior design
phenol sodium ascorbate developer,reduce silver ions,adjust ph,stabilise image,halt action,,,eco friendly photographic developer solution
phenomenon honeycomb,provide wall covering,express originality,resist acid,facilitate cleaning,,,decorative wall tiles for interior spaces
phonika steel,provide emi shielding,enhance durability,support home decoration,assist upholstery,,,upholstered furniture with emi shielding
phonstop,absorb sound,form tiles,install easily,,,,rigid sound absorbing ceiling tiles
phosphorus in concrete,mixing particles,giving light,,,,,light emitting concrete surface
photo engraving formliner,create surface pattern,transfer image data,recreate image,contribute aesthetics,enhance economic efficiency,,decorative concrete surface
photocast,create tile,provide durability,suit sealer,,,,bas relief wall tiles from photographs
photochromic pigments,change colour,offer advantage,combine with colourants,,,,photochromic lenses and sunglasses
photoglas,unify photography,integrate light,transform space,produce shadows,,,light transmitting architectural sculptures
photopia aq ink,change colour,activate with uv light,mould into resin,,,,light adjusting film for windows
piavetro,protect noun,embed noun,create noun,illuminate noun,,,laminated safety glass partition walls
pillow black white,resistant weather,durable material,hardness coefficient,wear resistant,,,high end flooring tiles
piñatex,provide texture,serve as a textile,offer sustainability,act as a leather alternative,,,vegan friendly handbags and accessories
pine needle paper,create paper,produce textiles,provide insect repellent,,,,scented paper for interior design
pine needle textile,harvest fibres,make yarns,dye yarns,print textiles,keep insects at bay,,natural fiber textiles for clothing
pineskins,preserve softness,coat finishing,enrich colour,,,,leather like material for fashion accessories
pintark surfaces,create surface,offer solutions,celebrate technology,enable innovation,,,ornamented wall panels for interior design
pintria,pack noun,form verb,take screw,allow sanding,coat noun,,decorative sculptures and functional objects
pinwool,enhance acoustic,filter toxic substances,insulate humidity,repel dirt,clean self,,self adhesive acoustic wall panels
pipe drop,provide partition,allow backlighting,support lighting,fold minimally,,,self standing decorative partition
piramid,provide grip,offer customization,ensure anti slip,,,,anti slip flooring material
pirrouet carbonated facing bricks,absorb co2,create carbonates,harden brick,reduce raw materials,,,sustainable facing bricks for construction
pitted spatulata,create finish,improve working characteristics,apply coats,polish surface,,,decorative wall finish
piumafil,regulate temperature,absorb humidity,provide filling,,,,filling for cushions and pillows
piuro biodegradable leather,create eco friendly products,showcase natural beauty,provide soft texture,,,,eco friendly fashion accessories
pivot origami,create appearance,offer comfort,provide breathability,ensure flame retardance,,,three dimensional upholstery for furniture
pl building insulation,removes co2,stores co2,regulates temperature,regulates moisture,insulates building,,passive house insulation system
hydrospan,enlarge shape,increase size,produce molds,absorb water,stretch matrix,,enlarged museum exhibit replicas
pladec,design noun,manufacture noun,cover noun,create noun,,,architectural and decorative wall panels
plain fabric tu 23n,provide flexibility,offer decoration,serve as wall covering,create room divider,,,flexible wall covering for interior spaces
plana wood husk plastic composite,offer durability,resist water,resist termites,resist rot,support sustainability,,outdoor decking and cladding
plant based paint,replace fossil resources,provide durability,reduce harmful substances,offer sustainability,ensure quality,,eco friendly interior wall coating
plant based wood coatings,reduce carbon footprint,provide wood protection,enhance environmental sustainability,,,,eco friendly wood finishing solutions
plant culture,thermoform panel,recycle panel,biodegrade panel,,,,interior space dividers and partitions
planterial panels,develops panel,manufactures materials,uses by products,binds organically,biodegrades harmlessly,,biodegradable panel materials for interior design
plantics bioresin composites,act as binder,enable plastic free cultivation,create wood like composite,produce biobased chipboard,serve as raw material for insulation,,recycled paper based plant pots
plarix,reduce waste,create patterns,provide colors,enable cladding,allow sculpting,,cladding panels for buildings
plastic and natural raffia,stitching noun,joining noun,applying noun,,,,textile art panel for wall decoration
plastic soup future psf,make sustainable products,press sheet material,resist damage,provide coating,,,tables and tile floors
plastic stone tiles,create novel material,increase perceived value,reduce natural resource consumption,,,,aesthetic flooring tiles that mimic natural stone
plasticiet,create non constructive panels,provide rock like appearance,enable furniture making,allow interior design,,,stone like decorative panels
plastilight,react uv light,collect light,increase luminosity,,,,luminous signage and displays
platinox,create pattern,enhance stiffness,provide rigidity,improve sound absorption,,,decorative wall panels with leaf patterns
platinum,regulate temperature,absorb humidity,maintain heat,provide comfort,offer freshness,,summer and winter garments
platonised wood,acquire tint,weather gray,ensure compatibility,,,,outdoor facade cladding
plaw,copying grain,creating identical pieces,,,,,translucent wood like decorative panels
play,mimic doughs,form glue,combine production,create freedom,,,colorful adhesive sculptures
playful,create environment,evoke joy,stimulate senses,lift mood,,,vibrant patterned carpets
pleated seat,provide strength,create structure,offer visual effect,enhance tactility,,,pleated seating design
plectere,dampen sounds,introduce texture,improve wellbeing,demarcate spaces,absorb sound waves,,acoustic room dividers
plexwood acoustic,provide sound insulation,absorb sound,expose veneer,,,,acoustic wall panels with decorative finishes
plexwood,customized application,stronger structure,sustainable material,,,,architectural panels for interior design
plunge reflective textile,reflective print,water repellent,,,,,reflective outdoor clothing
ply project flex,sandwich layer,supporting structure,flexible partition,lightweight furniture,manipulable design,,flexible chair series
ply wall element,absorb sound,diffuse sound,translucent panel,acoustic element,,,acoustic wall panels for restaurants
plyben,support structural element,finish aesthetical materials,customize external layer,,,,partition walls in interior spaces
plynyl floor tile,allow installation,increase sustainability,leave no residue,improve feel,,,removable flooring tiles for raised access floors
polar,reflect heat,enhance durability,provide aesthetics,ensure stability,,,architectural powder coating for metal surfaces
polaris,resist shock,resist scratches,resist heat,resist fingerprints,provide smoothness,provide durability,anti bacterial table tops
polyester textile,produce fabrics,create upholstery,design decoration,,,,jacquard upholstery fabrics
polygood,offer sustainable choice,create distinctive patterns,contribute unique story,provide environmental certification,,,decorative surface material for furniture
polygrow,act as substrate,provide drainage,buffer water,reduce weight,decrease irrigation needs,,green roof system
polyhedra,adapt indoor and outdoor environments,resist water and humidity,provide flame retardant version,allow easy cleaning,,,outdoor upholstery fabric
polyjet digital materials,combine nouns,simulate nouns,provide nouns,create nouns,,,haute couture dress with varying material properties
polymarble recycled ps,imitate marble,create products,blend with styles,add luxurious touch,,,decorative surfaces and fixtures
polymorph,transform into shape,mould into components,reheat thermoplastic,fuse into clear material,,,orthopaedic splints
pomastic,improve mechanical properties,enhance aesthetic qualities,generate patterns,,,,bio based molded decorative panels
ponda biopuff,offer thermal performance,support wetland restoration,reduce agricultural emissions,provide structured padding,maintain water resistance,,high loft insulation for garments
poraver,provide lightweight aggregate,offer thermal insulation,offer acoustic insulation,ensure chemical resistance,prevent silicosis,,lightweight concrete for construction
porocom stones,reduce sound pollution,provide decorative surface,absorb sound,,,,decorative sound absorbing wall panels
porocom,reduce sound pollution,absorb noise,provide aesthetic wall cladding,create floor tiles,form roof tiles,,noise absorbing fence
porofoam ac,provide lightness,offer stiffness,enable acoustic ability,ensure recyclability,,,acoustic panels for architectural lighting
positive plastics kit,reduce footprint,enable communication,support injection moulding,,,,high quality consumer electronics
post consumer recycled denim,recycled fabric,woven upholstery,color mixing,,,,upholstery fabric for furniture
post fuel project,transform image,enclose carbon dioxide,provide finish,,,,tiles for architectural design
potato cork,prevent weed growth,provide water repellence,offer fire resistance,isolate heat,,,covering material for plant containers
powder coating,provide scratch resistance,reduce carbon footprint,allow reuse of overspray,apply durable finishes,,,automotive exterior coating
power glass,combine led chips,apply transparent conductive coating,protect components,create lighting patterns,,,illuminated glass panel with embedded leds
power plastic,generate electricity,enable flexibility,reduce weight,provide versatility,,,lightweight solar energy harvesting devices
pral,resist scratches,resist heat,resist shocks,provide translucence,create polished surface,,kitchen and bathroom sinks
prambanam mahogany bark,provide texture,offer durability,create 3d effect,allow easy installation,protect against fungus,,decorative wall panels for indoor spaces
prebeam,support thin plates,manufacturing curved surfaces,,,,,curved surface support structure
prefa design,increase value,offer resistance,provide visual attraction,,,,façade cladding for buildings
prefa solar,integrate solar cells,maintain structure,reduce visibility,,,,solar roof panel system
premier modular flooring,provide strength,ensure sound insulation,offer scratch resistance,allow flexibility,enable recycling,,durable flooring solution with lifelike designs
preserved pillow and flat moss,provide aesthetic,offer durability,ensure maintenance free,,,,interior design elements with natural aesthetics
press mouldings,produce moulded parts,adapt technical behaviour,form free form surfaces,,,,cladding and decoration elements for furniture
pressload aluminium,provide strength,deform predictably,offer high tech solution,enable mass production,,,exhibition stand structure
pressload plastic,absorb energy,provide strength,deform predictably,enable design versatility,,,energy absorbing structure for vehicles
pretty plastic plant,recycle plastic,sort plastic,wash plastic,grind plastic,mould plastic,,pavilion built from recycled tiles
second high tile,offer solution,match regulations,provide ventilation,enable design flexibility,,,ventilated facade systems
pretty plastic tile,protect noun,resist fire,resist weather,resist uv,,,sustainable façade cladding tiles
primofiore,soft surface,tactile texture,vertical application,horizontal application,,,interior furnishing elements
primordial pigments,produce pigment,multiply bacteria,develop colours,reveal patterns,,,textile block printing with microbial pigments
printed and relief tiles,create patterns,print images,connect tiles,,,,decorative wall surfaces with patterns
printed cement,screen printing,decorating,cleaning air,,,,textured wall panels for indoor and outdoor use
printed concrete,create slab,achieve effect,,,,,decorative concrete flooring
printed electronics,allow electronics,improve electronics,offer designer freedom,,,,wearable electronics with integrated lights
printed floors,support routing,provide durability,embed design,,,,floor covering for commercial spaces
printed relief on glass,create structure,apply coating,print decorative,,,,kitchen cabinets with printed surfaces
printed relief on wood,apply print,create texture,decorate surface,,,,decorative wooden panelling for indoor use
printhane r,provide elasticity,maintain shape,offer flame retardancy,,,,technical parts for security systems
printing film,enable printing,suit complex shapes,finish lacquer,,,,decorative object printing
printtapijt,apply pattern,create coherence,print design,,,,textile flooring with custom patterns
prior,remove dirt,allow maintenance,efficient drainage,store moisture,sustain traffic,,outdoor matting for high traffic areas
priplak karat,cut sheet,print sheet,assemble packaging,,,,high gloss packaging solutions
prism commodities,diffusing light,guiding light,moulding precision parts,embossing optics,,,advanced corridor lighting design
prism customized,diffusing light,guiding light,moulding parts,embossing parts,,,precision optical sheets for lighting design
prismatic sheets,reflect sunlight,transmit light,,,,,light diffusing panels
priva lite,laminate glazing,diffuse light,prevent seeing,reorientate crystals,connect power,,smart privacy glass partition
pro clima,provide vapour barrier,protect structure,enhance timber frame,resist condensation risk,allow humidity variable diffusion,,timber frame wall assemblies
pro climate,absorb co2,reduce co2 pollution,provide fire resistance,offer waterproofing,enhance durability,,sustainable roofing membrane
profile series,provide wall,create roof,offer aesthetic,enable installation,,,vertical or horizontal wall system
proshield graphene paint,shield noun,protect noun,amplify noun,strengthen noun,,,electromagnetic shielding paint for interior spaces
proud plastics,enrich aesthetic quality,extend product life span,stimulate designers,,,,rotation moulded design elements
proyecta,provide durability,offer resistance,fulfil anti slip requirements,,,,indoor and outdoor flooring solutions
psychedelic textiles,introduce textures,support sustainability,expand biomaterials,provide sensory experiences,,,acoustic panels in luxury hotels
pu logos,customize thickness,ensure accuracy,provide colors,,,,sport shoes and bags
puffy coating,create dimensional effect,provide bright colors,ensure lasting adhesion,activate with steam,,,decorative fabric designs
pure,reinforce material,mould component,create panel,process fabric,transform panel,,lightweight protective panels for vehicles
pure copper,conduct electricity,shield electromagnetic interference,provide flexibility,resist tarnish,,,drapes and wall coverings
purebond hardwood plywood,provide adhesion,offer water resistance,deliver strength,ensure flexibility,,,non toxic cabinetry and furniture
putek mini hexagon,provide rubbing resistance,offer weather resistance,ensure uv protection,,,,high performance outdoor gear
puzzle tile,interlocking tile,glazed edge,decorative wall,,,,interlocking wall decoration tiles
pvd coating,coat noun,personalise noun,substitute noun,enhance noun,,,luxury product personalization service
pyrogel,insulate high temperature,reinforce non woven batting,provide flexibility,retain thermal performance,,,thermal insulation blanket for complex surfaces
pyrus,mimic qualities,drive deforestation,provide non toxic substitute,regenerate waste,,,sustainable wood alternative for furniture
q te c,absorb liquid,store liquid,swell gel,seal joints,,,sealing of pipe connections in sewerage systems
qiso,increase damage tolerance,improve energy absorption,reduce inter laminar stresses,,,,composite tooling materials
qmilk felt,provide antibacterial effect,combine natural fibers,bond without plastics,offer softness,ensure flame retardancy,,natural fiber fabric for clothing
quantz,bonding material,cost effective solution,ecological building,self cleaning finish,water proof,gas proof,high tech building material for construction
quertec,enhance design,re sand panel,re varnish panel,,,,interior sliding doors and decorative panels
r cast ice,simulate appearance,diffuse light,resist uv,resist weather,provide thermoforming properties,,ice like decorative panels
r iris acoustics,absorb sound,resist abrasion,resist flame,maintain structure,,,recyclable acoustic panel
radiant,allow light noun,transform light noun,highlight qualities noun,,,,decorative wall panels with light features
radioscreentm,offer transparency,provide corrosion resistance,enable rf shielding,allow air circulation,cut easily,,window shielding for rf protection
radiusbelt,modular belt,high pulling force,low collapse factor,,,,modular conveyor belt for food processing
rapid manufactured textiles,create object,interlink mails,add colours,,,,protective textile for armor
rastra,provide framework,afford insulation,enable soundproofing,ensure fire protection,resist frost,reduce heat radiation,load bearing wall system
raw paint rwp100,provide adhesion,dry quickly,allow painting,,,,interior wall paint for living spaces
ray x,support noun,produce noun,gain noun,,,,architectural statement carpet
raytent recycled acrylic fabric,water repellent fabric,stain resistant fabric,light fastness fabric,,,,cushions for sun loungers and chairs
re chipped recycled brass alu with ps,recycling material,upcycling material,combining material,creating product,enhancing durability,,decorative sheet material for furniture
re engineered paper residual,reform clay like,produce granite like material,incorporate organic blooms,enhance structural resilience,,,granite like building material
re value,reclaim value,create design,,,,,contemporary furniture made from residual stone
re y stone,provide strength,offer stability,resist scratching,support gluing,,,biocomposite panel for interior surfaces
real metal coatings by spraying,create coating,provide durability,resist strain,enhance aesthetics,,,metallic surface coating for artwork
real wood origami veneer,folded noun,backed noun,combined noun,,,,wall art and furniture coverings
rebound,provide strength,maintain dimensional stability,allow stretch,create web,,,compression fit in disposable diapers
recell,reduce co2,serve feedstock,add properties,reinforce materials,,,biocomposite wall cladding
recemat foam,provide rigidity,offer strength,allow machining,enable conductivity,support humidification,,passive humidifier for indoor environments
reclaim,create customised,process wall tiles,produce lighting,make interior surfaces,develop furniture,,customised wall tiles and lighting
reclaimed bricks,reduce co2,provide sustainability,offer aesthetic options,ensure quality,,,facing bricks for construction projects
recoflex,produce rounded surfaces,reduce air borne sound,moulding in a moulding press,,,,rounded mouldings and partitions
recoma recycle board basic,reduce co2 emissions,laminate panel,process easily,create furniture,form shapes,,partition walls and ceiling finishes
recot,save resources,biodegrade fabric,recycle material,,,,biodegradable knitwear for clothing
recurf,combine noun,process noun,reuse noun,,,,furniture for retail spaces
recy block,pressing rectangle,decorating element,providing sitting,forming wall,,,outdoor sitting elements
recy screen,provide structural support,allow translucence,enable artistic decoration,,,,decorative wall panels for lighting
recycled acoustic panel,absorb sound,provide acoustic,offer fire resistance,,,,acoustic panels for soundproofing
recycled acrylic greencast ecocrylic xt,recycle noun,maintain quality,produce sheets,,,,custom colored acrylic sheets
recycled boucle upholstery fabrics,create upholstery,inspire comfort,achieve durability,pass flame retardancy tests,resist abrasion,,upholstered furniture for commercial spaces
recycled collection,create nonflat wall panels,apply surface materials,provide ecological interior products,,,,ecological wall panel system
recycled glass,minimize waste,recycle materials,conserve energy,,,,mesh mounted mosaic tiles
recycled glaze,replace ingredients,reduce dependency,enhance sustainability,,,,ceramic tiles and tableware
recycled hdpe,customize panel,collect plastics,shred plastics,wash plastics,,,customized multifunctional panels
recycled hips filament,recycle material,glue structure,paint finish,,,,scale model components
recycled jeans on the wall,create non toxic coating,provide aesthetic appearance,enable easy removal,,,,textile plaster for wall decoration
recycled pet blend,recycle plastic waste,create fabrics,increase breathability,develop finished textile products,,,high end fashion fabric for blouses and dresses
recycled pet felt wall cover,absorb sound,regulate reverberation,increase comfort,resist impact,counter reflection,,acoustic wall panels for sound insulation
recycled pet,save bottles,create fabric,provide water repellency,offer durability,ensure weather resistance,,outdoor cushions and functional bags
recycled pir insulation,reduce energy consumption,provide thermal insulation,improve environmental sustainability,,,,insulation for floors and roofs in buildings
recycled plastic custom shapes,recycle materials,create objects,customize shapes,,,,bespoke interior objects
recycled plastic waste upholstery,provide durability,ensure flame retardancy,offer soft touch,enable color mixing,,,eco friendly upholstery fabrics for contract market
recycled plastic,prevent moist,allow natural ventilation,provide anti slip surface,dry rapidly,,,ventilated mat for outdoor cushions
recycled rubber tile,provide non slip surface,offer durability,resist extreme temperatures,ensure environmental safety,,,indoor and outdoor flooring tiles
recycled terrazzo,reduce co2,reduce air pollution,provide design freedom,,,,customized sustainable floor finish
i did felt,produce acoustic panels,create bags,manufacture accessories,,,,sustainable acoustic panels
recycled vinyl wallcovering,improve environmental impact,blend waste,create synergic interiors,minimise energy consumption,minimise water consumption,,sustainable wallcovering for interiors
recycled wall paint indoors,reuse non toxic materials,provide matte finish,reduce environmental impact,,,,indoor wall coating
recycombi,provide vibration absorption,act vapor barrier,reflect sound diffusely,enhance aesthetic appearance,,,thermal and sound insulation for engine rooms
recycrom fabric dye,create pigment powders,apply suspension,filter water,,,,dyeing fabrics and garments
refil,print noun,reduce waste,create filament,provide strength,ensure flexibility,,3d printer filament made from recycled materials
reflections,reflective panel,light refractive panel,surface application,custom color,edge polishing,,elevator cab interior cladding
reflective fabrics,make reflective,improve visibility,allow ventilation,enhance comfort,,,custom reflective patterns for active sportswear
reflective,enhance visibility,provide breathability,offer reflectivity,,,,safety apparel for outdoor activities
reflexions,reflecting light,fusing decorative surfaces,creating durable surfaces,,,,high gloss wall panels
regabond s,provide non slip,enable temporary fixation,offer cushioning,,,,temporary mounting solution for flat surfaces
regupol,attenuate impact sound,resist mechanical loads,provide long term elasticity,,,,soundproofing flooring system
reholz,prepare veneer,form 3d,glue layers,stabilize laminate,,,3d formed wood mouldings
releaf pef,preserve carbonation,extend shelf life,reduce material usage,support recycling,,,sustainable beverage bottles
relief textile,create complex structures,provide breathability,offer lightness,ensure abrasion resistance,allow variable thickness,,automotive upholstery
relief,absorb impact,provide comfort,offer resistance,attenuate noise,,,high traffic area flooring
reliefglass,provide thermal insulation,offer solar control,enhance safety,create decorative panels,,,double glazing for windows and doors
remake ceramics,reuse noun,save noun,encourage noun,,,,set of tableware for sharing food
remake leather paper,reuse noun,create noun,replace noun,upcycle noun,,,luxury printing and packaging paper
remoss,craft designs,provide solution,retain colour,install easily,repair holes,,sustainable wall cladding
renew plus,recycling yarn,uv protective fabric,shape retention fabric,chlorine resistant fiber,,,comfortable shapewear items
renewal,create furniture,combine materials,design accessories,produce art installations,,,custom conceptual furniture and accessories
renolit 3d,provide decorative surface,enable lamination,create realistic woodgrain prints,,,,laminated decorative surfaces for furniture
repeat panels,recycle noun,impact resistance noun,waterproof noun,thermoform verb,,,bathroom wall panels
repit,transform noun,harness potential,reimagine noun,offer alternative,,,3d printed decorative tiles
replex,join resin,finish oil,finish varnish,,,,furniture made from recycled materials
repreve fibres fabric,transform fibres,embed properties,conserve water,reduce emissions,,,athletic and fashion apparel
reprint ceramics,reduce waste,improve ecological footprint,create lamps,,,,3d printed lighting fixtures
reptile,create surface,highlight form,fit edges,arrange tiles,,,irregularly shaped wall tiles
resistant tiles,create flooring,resist chemicals,provide anti slip,,,,chemical resistant flooring
resopal,impregnate paper,transform laminate,integrate image,provide scratch resistance,,,decorative laminate for kitchen worktops
resysta,provide durability,offer wood like appearance,resist weather conditions,require minimal care,,,outdoor furniture and floor coverings
revolutional mild,provide breathability,ensure fit,offer elasticity,resist pilling,protect against uv,,lightweight athletic wear
revolutional,deliver stretch,provide recovery power,resist chlorine,resist uv rays,allow edge to edge seam work,,competition swimwear and fashion garments
rezign veneer,create veneer,process high quality design applications,deform heat and pressure,reform shredded material,compost combined with natural fibers,,veneer in custom interiors such as kitchens and cupboards
rheinzink roof and facade,resist weathering,provide structural support,allow customization,,,,roofing and facade cladding system
ribella terrazzo sink,customizable sink,repairable product,recyclable material,,,,custom terrazzo washbasin
rícino resin castor oil based,adhere to porous materials,provide waterproofing,enhance aesthetic qualities,offer sustainable substitute,,,decorative resin lamp
ridge,depict nature,sculpt patterns,customize designs,,,,textured wall surface treatment
rietgoed reed textile,extract fibres,spin yarn,weave textiles,,,,drying cloth for textiles
ringmesh,create nonflammable curtain,provide flexibility,resist corrosion,allow color customization,,,fireproof decorative curtain
ripietra,provide durability,resist weather,support vehicle traffic,require no maintenance,offer anti slip,,outdoor flooring tiles
riverstone,improve flooring,protect surface,create structured wall,hide piping,add lighting,,sinuous designed wall system
rivets,add latex ink,screen print pattern,create relief pattern,,,,decorative wallcovering
rivuletta,distort view,transmit light,provide privacy,,,,privacy glass partition
riwood rice husk composite,combine materials,create alternative,engineer durability,ensure sustainability,,,outdoor architectural elements
robus embossed leather,provide soft feel,offer good strength,ensure wear resistance,deliver tear resistance,allow embossing characteristics,,cases and inlays for personal leather goods
rocco,hand woven,fire resistant,customized design,,,,interior wall finishes and furniture surfaces
rockpanel chameleon,refract light,change colour,impact perception,,,,facade board for buildings
rockpanel stones,provide fire resistance,offer dimension stability,enable curving,ensure lightweight handling,,,exterior cladding panels for buildings
rollout custom wallpaper,design noun,apply noun,represent noun,,,,custom residential and commercial interior decoration
rondolo,absorb sound,install easily,reflect light,,,,acoustic wall panel for sound absorption
root textile,grow textile,weave structure,create lamps,form wall hangings,bind material,,acoustic wall hangings and lamps
roots,mould stool,evolve shape,create continuity,increase details,,,evolving stool design
rosae,create wallpaper,remove petals,stick petals,,,,decorative wallpaper made from flowers
rotterdam fruitleather,reduce waste,create material,develop products,,,,handbag made from fruitleather
round rod ghost,conduct light,make glow,,,,,lighting rod for display windows
royal grass ecosense,maintain upright stance,ensure comfort,provide stability,match actual turf,,,recyclable artificial grass carpet
rt247 reclay ecoblend 1,reduce co2 emissions,conserve natural resources,recycle building materials,,,,sustainable brickwork for construction
rubia red,bonding textile,colouring paint,dyeing wool,dyeing leather,colouring make up,,natural dye for textiles and coatings
rubio monocoat oil plus 2 c,provide durable protection,ensure saturation,reduce consumption,,,,single layer wood finish
rubitherm,store thermal energy,release thermal energy,improve temperature retention,,,,temperature controlled food delivery system
rudiments,celebrate nature,inspire design,provide comfort,enable mix,enhance aesthetics,,random lay mix and match carpet tiles
rustic window quilted cloud,allow light,provide rustic effect,cover walls,,,,wall covering for residential spaces
rusticork cork tiles,combat noise,retain temperature,create aesthetic,,,,wall covering for buildings
s café coffee fabric,combine yarn,add properties,absorb odours,reflect uv rays,dry faster,,fast drying athletic wear
s flute,provide rigidity,enhance compression,allow perforation,enable printing,support coating,facilitate lamination,facade reinforcement panels
s lec sound acoustic film,improve sound insulation,dampen sound,reduce noise,,,,laminated glass for soundproofing
s tilestone flexible,transfer veneer,adhere fibreglass,cover surface,decorate wall,,,flexible wall coverings for indoor outdoor use
s tilestone thin,covering walls,adhering to surfaces,providing flexibility,enhancing aesthetics,,,thin veneer for indoor outdoor wall cladding
sabic engineering plastics,offer color options,demonstrate technology,provide flame retardant properties,,,,3d printed parts with varied textures and colors
sacall,provide lighting,offer flexibility,resist uv,resist weather,resist scratch,,lighting fixtures with anodised finishes
safety glow strips,glow noun,mark noun,,,,,emergency egress marking strips
safety is a luxury,integrate garment,offer protection,provide comfort,enhance style,,,bulletproof knitwear for everyday use
safety tiles,achieve anti slip,avoid industrial accidents,provide secure grip,,,,non slip floor tiles for industrial areas
safewood color,provide non hygroscopic,offer fire retardant,protect against combustion,accentuate natural look,,,fire retardant treated wood for interior use
safewood frx,insulate wood,extend period,react gases,,,,fire resistant outdoor structures
salmon leather panels,exhibit durability,craft premium accessories,create interior designs,bond without stitching,,,premium interior wall panels
sam panels,produce panel,recycle materials,integrate waste,create eco friendly products,,,furniture and wall panels
sandalor gold s120,mask colour variations,enhance visual effect,provide flexibility,,,,decorative anodised aluminium facades
sandblasted wood,transform surface,craft wood,engrave figures,,,,custom engraved wooden panels
sandwich panels,provide rigidity,offer lightweight,enable compression,,,,lightweight facade panels
sandwich plate system sps,transfer shear,eliminate need for stiffeners,reduce local faceplate buckling,dissipate strain energy,improve fatigue resistance,increase safety,blast resistant structural panels
saratech permasorb wallpaper,adsorb contaminants,provide mechanical strength,allow air permeability,,,,decontaminating wall covering for building interiors
sateen range,create wallcovering,encourage interaction,provide luxury feel,support sustainability,,,laser cut fabric wallcovering
satin ribbon zigzag,create textile art panel,make lamp shades,form partitions,produce blinds,design curtains,,textile art panel for the wall
saxcell,regenerated fibre,wet spinning yarn,woven fabric,knitted fabric,,,sustainable textile fabrics
scanbelt s25,transport belt,modular design,reduce motor output,,,,modular switch belt for production lines
scented carpet,combine naturals,create structured surfaces,reduce sound,,,,scented acoustic tapestry
scoby packaging material,wrap products,store foods,compost nutrition,,,,edible packaging for dry foods
scoria,glazing methods,crafting glaze,forming layer,,,,ceramic glaze with volcanic rock
scrapwood wallpaper 2,create wallpaper,provide realistic finish,allow washability,enable custom designs,,,non woven decorative wall covering
scratch me,change appearance,enhance user experience,promote sustainability,create bond,,,textile for sustainable fashion
screen asset,create indoor climate,ensure great view,preserve air quality,prevent growth of stains,,,dark coloured window screen
screen goo,transform surface,reflect light,create screen,,,,dual sided projection screen
screen natural silence,absorb noise,improve acoustics,reflect solar,,,,acoustic window screen fabric
screen nature ultimetal,reduce energy consumption,improve thermal protection,provide solar shading,maintain transparency,,,transparent solar shading blinds
screen reflection plus,reflect heat,filter daylight,prevent glare,guarantee view,,,solar control window screen
screenflex,provide flexibility,enable shutters,,,,,flexible shutters
scrusted,create coating,modify structure,resist water,,,,handmade decorative wall finish
sculptured collection,create textured panels,provide decorative surfaces,allow custom finishes,,,,textured wooden wall panels
sea silt ceramics,create novel ceramics,support sustainable construction,reduce energy use,drive regenerative economy,,,modular reusable façade systems
seaborn throw,hand knitted throw,indoor usage,,,,,bed throw
seacork,make waterproof,stop dirt,provide resilience,offer impact resistance,allow easy cleaning,,decking for boats
seadek sheet,provide non skid,protect surfaces,prevent scratching,cover imperfections,facilitate installation,,non skid pads for boat surfaces
seagrass base,produce panel,cover wall,bond materials,,,,eco friendly wall coverings
seagrass carpets,weave carpet,provide comfort,enhance aesthetics,facilitate maintenance,,,indoor woven carpet
seagrass on plywood,repurpose waste,produce panels,cover walls,,,,bio based wall coverings
seaqual fabric,transform nonbiodegradable waste,create sustainable products,upcycle ocean litter,,,,upholstery fabric for indoor furniture
seaqual yarn,contain upcycled marine plastic,provide soft texture,offer good weather resistance,,,,upcycled yarn for textile products
seaweed dye,extract pigments,apply dye,achieve colours,,,,natural textile dyeing process
seaweed foam,reduce plastic pollution,offer renewable resource,promote carbon isolation,minimize environmental impact,,,home compostable packaging products
seawood materials,dampen sound,insulate houses,finish veneer,,,,acoustic panels for interior walls
seconect,provide strength,offer resistance,absorb energy,prevent delamination,ensure waterproofing,,lightweight vehicle flooring
see thru acrylic mirror,reflective surface,transparent surface,lightweight material,impact resistant material,fracture resistant material,,two way mirror panel
see your space,create illusions,manipulate perception,distort space,reflect light,produce designs,,optical illusion wall coverings
seemee,provide substrate,allow digital printing,enable backlighting,resist uv,meet flame retardant standards,,large digital signage for buildings
sefar architecture fabrics,provide uv durability,improve sound absorption,offer flame resistance,transmit light,,,light transmissive ceilings and wall panels
sefar architecture interior exterior,transmit light,absorb sound,resist uv,resist tearing,create diffusion,,tensioned fabric structures
sefar architecture tenara fabric,provide waterproof,enable weldable,offer flexibility,allow light transmission,extend lifespan,,retractable outdoor structures
sefar architecture vision,reduce energy transmission,create textile surfaces,interact natural light,,,,exterior glass curtainwall system
sefar textile,filtering liquid,withstanding weather,resisting uv,,,,industrial filtration systems
segurova,reduce carbon footprint,protect against erosion,support plant growth,,,,anti erosion fabric for bank protection
self healing polymers,release agent,trigger polymerization,bond crack,enable healing,,,self healing structural composite
sensacell,detect object,provide sensing solution,enable bi directional communication,interface computer control,,,interactive sensor surface for smart architecture
sensitile glass tiles,allow penetration of daylighting,distribute daylighting,contain internal faceting,,,,decorative wall tiles for daylighting
sensitive fabrics,enhance breathability,reduce wrinkling,increase drying speed,provide embossed decorations,,,high performance athletic wear
sensuede,resist stains,resist spills,wash machine,dry clean,,,upholstered furniture covers
sensus,softens shape,returns original shape,shapes contours,provides low counter pressure,,,mattress with memory foam
sentryglas expressions,enable textures,incorporate images,provide uv protection,reduce noise,control thermal,control solar,laminated architectural glass for entry doors
seralit,toughen glass,screen print glass,control heat,,,,shower screens
serigrafia longline,simulate wallpaper,create textured surface,bond layers,,,,textured high pressure laminate panels
sg phat shag,provide warmth,offer comfort,absorb sound,enhance aesthetics,,,luxury area rugs for residential lounges
sg polly premium,ensure drainage,provide uv protection,offer colour variation,,,,outdoor lounge flooring
sgg vario,create facade,provide resistance,achieve attachment,,,,three dimensional curved frameless glazing system
shag bamboo,provide durability,offer warmth,enable customization,,,,hand tufted carpet
shamal,provide sun protection,improve thermal insulation,resist corrosion,allow replacement,,,building sunscreen system
shape memory polymers,store shape information,return original shape,activate embossed pattern,verify authenticity,,,heat activated security label film
sharklet safetouch,control bacterial growth,inhibit micro organism growth,reduce bacterial growth,,,,hygienic disposable skins for high touch surfaces
sharx braided sleevings,minimizing weight,maximizing strength,conforming shape,carrying load,increasing stiffness,increasing impact resistance,reinforcement for prosthetics and sports equipment
sheep poo paper,create paper,provide fertilizer,,,,,sustainable writing paper
sheerfill,provide non burning material,offer lightweight structure,ensure long term durability,enable self cleaning properties,allow translucency variation,,membrane surfaces for sports stadium exteriors
shell homage bioplastic,transform nature,bond material,replace plastic,produce objects,,,biodegradable home accessories
shepherd,provide warmth,absorb sound,resist fire,retain shape,resist odour,,sustainable wool curtain fabric
shetkastone,turning waste noun,forming hardened noun,controlling density noun,recycling by products noun,,,table or counter tops
shine,provide shimmer,enable printing,support recyclability,,,,greeting cards with metallic finishes
shiro paper,print illustrations,use recycled waste,support sustainability,,,,high quality printed marketing materials
siberian larch waxedwood cladding,provide dimensional stability,offer weather resistance,reduce maintenance requirements,protect against decay,,,decorative exterior cladding
sibu soft leather,provide covering,offer durability,ensure abrasion resistance,allow easy cleaning,maintain dimensional stability,,upholstery for fashionable living spaces
sibu structure line,create sheets,offer design variations,provide flame retardancy,,,,interior design sheets for wall coverings
sibuglas,create depth effect,offer abrasion resistance,provide flame retardancy,,,,interior design sheets for furniture
sierra papa anodized aluminum wire,serve as cladding,act as dividers,function as ceiling panels,provide infill for façades,,,decorative mesh for architectural features
siesta collection,make colourfast,allow cleaning with bleach,resist stains,resist water,resist mildew,exceed hospitality requirements,outdoor upholstery for hospitality furniture
sign again,process noun,recycle noun,create noun,,,,sheet material for signage
signal delightcoating,charge noun,provide noun,resist noun,apply noun,,,photo luminescent tiles
sileather 3s,provide elasticity,ensure waterproofing,offer stain resistance,pass fire standards,,,swim caps and swim suits
sileather 90 s,provide nonstick surface,offer weatherproof protection,ensure flame resistance,resist stains,sustain uv stability,,baby bottle nipples and kitchen spatulas
sileather,resist abrasion,resist cracking,resist fading,resist staining,clean easily,,upholstery for furniture in hospitality
silentum acoustic wool felt,absorb sound,filter pollutants,neutralise irritants,create comfortable climate,,,acoustic wall panels for indoor spaces
silicastone,create surface,offer design possibilities,resist heat,resist fire,resist uv,,interior and exterior wall tiles
silicon compound,mould into custom shapes,resist high temperatures,contact food safe,,,,moulded components for domestic appliances
silicone,create pattern,emphasize shine,perceive differently,,,,iridescent decorative textile sample
silk plaster,provide nature,create wall covering,apply diy material,enhance interior design,,,liquid wallpaper for interior walls
silkplus,provide comfort,generate quality,ventilate air,,,,lightweight outdoor sports apparel
silpure,apply antibacterial properties,control bacteria,adhere to fibers,,,,antibacterial textile treatment
siltex braided sleeves,enhance thermal stability,provide high strength,offer low density,,,,braided sleeves for ballistic protection
silvadec deckboards,provide resistance,offer uv resistance,ensure rigidity,allow recycling,,,deck boards for outdoor spaces
silver mesh fabric,shield nonion,cover appliance,create designs,,,,microwave oven cover
sinck ko craquelé,create flooring,provide crackle effect,allow color customization,,,,decorative resin flooring with crackle finish
sinck ko gc,provide durability,create seamless flooring,allow texture variation,,,,seamless interior flooring system
sindrain,prevent water infiltration,prevent formation of molds,prevent moisture accumulation,,,,basement drainage mat
sinh laminate,combine noun,offer noun,use noun,meet noun,,,interior wall coverings and kitchen furniture
sisal more than a rope,change structure,create fabric,combine fibres,dye fibres,,,soft dyed fabric for textiles
six s,provide hygienic surfaces,ensure attractive textures,offer high strength,maintain ultra resistance,create multi sensory experience,,kitchen countertops with hygienic surfaces
sizopreg,reinforce bio plastic,biodegrade composite,retain ductility,remain resilient,,,decorative panels for interior design
skai cool colors venezia,reflect heat,reduce heating,resist uv,resist weather,resist dirt,,upholstered furniture with heat reflective properties
skai nature base,replace materials,avoid limitations,retain characteristics,,,,high quality covering material for soft furnishings
skai sastitcho,offer scratch resistance,provide flame protection,enable easy processing,,,,decorative upholstery for intensive living areas
skai soshagro en,interpret skin,suit for furniture,process with sewing,suit for wall coverings,,,large format wall coverings
skin block wide,provide attenuation,shield against microwaves,adhere to surfaces,allow visibility,,,transparent microwave shielding film for windows
skin series algae knit with probiotic finish,encapsulate bacteria,reduce body odour,encourage cell renewal,improve skin immune system,,,probiotic clothing for skin health
skinbag,integrate digital components,personalize texture,design art,decorate interior,,,textured synthetic skin for fashion accessories
skinny b,provide strength,offer insulation,enable customization,allow easy installation,,,ultra thin wall cladding panels
sky blue 3d tiles,reflect light,run off rainwater,resist frost,,,,façade cladding for museums
skylt invisible varnish protection,protect noun,retain noun,finish noun,deepen noun,,,invisible finish for wooden floors
sleeve knt,provide heat resistance,offer mechanical robustness,cover transport rollers,,,,covering for transport rollers in automotive glass production
slimstone,provide lightweight tile,allow bending,enable cutting,,,,lightweight stone tiles for interior walls
slumber,provide warmth,create texture,offer resilience,,,,upholstered beanbags
smart hybrid textile,absorbent fabric,quick dry fabric,ventilation fabric,water repellent fabric,,,outdoor apparel for men and women
smart x,provide lightweight,resist moisture,support digital printing,offer uv resistance,enable recyclability,,outdoor advertising displays
smartgel,self modelling,distributes body pressure,absorbs body heat,supports body,modifies shape,,pressure relieving mattress topper
smartheat,improve durability,enhance dimensional stability,enable efficient heat transfer,,,,engineered flooring and decking
smartslab,create strong tile,enable building component,emit colours,increase resolution,,,digital video display for walls and floors
smile plastics,recycle material,water resistant panel,fire rated surface,moisture proof tabletop,scratch resistant furniture,,tabletops and worktops made from recycled materials
smoke out,provide fire resistance,enable automatic opening,,,,,fire resistant textile for safety curtains
snowdrift,reflect nature,allow light,provide texture,,,,decorative wall art
soft feel coating,transform surface,apply coating,produce finish,resist scratch,resist mar,,automotive interior surface finish
soft house,harvesting energy,emitting light,insulating air,transforming curtain,,,energy harvesting and light emitting curtains
soft safe,offer rf shielding,provide antibacterial properties,enable high conductivity,,,,grounding pad for mattresses
soft silica,mold precise ways,incorporate copper wiring,create fascinating surfaces,,,,knitted glass wall tapestries
soft step,prevent slipping,provide comfort,withstand temperature variation,facilitate water removal,allow easy cleaning,connect with clips,safety mat for wet areas
soft touch coatings,apply non slippery enhancement,produce velvety surface,combine coloured coatings,adjust customized colour,,,interior surface finishes
paper softblock,expand partition,contract partition,flex structure,blend joints,anchor surface,,freestanding modular partition system
softouch paint,create matte finish,adhere to surfaces,produce soft texture,offer performance finish,,,automotive clear coat finish
soily,create tile,merge materials,provide texture,offer sustainability,,,earth like textured floor tiles
solar cell roof tiles,generate energy,integrate solar collector,absorb power,connect cables,,,solar energy generating roof tiles
solar design panels,generate energy panels,combine colours facade,ensure compatibility materials,provide depth perception,,,energy generating facade panels
solar glassblock,optimize energy,insulate heat,assemble panels,reduce cost,facilitate recycling,,solar energy generating building façade
sole,soothe skin,ease anxiety,heal infection,provide comfort,allow customization,,wearable gloves for skin protection
solid oak floors,provide appearance,offer durability,support structure,,,,engineered flooring for residential interiors
solid surface full colour,transfer image,create image,thermoform piece,,,,decorated shower wall cladding
solid textile board,replace material,provide sustainability,reduce waste,,,,high density board for furniture design
solid wood decorative elements,manufacture decorative elements,produce precision,enable filigrane work,combine raw materials,exchange components,refresh surfaces,decorative trims for luxury yachts
solidfloor lifestyle,provide stability,offer warmth,enhance acoustics,resist scratching,,,engineered wood flooring for interiors
soligem,provide waterproof,offer tear resistance,resist uv exposure,enable custom colors,,,bathroom mat
solio soft,provide flexibility,offer tensile strength,allow cutting,enable sewing,support hot melt welding,,biodegradable leather alternative for accessories
solio solid,provide hardness,offer elasticity,allow sanding,enable biodegradability,,,biodegradable sheet material for furniture
soltech system,allow sunlight,absorb solar energy,heat air,circulate air,,,solar energy roof tile system
soltis 86 92,eliminate solar radiation,manage heat,provide dimensional stability,allow light passage,,,external solar protection systems
soltis,provide thermal protection,maintain ambient temperatures,filter light,resist wind,enable storage,,solar protective textiles for buildings
soluble textile,dissolve fabric,create pattern,inspire design,,,,interactive fashion installation
solus,provide contrast,protect fibres,allow incorporation,reduce supports,diffuse lighting,,architectural fabric structures
somic,create fabric,coat textiles,weave paper,braid cord,,,decorative tying cord for crafts
sonic fabric,record sound,create textile,transmit sound,,,,sound responsive upholstery
sonoperf,absorb sound,enable design,provide impression,,,,micro slotted acoustic panels for interior design
soprasolar,produce energy,provide waterproofing,adhere layers,,,,solar energy roofing membrane
soprastar,reflective membrane,waterproof membrane,reduce emissions,keep building cooler,,,heat reflective roofing system
soric flexible core,add stiffness,reduce weight,eliminate need for flow media,meet cosmetic requirements,,,thin core laminate for composite structures
soric,enable resin flow,limit resin absorption,provide adhesive bonding,resist compression,,,composite sandwich structures
soundblox carbstone,absorb sound,improve acoustics,integrate solution,replace blocks,fight pollution,,acoustic building wall solution
soundbounce,enhance sound quality,reduce noise,provide acoustic absorption,support sustainable design,allow colour customisation,create unique patterns,acoustic wall panels and ceiling treatments
soundless green wall,absorb sound,create wall,provide design,customize panel,,,acoustic sound absorbing wall panels
soundreducing carpet,absorb sound,reduce disruption,protect surface,reduce fatigue,soak impact,,sound absorbing carpet tiles
soundwave,reduce sound,improve privacy,absorb sound,diffuse sound,,,acoustic panels for office spaces
soyasilk,provide nature,offer comfort,enable sustainability,,,,eco friendly textile for clothing
soyol,manufacture chemicals,produce biodegradable plastics,perform like petroleum counterparts,compound with synthetic plastics,,,automotive seating foam
space defining surfaces,manipulate light,create aesthetics,control texture,,,,textured wall tiles
spacer,provide breathability,offer volume,enable lightweight,,,,3d knitted spacer fabric for apparel
spalted maple,create patterns,require curing,achieve consistency,,,,veneer and plywood panels
sparkling plastic,recycle waste,shred material,heat granules,create product,,,recycled plastic products from workshops
specchi d arredamento,create nostalgic effect,achieve colour explosion,evoke depths appearance,,,,decorative wall and ceiling panels
specchiopiuma mirror,reflective panel,lightweight installation,optical quality enhancement,versatile adaptation,,,theatrical stage decoration system
special filaments,3d printing filament,providing durability,creating textured finishes,offering variety,,,desktop 3d printed components
special fx paints,create novel effects,provide color shift,simulate metal finish,,,,special effect paint for artistic projects
special matt film,provide scratch resistance,offer good properties,laminate directly,,,,presentation product binders
special performance board,provide rot resistance,reduce moisture movement,treat against mould,,,,water resistant lining board for wet rooms
special prints,apply surface,generate spark,print material,,,,interactive printed surfaces for matchboxes
spectar transquieto,absorb sound waves,enhance acoustics,resist fire,resist heat,resist cold,,acoustic panel for sound absorption
spectra yarn,engineered strength,resistant abrasion,providing durability,,,,lightweight outdoor gear
spectrum,create textile,weave jacquard,feature raised cords,,,,curtains and upholstery
spin flooring,provide strength,create patterns,offer durability,,,,decorative wall tiles with patterns
spot on recycled pp material,provide visual properties,offer environmental benefit,customize in colour,create unique look,,,countertops and wall surfaces
sprayflex,cover cracks,dry quickly,achieve hygienic surface,provide elasticity,offer mechanical strength,,seamless floor and wall finish
spruce phoenix,provide fire retardant properties,offer sound insulation,serve as structural panel,support paintable surfaces,,,fire retardant structural panel for interior use
spun bamboo,wick moisture,regulate temperature,prevent bacteria,provide comfort,drape like silk,,breathable clothing fabric
spun,extrude wire,metallize surface,create mesh,,,,lace like mesh for upholstery
spunlace,bonding nonwoven fabric,entangling fibers,yielding cohesive web,,,,nonwoven fabric for hygiene products
spymirror,reflective partition,coated mirror,optical film,,,,one way mirror partition for observation areas
squid,self adhesive window covering,transparent light filtering,heat reflecting,humidity resistant,,,self adhesive window film for privacy
stadip,laminate glass,cut glass,separate walls,,,,semi translucent separation wall panels
staduco,optimise thermal performance,support external joinery,prevent moisture swelling,facilitate accurate alignment,minimise material waste,,building joint profiles for natural stone sills
stainless steel mesh shielding fabric,permit air flow,resist corrosion,provide shielding,allow light transmission,enable grounding,,electromagnetic shielding fabric for electronic devices
stainless steel structures,allow building,create impression,vary aperture,provide transparency,ensure resistance,,double skin facade system
stainless steel tile,create tiles,provide aesthetic quality,allow easy installation,ensure durability,,,loose lay flooring system
stamisol color ftp 35,protect buildings,control humidity,control thermal performance,,,,ventilated building façade
stamisol ftd 52,protect nonliving,control humidity,control thermal performance,breathe air,,,ventilated facade protection system
starlight,provide translucency,offer lightweight,ensure stiffness,enhance aesthetics,,,raised floor panel with anti slip finish
starpath,absorb energy,store energy,release energy,glow luminosity,enhance safety,,luminous resurfacing for pathways
starshine glasterrazzo,provide floor covering,allow individual solutions,resist chemicals,maintain hygiene,,,jointless flooring solution
steel collection,regulate light,provide protection,reflect sunlight,resist creasing,allow washability,,light regulating interior textiles
steel floor tiles,provide durability,offer aesthetic appeal,resist weathering,allow customization,,,flooring tiles for urban and residential areas
steel,improve architectural possibilities,transform finish,respond aesthetic issues,respond technical issues,respond environmental issues,,architectural structures and components
steenfineer stone veneer,provide aesthetic wall covering,enable flexible application,allow easy mounting,offer weather resistance,,,curved wall or front desk cover
stellanyl,provide rigidity,offer strength,enable printing,allow bonding,permit cutting,facilitate milling,rigid sheets for various design projects
steni nature glass,reflect nature,bonded to core,withstand weather,provide aesthetic,allow ventilation,,ventilated cladding for building façades
stimulite honeycomb,absorb shock,provide stability,return shape,reinforce structure,,,cushioning in athletic shoes
stitched wood,offer flexibility,provide stability,hold together,,,,customized furniture components
stitched,make flexible,make strong,,,,,flexible textile for clothing
stitching,stitching panels,custom sewing service,manufacturing textiles,,,,3d acoustic panel manufacturing
sto ecoshapes,influence form,customise colour,reduce co2 emissions,create texture,,,custom façade cladding system
sto glass mosaic,create facade,provide aesthetic,ensure durability,resist frost,allow cleaning,,decorative building façade
stobrick,provide insulation,allow customization,enable design freedom,,,,hard façade cladding for external walls
stodeco,adhere bond,work profile,finish surface,apply interior,,,lightweight interior wall panels
stolotusan,repel water,prevent dirt adhesion,reduce discolouration,,,,self cleaning exterior wall coating
stoneplex sand,covering wall,design interior,providing unique textures,,,,flexible structured wall covering for interior design
stoneplex slate,flexible wall covering,hand crafted surface,reproduction slate,,,,interior wall covering for residential spaces
stoventec glass,provide aesthetic,offer translucence,ensure durability,resist weathering,,,architectural facade panels
strandgut,insulating fabric,anti bacterial fabric,moisture resistant fabric,flame resistant fabric,mould resistant fabric,,sustainable beach bag
straw board,connect naturally,resist moisture,save trees,,,,moisture resistant bathroom ceiling panels
strawave,combine bio resins,cast custom moulds,apply colour patterns,achieve wave form,,,non structural facade cladding panels
streamribs,form non slip surface,invite walking,accumulate rainwater,,,,tactile paving tiles for outdoor spaces
stretch chrome film,create nonreflective finish,stretch accommodate shapes,adhere pressure sensitive,conform relax dimensions,,,automotive interior trim
stretch maille,allow light transmission,provide visual screening,create lighting effects,offer scratch resistance,enable customization,,decorative room dividers
stretch textile,provide warmth,offer durability,enable stretch,create smooth texture,,,upholstered seating for homes and offices
striding,create tile,design connection,innovate product,,,,decorative wall tiles with geometric patterns
stripes galore collection,provide insulation,offer breathability,enable wicking,ensure compostability,,,upholstery for guest seating
structural skin,transform waste,celebrate qualities,define role,,,,capsule collection emphasizing material capabilities
structurally coloured bio material,self assemble colour,reflect light,create structural colour,,,,cosmetic colourants for skin products
structuran decoran,create depth,achieve color,replace natural stone,resist chemicals,form curved panels,,interior countertops and furniture
stylish spaces with metallic surfaces,enhance light,create spaciousness,transform textures,,,,custom kitchen cabinets
subcutaneous,transform noun,harden verb,laminate verb,,,,acoustic partition panel
subli tech,protecting layer,decorating surface,,,,,photo prints on metal sheets
sublidot,create surface,play light,create shadow,,,,three dimensional decorative paneling
sugarcane bagasse composites,create composites,exhibit sound absorption,combine natural binders,,,,acoustic panels for interior design
sugarcrete,reduce carbon footprint,combine sand mineral binders,produce bricks,,,,low carbon bricks for construction
sugru,mould adhesive,stick to surface,cure into flexible,handle heat,add grip,,custom grips for tools and sports gear
sunbrella timeless on the road,withstand weather,resist stains,retain colour,merge durability,offer versatility,,outdoor seating cushions
supafil,insulate walls,resist moisture,reduce thermal conduction,install easily,,,cavity wall insulation system
super soft modal blend,soft textile,lightweight fabric,breathable material,,,,luxurious nightwear garments
superblack,absorb light,reduce reflection,suppress straylight,,,,self adhesive optical performance foil
superfabric,deliver abrasion resistance,provide stain resistance,allow quick drying,reduce weight,,,ski jackets and pants
superform aluminium,hot forming,superplastic forming,,,,,automotive body panels
supernature,absorb sound,insulate heat,regulate temperature,provide aesthetics,,,custom made textiles for interior design
superpan star,combine lightweight,offer clean cut,perform fastening,respond load situations,,,furniture for homes and offices
superpan e z,offer clean cut,provide excellent response,enable fastening,,,,furniture for kitchens and offices
supertherm,block heat load,reduce energy costs,reflect radiation,resist fire spread,,,thermal insulation for roofs and walls
superwool,provide insulation,exhibit thermal stability,retain structure,allow flexibility,enable easy installation,,high temperature insulation blankets
suprlabs ve,conducts electricity,binds permanently,provides antimicrobial benefits,enhances comfort,,,antimicrobial wound dressing
surface iq pvc free wallcovering,provide performance,inhibit growth,pass standards,,,,durable wall covering solution
surface synergy textile,transform noun,create noun,merge noun,,,,textured woven fabric for interior decoration
surfaces chip and stick,transform noun,create noun,apply noun,,,,bespoke dining table for luxury interiors
surfi sculpt,create features,displace material,produce textures,tailor surfaces,,,textured surface for heat exchange
sustainable chestnut wood,provide durability,offer sustainability,resist weathering,support structural integrity,,,garden fencing and landscaping
sustainable paving tile,replace sand,clean granulate,create tiles,recycle concrete,,,sustainable outdoor paving solution
sustonable,reduce plastic waste,emit few toxins,save energy,lower carbon footprint,recover water,,decorative surface for interior design
suwide capricio,provide non woven backing,offer scratch resistance,ensure seamless finish,,,,wallcovering for interior spaces
swart tiles,decorate tile,collect light,glow nighttime,create panel,,,decorative wall panels with luminescent tiles
swedboard fibre,offer alternative,provide strength,enable productivity,maintain flatness,support printing,,in store signage solutions
symbiomattm,reduce environmental impact,provide biodegradable alternative,offer antibacterial properties,prevent slipping,ensure comfort,,yoga mat for exercise
symbiomatter foam,repurposing waste,creating biodegradable material,dampening movement,isolating components,packaging electronic devices,,packaging for electronic components
syndecrete,provide strength,reduce weight,resist chipping,create aesthetic,enhance workability,,pre cast decorative tiles and tables
synlam,reduce weight,maintain strength,provide stiffness,,,,lightweight aerospace air frame
synthetic turf,provide cushioning,simulate grass,resist uv,allow drainage,,,sports field surface
t paint loam textured paint,reduce echo,moisturise,provide texture,,,,interior textured wall paint
tabu veneer,provide colour choice,increase consistency,highlight grain character,,,,interior partition walls
tactile textiles,create textured surface,merge silicone textiles,combine knitted fabric,,,,textured wall hangings for sensory environments
tactility factory,integrate textile,enhance environment,create surface,provide tactile,deliver aesthetic,,integrated textile and concrete surface panels
stone tadelakt lime plaster,decorate surface,repel water,resist impact,finish ornaments,,,decorative wall finish in bathrooms
takeo paper,create business cards,develop invitations,achieve translucence,incorporate texture,produce patterns,,business cards with unique finishes
tandem acoustics,absorb sound,preserve aesthetic,provide freedom,,,,acoustic design element for interior spaces
taok 3d tiles,create tile,harden tile,glaze tile,reshape tile,fire tile,,freestanding decorative wall cladding
taralay,reinforce flooring,facilitate maintenance,eliminate acrylic,treat bacteria,provide colour,,compact vinyl floor covering
tau carbono,generate microtextures,produce high strength,create geometric glints,,,,porcelain tiles with textured finishes
tea clay,retain structure,absorb odours,release fragrance,provide plasticity,offer durability,,biodegradable tableware made from recycled tea residues
teak edge grain,resist moisture,resist insects,provide durability,offer stability,self heal,,furniture with moisture resistance
teak end grain,resist moisture,resist insects,resist warping,resist cracking,create patterns,,end grain countertops
teatris,provide nominal expansion,allow tool free installation,offer personalized designs,create three dimensional texture,,,modular wall panels for interior decoration
tec line,reflect light,break beam,generate stability,create patterns,,,decorative metallic carpet
tecell,create nested shapes,cut material,weld material,print designs,,,collapsible packaging containers
technical matt,provide antibacterial surface,offer scratch resistance,ensure heat resistance,allow easy repair,,,kitchen worktops and office desks
techniclic cladding system,affix wooden cladding,allow ventilation,replace individual pieces,,,,invisible fixation wall and ceiling cladding
technogel,conform body,distribute pressure,maintain properties,,,,medical cushioning systems
technology line,control light,insulate heat,resist fire,block sound,provide luminosity,,fire resistant glass block panels
technowood,provide durability,enhance aesthetics,resist weathering,offer fabrication options,,,pergolas and outdoor furniture
tecnoglas mirror,minimise risk,ensure colour stability,create mirror front,,,,hovering furniture socket
tectan board,recycle material,glue bonding,create board,,,,colorful board for interior design
tectonitxtm,enable production,reduce waste,ensure durability,achieve strength,,,large scale concrete elements for construction
tecu copper and copper alloys,provide durability,enable creativity,allow design flexibility,support sustainability,,,external building cladding
tefor,provide water resistance,enable thermoforming,support recycling,,,,water resistant laminate sheets
tegris,provide impact resistance,maintain high stiffness,enable recyclability,,,,ballistic armor
temal,resist corrosion,resist fire,resist scratch,resist uv,resist weather,stay clean,enamelled facade panels
tempur foam,adapt body shape,absorb pressure,spread pressure uniformly,,,,mattress for sleep comfort
tencel lyocell,manage moisture,provide breathability,offer softness,deliver strength,,,moisture wicking athletic apparel
tendermark concrete veneer,create surface,laminate substrate,provide fire protection,resist scratches,resist uv,,high quality handmade concrete surface
tenite pebbles,moulded product,extruded product,fabricated product,incorporated fragrance,,,fragrance emitting decorative pebbles
tennage special,transmit light,fold bend,sew attach,,,,lighting fixtures and electronic device casings
tennâge wood veneer,transmit light,sew forms,recycle remnants,attach backing,,,lighting products and electronic devices
tensioned ceiling system,maintain acoustic transparency,improve ventilation,reflect architectural lighting,define space,provide visibility,,flat ceiling system for large spaces
tensotherm nanogel,trap air,prevent heat loss,enhance thermal efficiency,transmit natural light,dampen sound,,tensile fabric membrane insulation layer
terra alchemy,combine metal,conduct heat,conduct electricity,change color,change texture,,ceramic tiles with integrated metal
terra collection by feina,emphasize texture,personalize appearance,age graciously,,,,customized terrazzo furniture pieces
terrart baguette,provide structural support,offer aesthetic appeal,resist weathering,,,,curved ceramic pipe systems
terrart,suspended construction,ventilated facade,custom made solutions,,,,large sized ceramic façade system
terravetro,coat granules,combine flooring,produce tiles,,,,mirror coated terrazzo flooring
terrazhel,resist weathering,repel insects,provide durability,offer lightweight,,,cabinetry and furniture surfaces
terrazzo lumina,transport light,emit light,infuse light,,,,back lit flooring and bar tops
terrazzo lumineo,create surface,illuminate effects,distribute aggregates,group patterns,,,fluorescent terrazzo flooring
terres émaillées,transform waste,create tiles,offer alternative,showcase colours,,,glazed ceramic tiles for interior and exterior walls
tessuto,impregnate paper,bond worktops,resist scratch,resist impact,,,high pressure laminate worktops
tex tiles,create tiles,add lighting,customize imprint,,,,translucent decorative wall tiles with integrated led lighting
texaa vibrasto,reduce noise,envelop walls,create harmony,facilitate cleaning,,,acoustic wall and ceiling cladding
texaa,sound absorbing product,dampening panel,fire resistant material,easy to clean surface,,,sound absorbing window decorations
texacoustic,reduce noise,provide privacy,offer flame retardance,,,,theatre curtains
texglass,regulate light,enhance design,provide privacy,moderate transparency,,,interior partitions with decorative inserts
texilar,provide noun,reduce noun,protect noun,,,,light armouring system for vehicles
texlon foil systems,adjusting shading,providing insulation,maintaining structural integrity,,,,transparent roofing system
texlon,provide insulation,resist wind loads,self cleanses,,,,inflatable building envelope system
texluce,blend noun,convey noun,enhance noun,,,,rear lit false ceiling
textile constructions,provide acoustics,create atmosphere,separate walls,,,,three dimensional wall separations
textile glass,laminate doors,produce pieces,correspond wishes,,,,custom all glass doors
textile sensor,sense pressure,emit sound,,,,,bedside patient alert system
textile wallcovering,add nature,withstand use,create texture,respond properties,,,luxurious wall covering for commercial interiors
textile resin composite,provide strength,offer stiffness,facilitate recycling,enable moulding,,,load bearing panels for building structures
textiles by mae engelgeer,provide warmth,create texture,offer resilience,enhance aesthetics,,,heavy knit blankets
textiles by samira boon,create products,harden fabric,fold structure,customize images,,,folding screens for interior design
textiles insected,create textile,inspire fashion,provide translucence,enable phosphorescence,allow structural variation,,women s fashion textiles inspired by nature
texture bank,create depth,provide transparency,design playful objects,embed textures,,,decorative wall panels for interior spaces
texture surfaces,create textures,cover surfaces,resurface traces,,,,decorative wall and furniture finishes
textured glass,producing architectural,creating decorative,forming structural,enhancing aesthetic,,,decorative windows and doorlights
textured synthetic materials,express noun,develop noun,behave noun,,,,textile surfaces for apparel design
texwood,laminate panel,join staves,glue staves,,,,solid wood laminated panels for furniture
tfl cool system,reflect sunlight,reduce temperature,,,,,interior temperature control in vehicles
the better wae flooring collection,expand lifecycle,create color combination,choose design,,,,custom geometric flooring tiles
the bloq,promote manufacturing,improve air quality,provide thermal insulation,provide acoustic insulation,enable rapid assembly,,temporary lightweight building block system
the breath,adsorb pollutants,filter air,trap bacteria,guarantee transpiration,,,air purification fabric for indoor environments
the loomia gentoo heated fabric,generate warmth,provide comfort,enable breathability,allow stretch,,,heated winter jackets
the mercury effect,manipulating sheet,reflecting surroundings,creating artworks,covering pillars,cladding walls,,wall cladding and free standing sculptures
the olive wood collection,provide texture wall panel,exhibit splendid grain,create geometric design,,,,textured wall panel from reclaimed wood
the production of fatigue,reveal quality,challenge standards,enrich surface,record production,,,decorative ceramic tiles
the subtle power of lines,create nonlinear effects,enhance graphic aspect,express three dimensionality,,,,decorative wall panels with geometric patterns
the supranodic collection,provide colour versatility,create uniform look,hide imperfections,endure severe weather conditions,ensure high level of protection,,architectural window frames and façades
the wall project,create tile,experiment pattern,introduce handmade,,,,interior wall decoration with bespoke tile patterns
the yarn,transform noun,weave noun,knit noun,create noun,,,upholstery and curtain fabrics
thermafiber,provide fire protection,stop sound,conserve energy,provide thermal insulation,efficiently drain water,,fire containment assembly for commercial buildings
thermagreen,reduce evaporation loss,eliminate algae growth,allow rainwater drainage,prevent contamination,provide thermal insulation,,roof garden drainage system
thermaltech fabric,capture ultraviolet rays,transform energy,warm wearers,reduce weight,,,lightweight waterproof outerwear jackets
thermhex pp honeycomb,minimize resin,reduce weight,bond skin,,,,sandwich panels for trailer bodies
thermo plastic elastomer,create cushions,provide shock absorption,reduce fuel consumption,enable mass customisation,degrade environmentally,,lightweight shock absorbent cellular cushions for automotive use
thermobatch,create interactive products,change colour reversibly,indicate temperature conditions,,,,temperature sensitive packaging
thermochromic colorcomp,undergo colour changes,respond to temperature,,,,,temperature sensitive display panel
thermochromic glass tpg,adjust light transmittance,reduce shading coefficient,prevent heat ingress,provide comfortable living condition,,,dynamic solar control windows
thermochromic ink,reacts heat,disappears warm,reappears cool,,,,temperature sensitive graphic designs
thermoclear,provide impact strength,transmit visible light,offer energy efficiency,resist weather extremes,control condensate,,glazing for greenhouses
thermacool,absorb latent heat,release latent heat,manage internal temperatures,reduce energy demand,,,thermal management tiles for lightweight structures
thermoformed foam,create custom contours,provide fire protection,assemble large surfaces,,,,customized foam boards for interior design
thermoplastic elastomers,increase user friendliness,provide soft touch properties,offer excellent elasticity,enable easy colorability,,,medical device components
thermoplastic film,combine properties,produce polymer,adapt properties,supply film,weld sheets,,medical bed covers and blood bags
powder coatings abcite plascoat,protect noun,adhere noun,resist noun,replace noun,,,bridge balustrade coating
thermowood,reduce moisture content,enhance physical properties,resist water,resist fungi,provide stability,,exterior cladding and decking
thistle,create biodegradable chair,reuse biofuel,,,,,biodegradable lounge chair
tibetan cactus fibres carpet,regulating temperature,providing aesthetic,offering durability,ensuring washability,allowing customization,,hand knotted outdoor carpet
tibgrid,integrate heating,allow resin impregnation,spread out heating,,,,smart textile heating system
ticolor,anodic oxidation,thickening oxide film,achieving surface effects,,,,decorative surface treatment for architectural elements
tiger oak,provide structural support,offer aesthetic appeal,absorb moisture,resist scratching,,,hardwood flooring with unique color patterns
timax decor decorative inlay,prevent visibility,upgrade appearance,provide weather protection,facilitate installation,,,decorative insert for ventilated curtain facades
timax gl glass fibre insulation,enhance heat insulation,scatter light,reduce solar heat,,,,u profiled glass façade systems
timber sil,barrier rot,barrier decay,barrier insects,fire retardant,structural stability,,outdoor structural framing
timber terrazzo,reclaim nature,fashion material,craft surface,optimize proportion,select colors,,flooring in public transport systems
timbercrete,reduce energy consumption,act as carbon sink,provide fire protection,,,,energy efficient building material
time included cloth,change appearance,increase interest,tempt users,,,,wearable garments that evolve over time
tinted carbon,enhance noun,apply noun,seal noun,grind noun,polish noun,,tinted carbon parts for automotive interiors
tire veneer,resist stains,reduce noise,provide durability,offer resilience,enhance aesthetics,,environmentally responsible flooring material
tissavel cleaning materials,produce polishing results,provide abrasive action,clean uneven surfaces,absorb liquid,,,cleaning cloth for mirrors and windows
tissu tricote,mold noun,filter noun,,,,,filtering system for air or liquid
tissue paper clay ceramics,create structure,explore perception,,,,,decorative ceramic sculptures
titansilver,decrease reflections,provide antiquated surface,apply zinc surface,,,,roof and façade systems
titanwood,improve durability,increase hardness,enhance hydrophobicity,reduce swelling,alter chemical structure,,uv resistant wood for outdoor furniture
tmf valencia recycled glass,create mosaic,impregnate tile,sustainability enhance,,,,mosaic wall and floor tiles
tomato fibre paper,create paper,utilize waste,ensure quality,,,,biobased paper for packaging
toplin top coat gloss,emulsify water,provide hand grease resistance,yield fine processing,,,,water based paint for indoor restoration
topperfo,absorb sound,improve acoustics,,,,,acoustic panels for walls and ceilings
torcetex,support circularity,process material waste,provide beauty,stimulate innovation,,,woven textile for interior design
totomoxtle,reinforce fibreboard,create marquetry,surface interiors,surface furniture,,,interior surfacing veneer sheets
touch of nature,stimulating sensorial properties,providing acoustic comfort,offering good aesthetics,creating natural appearance,,,seamless flooring solutions for private and institutional projects
touch of nature walking on coffee,provide nature,create flooring,offer resilience,enhance aesthetics,,,seamless floor covering
tactile textiles in faced panels,create acoustic climate,enhance atmospheric environment,provide tactile experience,combine beauty with functionality,,,faced panels for interior walls
tpe elastics tube and cord,combine properties,vary compounds,resist uv,resist chemicals,cut materials,,elastic cord for medical applications
tradition cork floor tiles,covering floor,customize size,provide comfort,reduce noise,enhance aesthetics,,interior floor covering tiles
traditional indian natural dyes,enhance biodiversity,reduce waste,support ecological restoration,offer vibrant colors,,,dyeing textiles with grape leaves
transparent solar cells,generate power,provide view,reduce energy consumption,protect against sun,,,transparent building façades
transparenz,create grid,pour coloured resin,customize patterns,,,,interior dividing walls and table tops
transpor dry layer,transport moisture,evaporate sweat,resist stains,resist odor,,,moisture wicking sports clothing
tree free paper,provide durability,create smoothness,offer resilience,,,,handmade paper for books
tree of culture,evoke mindfulness,remind of tree,reconnect cellulose,link conceptually,,,tangible objects that evoke connection to trees
treeplast,absorb shock,mould injection,biodegrade water,finish wood,,,ergonomically designed laptop stand
trend glamour,create decorative effect,provide high transparency,resist chemical influences,offer low thermal conductivity,offer wide colour range,,mosaic decorations for wall coverings
trespex b w colored,provide translucence,create 3d effect,embed vinyl,,,,presentation shelves
tretford s special feature,absorb moisture,release moisture,bind dust particles,provide warmth,reduce airborne dust,,hygroscopic carpet for indoor spaces
tri the material that touches you,combine naturals,produce 3d printed shapes,process wood like,design sustainable products,,,lightweight wall and floor coverings
triaxial woven fabric,maintain structural integrity,reinforce composite materials,respond tensile deformation,respond shear deformation,,,reinforcement for composite structures
tribar facade solutions,permit light,filter light,block light,isolate noise,provide visual effect,create endless lines,grated stair panels
tribar floor solutions,permit light,filter light,block light,isolate noise,create visual effect,,grated stair panels for treads
tricoya,demonstrate durability,provide dimensional stability,reduce water absorption,enhance resistance to decay,,,exterior and interior wall panels
trifilon revo,reduce co2 footprint,replace fossil plastics,achieve surface finishes,,,,injection moulded components for consumer products
trifilon switch,offer sustainable choice,integrate renewable feedstocks,achieve surface finishes,,,,eco friendly consumer products
trifold,enhance compressive strength,equalize compression and tension,reduce surface area,support flexibility,,,self supportive sandwich structure
tritan copolyester,offer clarity,provide toughness,ensure heat resistance,resist chemicals,allow dishwasher safety,,infant feeding bottles
trosifol,provide safety glass,offer noise reduction,achieve colour stability,ensure light stability,,,laminated safety glass for architectural glazing
formica patterns truescale laminates,mimic nature,reduce cost,enhance aesthetics,,,,commercial interior surfaces
tt sheet,allow sewing,enable thermoforming,provide genuine finish,,,,fashion accessories and furniture
tuohi,cover noun,mount verb,interlock adjective,,,,wall paneling for interior spaces
turmeric as mood booster,boost mood,absorb sound,influence color,,,,sound absorbing interior products
twentinox fabrics,provide strength,offer durability,allow welding,enable customization,,,architectural mesh panels
tx active,reduce pollutants,enhance aesthetics,decompose micro organisms,,,,architectural concrete elements
typha insulation,provide insulation,meet building standards,reduce co2 emissions,lower energy use,,,insulation for cavity walls
tyvek uv façade tyvek roofliner,provide protection,offer insulation,resist mold,,,,roof underlayment for sloped roofs
u turn,create pattern,fit tile,print images,resist uv,resist frost,,ceramic floor and wall tiles
uhpc facade panels,reduce raw materials,save energy,provide durability,create facade panels,,,architectural facade for public buildings
ultra lightweight concrete,reduce sound,demonstrate insulation properties,adapt mechanical properties,,,,sound reducing concrete panels
ultra thin stone veneer,provide aesthetic,enable flexibility,allow thermo forming,,,,laptop bags made with stone leather
ultra thin tulle,create fabric,enable embroidery,provide lightweight,allow dyeing,support printing,,lingerie and fashion garments
ultraglass,provide adhesion,resist scratch,resist alkaline,resist chemical,resist dishwasher,,drinking glasses and vases for restaurants
ultrasonic quilting,provide stretch,enhance comfort,enable quilting,,,,stretchable athletic wear
uncomfortable,reshape forms,connect panels,create objects,,,,3d structural panels and surfaces
underlite flooring,illuminate floor,cast lenses,replace bulb,change colour,,,illuminated flooring system
unico,provide aesthetic,offer durability,resist scratching,withstand weather,,,large format decorative tiles
unismooth,provide floor covering,offer colour options,resist scratch,ensure strength,support high traffic,,smooth flooring for public buildings
unravel,create garments,allow personalization,transform colors,adapt shapes,,,dynamic knitwear collection
untreated cast iron panels,reflect nature,drain water,refer back,,,,industrial building façade
unwasted,reduce waste,embrace variations,redefine ceramics,,,,high quality ceramic tiles
uonuon,enhance colour,resist scratch,resist weather,suit traffic,,,interior and exterior flooring
upcycled carbon black,replace pigment,enhance reinforcing characteristics,reduce processing costs,improve weather ability,increase tinting strength,,eco friendly pigment for inks and paints
upm formi,provide reinforcement,enable material reduction,allow variable wall thicknesses,exhibit strength,exhibit stiffness,,lightweight injection moulded components
upm profi composite,combine wood fibres,resist humidity,absorb low moisture,resist uv degradation,,,garden decks and patios
urban reef,encourage growth,create habitats,integrate systems,store nutrients,provide microclimates,,3d printed urban habitats for biodiversity
urban velvet lu,add noun,provide noun,blend noun,,,,photoluminescent flooring systems
urine glaze,provide nutrients,serve as glaze,reduce metal poisoning,,,,ceramic vessels inspired by human anatomy
vacupor,minimize infrared radiation,provide insulation,reduce thermal conductivity,,,,cold storage floor insulation
vacuum moulding,create moulds,design freedom,finish products,,,,customized plastic components
valchromat coloured mdf,cutting board,shaping board,finishing surface,,,,colorful furniture components
valchromat,bind resin,produce panel,process finish,,,,moisture resistant decorative panel
vanceva,enhance aesthetic,block uv radiation,provide structural benefits,customize colour,reduce solar transmission,,laminated glazing system for building facades
vanhier biocircular table lamps,moulded panels,recycled light,designed efficiently,,,,biocircular table lamp
vapourguard,collect rainfall water,eliminate water evaporation,reflect sun heat,prevent light penetration,reduce algae growth,,rainwater harvesting cover
varaform,impregnate resin,soften heat,mould reheat,form armature,,,rigid lightweight sculpture armature
varioline,provide flooring,resist chemicals,maintain lightweight,offer abrasion resistance,support playground equipment,,rear garage and gas locker flooring
varioplan plus,illuminate interior,handle easily,reduce costs,create flexibility,,,façade panels for industrial buildings
variotrans,transmit light,reflect light,filter wavelengths,,,,color changing window panel
vd works surface design,create surface designs,make to order,,,,,customized indoor and outdoor surfaces
vectogramm,transfer image,create structure,generate machining file,,,,facade design for buildings
vector glass,trap air,create patterns,fuse layers,,,,translucent room dividers
vectran,provide strength,offer rigidity,resist abrasion,minimize moisture absorption,,,marine and military rope and cable
vegetable tanned salmon leather,provide stiffness,achieve colour variations,resist wear,,,,high wear furniture upholstery
vegetables 2d,create paper,modify structure,provide biodegradability,offer edibility,,,edible business cards
vegetables 3d,create bowl,form vase,manufacture plates,,,,biodegradable tableware for indoor use
veilish,reduce sunlight,provide privacy,block view,install easily,cut in any shape,,self adhesive window covering
velero textile,create textile,reveal patterns,decorate crystals,,,,textile for fashion design
velvet indigo,create dyed fabric,expand material qualities,develop design concepts,,,,decorative plaid textiles
veneer moulded rotary cut,manufacture complex shapes,provide elasticity,retain technical properties,,,,ski and snowboard woodcores
ventri cow stomach leather,transform waste,create luxurious design,provide unique texture,,,,luxurious leather goods
veriflex,change shape,maintain strength,reshape material,recover shape,,,lightweight deployable structures
veritas resinart,create panels,provide flammability resistance,enable screen printing,allow custom capabilities,,,decorative wall panels for commercial environments
verometal and shop interiors,apply coating,achieve finish,provide flexibility,create design,,,luxurious shop interior elements
verometal antimicrobial,kill bacteria,neutralize viruses,form disinfectant layer,retain stainless steel appearance,provide self cleaning action,,antimicrobial coating for hospital surfaces
verometal applications,deposit coating,apply finish,produce effect,prevent staining,,,architectural façade cladding
verometal,coat surface,finish surface,adhere surface,apply surface,engineer design,,lightweight metal finish for interior design
versato crystal,create visual effect,provide uv resistance,offer weatherproofing,ensure optical purity,,,wall presentation display panels
versato myst,absorb light,create contrasts,transform space,produce mist effect,enhance depth,,lighting fixture with mist effect
versato translucent stone,visualizing nature,shaping light,uniting designs,,,,interior lighting feature
versato,connect design,shape structure,visualize aesthetics,,,,customized design solutions for creative projects
versawall versapanel,provide thermal protection,offer moisture protection,form strong panels,create weather tight roofs,,,insulated wall and roof panels
vertigo concrete,create tile,sculpt tile,ensure quality,,,,custom decorative wall tiles
vesta kuqua tiles,create patterned tiles,harden at high temperature,impress symbols,allow customization,,,decorative wall and floor tiles for residential buildings
vestaeco ldf,support construction,provide insulation,ensure durability,enable installation,,,low density fibreboard for interior finishing
vetro vivo,create mosaic,design aesthetic,provide durability,,,,decorative wall and pool mosaics
vibers,absorb nutrients,reinforce structure,biodegrade environmentally,,,,injection moulded packaging solutions
vibrato,create nature,provide structure,enhance aesthetics,,,,custom sliding doors with stained glass effect
vicrtex,provide aesthetic,resist scratching,withstand moisture,offer durability,,,wall covering for public spaces
vidom glasstiles,resist humidity,provide aesthetic,offer durability,,,,bathroom wall tiles
vielshield,provide shielding,resist corrosion,transmit light,,,,high performance shielding fabric
vifour,recycle noun,bind noun,create noun,,,,upholstery for interior furniture
vingui noir,create durable product,improve durability,ensure dimension stability,preserve structure,,,facade cladding system
vintage leather belt,create surface,bond tile,ensure grade,hand clean,prepare use,,glossy leather flooring tiles
vinterio,exhibit plank effect,provide sliced surface,ensure health safety,,,,high quality furniture surfaces
vinyl in welded designs,guarantee durability,bond foam backing,emboss welding technology,resist scratch,resist uv,,upholstered seating for transport
vinyl wallcovering,provide protection,resist scratches,adapt to environments,conceal imperfections,offer customization,ensure durability,high activity wall coverings
vip vacuum insulated panel,provide insulation,achieve thermal performance,reduce heat circulation,,,,high performance thermal insulation panels
virotm,create synthetic fiber,resist temperature variations,weave outdoor furniture,provide uv resistance,offer weather resistance,,outdoor seating solutions
viroc,combine flexibility,provide durability,prevent fire spread,offer sound insulation,resist water,,structural flooring and roof support
virtuell vertrieb,manufacturing technology,design structures,water resistant properties,fire protection,,,customized furniture panels
visu glass blocks,transmit colour,reflect colour,change colour,illuminate experience,,,reinforced window construction
vita talalay latex,provide support,offer comfort,ensure breathability,meet ecological demands,,,natural latex mattress
vitrics screen,engrave noun,create noun,reproduce noun,extrude noun,,,customized engraved signage
vitrics,engrave noun,create noun,extrude noun,,,,3d engraved architectural glass panels
vitrulan magnet,stick magnet,washable surface,fireproof material,durable coating,,,magnetic wall covering for children s bedrooms
vitrum,allow light penetration,create unique effects,highlight irregularities,provide shock resistance,achieve satin finish,,decorative glass floor tiles
vivo,absorb exudates,guarantee moist environment,incorporate active ingredients,release slowly,,,modern wound care dressing
volimea,enhance colour intensity,regulate moisture,provide breathability,,,,interior wall coating for humid areas
voorbij roadside grass paper,reduce co2,provide nutrition,retain water,protect soil,,,recycled paper made from roadside grass
vorwerk scale,binding dust particles,enhancing textile floor tiles,providing recyclable backing,,,,textile floor tiles for allergy sufferers
vubonite,harden powder,harden liquid,resist high temperatures,resist weather,be non toxic,,non flammable interior building material
waffle fabric,provide insulation,offer flexibility,enhance durability,create texture,,,thermal insulation blankets for outdoor use
wala eco clip,provide non hazardous flooring,offer heat insulation,ensure waterproofing,absorb sound,resist flame,,non hazardous flooring for childcare centres
wall panel,provide structure,enhance aesthetics,offer insulation,improve acoustics,,,interior wall cladding system
wall wall panels,replace ceramic tiles,fit on top,paint waterproof,,,,waterproof wall panels for bathrooms
wallpaper tile,covering wall,decorating tile,polishing surface,,,,wall and floor covering tiles
wallstix,form noun,coat noun,fire retardant noun,resist uv noun,,,custom display boards for interior design
walton uni walton cirrus,provide bacteriostatic properties,create ecologically responsible pigments,enable recycling,support renewable materials,,,flooring for residential and commercial spaces
warmbeton,insulate concrete,reduce weight concrete,enable fast construction,eliminate thermal bridges,,,thermal insulating building walls
warp knitted fabrics with naiatm,create fabrics,provide comfort,offer easy care,enhance aesthetic,,,intimate and evening apparel
washi artisan parchment,provide durability,offer water resistance,maintain breathability,create beauty,,,water resistant parchment for art and crafts
washi hpl,provide protective overlay,incorporate natural fibers,laminate decorative surfaces,create robust panels,,,decorative door panels and furniture fronts
wastea,transform noun,reduce noun,promote noun,,,,plant based leather alternative
wastebasedbrick,reduce dependence,support circular,contribute to resource efficiency,,,,facade brick for building exteriors
water resistant paper,make droplets,evaporate water,bead up droplets,,,,zero energy humidifier
waterstruck bricks multi sintered,provide facade effect,create multi colour range,offer smooth surface,,,,building exterior wall cladding
wavcor,provide moisture barrier,offer fire rating,enable easy installation,allow custom sizing,,,sustainable architectural surface
wavethru,mitigate signal attenuation,enhance mobile signal transmission,preserve optical performance,allow radio frequencies to pass,reduce signal loss,,retrofittable glass surface treatment
waxedwood color,provide water repellency,protect wood decay,reduce maintenance requirements,offer uv protection,,,garden furniture and playground equipment
wds ultra,minimize infrared radiation,provide thermal insulation,meet fire protection standards,,,,insulation for heat treatment furnaces
weave concrete tiles,create tile,provide texture,enhance aesthetics,resist weather,offer durability,,decorative wall cladding system
weavewood,weave noun,resist noun,apply noun,,,,handwoven wooden panel
web art pebble beach,create visual effects,provide durability,offer structural variety,,,,woven flooring for high traffic areas
wedi panel,provide waterproof surface,offer heat insulation,support adhesive bonding,ensure sound insulation,,,waterproof building board for bathrooms
welded vinyl,create seam,provide waterproofing,resist uv,resist fire,allow cleaning,,waterproof upholstery for furniture
welltec big wave,produce narrow tolerances,create customised structures,design facades,design roofs,design walls,,customised facade cladding systems
wet green,tanning leather,producing leather,manufacturing leather,eliminating toxicity,,,biologically degradable premium leather
whisky barrel flooring,create flooring,retain aroma,feature original print,,,,indoor flooring made from whisky barrels
wild silk,conserve species,harvest fibre,create fabric,,,,non woven fabric for apparel
willow paper,boiling fibres,burning bark,distilling materials,,,,biodegradable paper products
wincos vision control film,provide privacy,create illusion,protect against uv,,,,window privacy control solution
window protect trevira,provide sight protection,offer sun protection,resist uv radiation,prevent fungus growth,,,window protection foils for indoor use
wire cloth,weaving wire,forming openings,crimping connection,,,,filtering medium for industrial applications
wire mesh,cut noun,fold noun,weld noun,assemble noun,,,custom wire mesh panels
wire netting,allow air,pass water,block sound,cover areas,separate zones,,architectural facades and protective panels
wireglass,integrate nonmetal,provide visuals,create patterns,,,,decorative glass panels with metal weaves
wisa plywood,improve wear resistance,enhance impact resistance,increase chemical resistance,provide weather resistance,offer hygienic properties,,concrete formwork panels
woelbstruktur,provide rigidity,enhance strength,form honeycomb structures,create lightweight sheets,,,lightweight vault structures for construction
wolffish leather,provide unique character,offer smooth texture,allow dyeing in diverse tones,,,,fashion accessories like wallets and bags
wolwaeren collection,provide warmth,offer comfort,absorb sound,create texture,,,wearable and interior blankets
wonder peach,offers breathability,provides lightness,envelops shapes,protects against uv,,,sportswear for demanding activities
wonderland,produce images,create illusion,revitalise spaces,,,,3d wall coverings for interior design
wood cork perspex,laminate noun,layer noun,enhance noun,explore noun,,,ornamental wooden wall piece
wood fibre textiles,absorbent textile,soft textile,cool textile,heat resistant textile,ecological fibre,,protective clothing against heat and flame
wood look,replace noun,protect noun,create noun,,,,laminated surface for furniture and interior decoration
wood mosaic,connect noun,repel water,resist uv,provide durability,act anti slip,,water repellent wall covering
wood paper,mimic grain structure,emboss giving look,suit printing,,,,commercial printing materials with wood texture
wood plastic composite,provide strength,resist weather,offer durability,,,,outdoor fencing boards
wood reinvented,extend life,ensure durability,reduce demand,minimize waste,,,custom made furniture panels
wood skin,create sheets,transform spaces,provide acoustic performances,,,,high end acoustic wall panels
wood veneer roble collection,add design value,adapt to trends,provide natural aesthetics,,,,furniture surfaces and cabinetry
wood wool panels,reduce noise,provide insulation,enhance aesthetics,improve indoor climate,,,acoustic wall panels for large spaces
woodcarved panels,maximize strength,create ornamental design,account for wood variations,,,,decorative wood panels for interior design
wooden colour,color noun,plaster verb,,,,,natural wall plaster for interior design
wooden textile,create nonwoven fabric,expand material qualities,broaden design applications,,,,flexible wooden cloth for rituals
wooden textiles,provide tactile experience,create flexible surface,allow manipulation by touch,,,,washable indoor upholstery fabric
wooden wall panels,reduce reverberation,improve sound transmission,offer variety,,,,acoustic wall panels for offices
woodflow skin,maximize strength,provide flexibility,support architectural vision,enable creation,,,architectural cladding solution for expressive geometries
woodframe slim oak preconsumer,create partition,design for reuse,ensure transparency,provide sustainability,allow disassembly,maintain aesthetics,modular glass partition system
woodframe slim reclaimed meranti postconsumer,reclaim noun,process noun,manufacture noun,design noun,create noun,,glass partition system with wooden frame
woodio,store carbon,resist impact,repel dirt,repair easily,resist heat,,waterproof bathroom fixtures
woodleather,provide insulation,offer durability,enhance aesthetics,facilitate installation,,,interior flooring tiles
woodnotes paper yarn,provide strength,offer durability,reduce dust accumulation,enable biodegradability,,,textile for allergy friendly home decor
formica woods laminates,provide surfacing,create durable surfaces,enhance aesthetics,,,,interior doors and contract furniture
woodstone,filter microscopic particles,trap particles,provide flexibility,support air purification,,,natural air purification tiles
woodsure,enhance aesthetic appeal,maintain natural beauty,repel water,resist dents,resist abrasions,convert wood,countertops and flooring
woodwool carpet,provide warmth,offer comfort,reduce noise,absorb moisture,,,indoor hand knitted carpet
wool aluminium,weaving noun,flexible noun,sturdy noun,,,,dimensional textile structures
wool biobased plastic carpet,combine fibres,create material,press shapes,provide isolation,,,acoustic isolation carpet for walls
wool fugenband,insulate hollow spaces,purify air,regulate humidity,retard fire,repel water,,thermal insulation for windows and doors
wool laminated,provide warmth,offer softness,enhance durability,,,,thermal insulation layer in jackets
wool with cashmere,provide warmth,offer softness,enhance durability,create comfort,,,overcoats and jackets
wool xl pied de poule,provide warmth,offer softness,resist fire,resist uv,,,textile for winter clothing
wootex,manufacturing noise barriers,producing beams,creating flowerboxes,building garden patios,,,noise barrier for urban environments
woowood,defy gravity,act as tensioner,transform flat surface,allow object placement,,,3d veneered panel for furniture design
workwear cordura dobby,enhance durability,provide protection,strengthen fabric,,,,military clothing and gear
workwear cordura stretch,provide durability,offer stretch,resist abrasion,resist pilling,,,military uniforms and factory clothing
workwear nylon pvc dot,provide anti slip,resist stains,,,,,workwear fabric for safety clothing
woven animation,create fabric,conform performance,accentuate experience,embed images,,,dynamic upholstery fabric for interior design
woven grass paper,weaving noun,biodegradable adjective,cutting noun,strength gain,,,handcrafted decorative wall panels
woven light textiles,change colour,emit light,,,,,colour changing and light emitting textiles
woven recycled lldpe,make noun,slice noun,weave noun,,,,woven baskets from recycled plastic straps
woven recycled material,absorb sound,provide comfort,create unique designs,,,,acoustic panels and cushions
woven wood,create tile,interlock panel,weave strips,,,,interlocking tile panels for interior design
woven wool,manage acoustic settings,create dramatic curves,provide visual attraction,offer flame retardance,,,soundproof wall coverings for conference rooms
wovenint,enable product,create structure,integrate fasteners,reduce waste,combine materials,,three dimensional textile structures
wovin wall,create panel,support tiles,backlight translucent,,,,modular wall panel system
wrapping specialty tapes,combine materials,develop tapes,offer varieties,,,,conductive wrapping tape for electronics
x kin,reduce thicknesses,limit replacement,combine aesthetic beauty,create unique ambience,,,innovative wall coverings for interior design
x lam,load bearing panel,customised production,quick assembly,pleasant indoor climate,,,prefabricated building components
x led,present images,extend light module,define pixel size,,,,weather resistant display system for animations
x tend,provide stability,allow flexibility,adjust to movements,,,,bridge construction system
xanita,recover nutrients,reduce weight,enhance strength,provide durability,enable printing,,retail display structures
xceldesign,stimulate imagination,self cleaning behaviour,anti scratch properties,heat absorbing properties,tailor appearance,visualize designs,decorative finishes on metal surfaces
xilo,resist acids,resist scratches,resist frost,resist dirt,provide strength,,floor tiles for residential and commercial use
xiriton with olivine,absorb co2,reduce co2 emissions,store co2,,,,bicycle path construction
xiriton,reinforce concrete,lightweight building,,,,,pavement and small building constructions
xl extralight,combine low density,provide good physical properties,offer soft touch,,,,lightweight foam footwear
xorel,repel stains,resist bacteria,meet standards,enhance durability,,,directly applied wallcovering
xotic bamboo felt,provide softness,offer eco friendliness,resist scratching,,,,eco friendly upholstery fabric
xtegra,absorb energy,mitigate blasts,resist fractures,,,,body armor for personal protection
xtreme leather,withstand dirt,resist chemicals,remain cool,provide durability,,,outdoor garden furniture
xyhlo,protect noun,self heal verb,degrade verb,adhere verb,,,outdoor wood protection coating
xylogramm,create structured surfaces,develop custom designs,adapt component size,vary structural depths,,,architectural wall cladding
xymara effect pigments,provide color,enhance appearance,,,,,decorative paint for interior walls
y shield,protect shielding,block radiation,bonding application,,,,interior wall shielding against electromagnetic radiation
yd woods,provide structural support,create aesthetic appeal,offer durability,,,,wooden interior furniture
yibrick breeze blocks,recycle noun,decorate noun,resist weather,,,,decorative wall structure
yibrick handmade permeable brick,recycled noun,permeable noun,handmade noun,,,,permeable paving solution for water logging
yitile,recycle tile,customize colour,resist water,resist fire,resist uv,resist weather,interior wall or façade tiles
yoroi,provide fire resistance,serve as facade cladding,offer sustainable appearance,,,,fire resistant façade cladding for public buildings
younique,incorporate patterns,enhance branding,create customised furniture,,,,customised furniture with integrated signage
yst noodles,create panel,transmit light,layer structure,engineer shape,,,custom engineered sandwich panels for interior and exterior cladding
yst white clinic,bonded construction,light transmission,custom engineering,,,,illuminated ceiling panels
yst you see through,provide translucence,create structure,allow curvature,layer honeycomb,,,translucent partition panels
yulex neoprene,generate less co2,provide tensile strength,offer tear strength,ensure elasticity,,,wetsuit design and manufacturing
zanders paper collection,change ink trap performance,enable safety aspects,create optical effects,add pigments,allow printing,,high quality printed materials like brochures and cards
zapp precision strip,protective coating,decorative finishes,custom stamping,,,,decorative electronic device casings
zazza,allow thick panels,add materials,resist weather,provide strength,,,thick clear panels with embedded materials
zebra,bonded slabs,processed limestone,finished product,calibrated thickness,tiled easily,,kitchen and bathroom surfaces
zelfo,produce binders,engineer composites,absorb absorbents,,,,biobased composite materials for construction
zephyr mesh,support network,accelerate decomposition,prevent formation,customize patterns,replace panels,,ventilated facade system
zero 4,provide non slip surface,resist abrasion,offer durability,support high traffic,,,commercial flooring tiles
zero furniture panel,reduce co2 emissions,sequester carbon,provide bending strength,facilitate coating,enable sawing,,furniture components for interior design
zero,reduce joint thickness,provide ventilation,absorb rainwater,slow ageing,prevent water penetration,,joint free brick wall construction
zinc foam,absorb energy,increase strength,create foam,cast lightweight structure,,,energy absorbing structural component
zintek titanium zinc,enhance properties,develop patina,provide durability,offer longevity,reduce maintenance,,architectural facades
zwartz non woven,provide decorative use,offer waterproof properties,ensure tear resistance,,,,decorative floral arrangements
