source,functions,application
013 Denim,recycle-yarn; weave-fabric; support-innovation; connect-community,large work of art presented to the Dutch royal family
100% bacterial dye,produce pigments; create sustainable alternative; reduce water usage; minimize energy consumption,microbial colour library for dyeing textiles
Basalt knitted fabric,reinforce-fabric; prevent-algal growth; extend-residence time; conduct-heat poorly; resist-electricity,reinforcement fabric for maritime applications
100% Biobased Flax panel,provide structural support; reduce environmental impact; enable biobased composition,interior wall panels
100% rejects waxed printed cotton,recycle-textiles; create-carpets; reduce-waste; innovate-design,high-quality recycled carpets
"2,000,000,000 Precious Pieces",provide-novel materials; offer-aesthetic value; serve-as raw materials,manufacturing of bio composites
2.5D print,create-relief; dry-quickly; print-colourful-patterns,decorative wall panels with raised textures
2000N Pressed Shoe,moulding-material; testing-quality; minimizing-irregularities; applying-patterns; exploring-aesthetics,collection of shoes
2tec2 high tech flooring,reduce impact sounds; absorb footsteps; provide durability; enable easy cleaning,acoustically enhanced flooring for public spaces
2tec2 – Marble & Desert,provide-nature-inspired design; offer-durability; ensure-easy maintenance; deliver-acoustic properties; resist-UV exposure,high-quality floor coverings
2TEC2,provide strength; offer wear resistance; ensure stain resistance; allow moisture resistance; facilitate easy cleaning,durable bathroom carpet
3D Veneer,deep draw-veneer; form-stability; join-veneers; custom produce-parts,curved furniture components
37.5 technology CVC Woven,regulate-temperature; manage-humidity; remove-sweat; trap-energy,activewear garments that regulate body temperature
37.5 technology WPB laminate,attract-water vapour; remove-sweat; trap-energy,waterproof breathable jacket
3D Bamboo Wall panels,provide flame retardance; offer water repellence; allow paint application; create aesthetic texture,decorative wall paneling
3D biaxial knitted fabric,provide flexibility; offer structural stability; absorb force; maintain strength,high-performance composite structures
3D Brocade all-over Lurex,weave-decorative; produce-ornamental; create-embossed,decorative upholstery fabric
3D Composites,create-strong constructions; enhance-durability; reduce-waste; apply-colour and texture,lightweight aircraft components
3D core,provide-flexibility; improve-strength; create-hybrid,lightweight sandwich panels for structural components
3d-design,create three-dimensional structures; process with laser technology; form surfaces with vacuum,decorative wall panels with 3D effects
3D Engineered Sound Barrier,absorb-sound; muffle-noise; create-quiet-space,acoustic panels for residential interiors
3D Engraved Glass,engrave-image; create-customised-products; reduce-distortion,custom decorative panels with lighting
3D Felt Tiles,absorb moisture; reduce flammability; provide acoustic resistance; act as wall covering; serve as room divider,acoustic wall panels
3D knitted CC cubic acoustic fabric,absorb-sound; provide-fire-protection; divide-rooms,acoustic wall panels
3D knitted jersey,provide comfort; offer flexibility; enable breathability,fancy wear clothing
3D Leveling Cork,reduce-weight; provide-noise-reduction; enable-3D-leveling,prefabricated yacht decking system
3D Metal,form-noun; optimize-noun; save-noun,aerospace structural components
3D Plate,shape-noun; form-noun; expand-noun,lightweight structural components for automotive bodies
3D print on stretch fabric,3D print-textile; create-permanent shape; mimic-rigid look; regulate-reverberation,acoustic wall panels
3D printed concrete,print-structure; provide-quote; configure-robot,customized architectural structures
3D printed Earth,provide-thermal mass; offer-fire resistance; absorb-sound; allow-customization,bioreceptive urban building structures
3D Printed Surface,enhance-structure; provide-rigidity; enable-design-possibilities,front part of a shoe
3D Printing Clay facade bricks,minimize shrinkage; enable mortar-free assembly; promote urban biodiversity; contribute to passive cooling,interlocking facade bricks with integrated greenery
3D Printing Eggshell Bioceramic,reduce-waste; harden-room-temperature; generate-opportunities,building blocks for construction
3D Profile,provide-reinforcement; offer-resistance; enhance-strength; improve-durability,reinforced structural profiles for construction
3D Series,bend-light; twist-design; flex-structure,decorative wall systems
3D Smoke Out,masking effect; allow smoke escape; enable fire sprinkler access,ceiling system with 3D knitted fabric
3D stretch,provide elasticity; enhance durability; create tactile texture,active sportswear and swimwear
3D-Tex PES / PP KHF,control-stability; impregnate-resin; create-core; produce-components,sandwich components for metallic façade systems
3D Textile,absorb-sound; cover-wall; support-body; provide-relief; stretch-surface,ergonomic mattress system
3D Textiles by Gaetano Rossini,create-complex structures; provide-breathability; offer-elasticity; ensure-flame retardancy; resist-abrasion,automotive seat covers
3D Textiles,explore-potential; create-effects; add-interest; provide-appeal,lighting and cushion designs
3D Textilles,absorb-sound; reduce-noise; create-textures; manipulate-light,acoustic textile wall panels
3D wood,enhance-properties; provide-flexibility; offer-stain-resistance; maintain-color,flexible wall paneling
3mesh,allow air circulation; regain original shape; adjust hardness; provide cushioning,air-conditioned automotive seats
4 Outdoor,water-repellent treatment; stain-resistant fabric; mold-resistant material; light-fast fabric,outdoor furniture upholstery
4Design panels,create-naturallook; provide-wallfinish; enable-flexibleapplication,wall finish with tropical hardwood appearance
850°C Ash concrete,reuse-noun; provide-noun; show-noun,terrazzo flooring with recycled materials
Abacá,transform-nature; create-surface; contribute-credits,high-pressure laminate flooring
Abstract Mirror,reflective-surface; decorated-tile; create-depth; create-movement,decorative wall tiles for interiors
Accoya,protects wood from rot; reduces swelling tendency; increases UV resistance; retains strength,exterior wooden structures
Accura Bluestone Plastic,provide high stiffness; ensure excellent printing accuracy; resist deformation; withstand high humidity; support heavy loads,wind tunnel testing apparatus
Acilux,resist-heat; resist-scratching; provide-countertop,kitchen countertops
Acospray,optimize durability; enhance fire safety; provide acoustic insulation,seamless acoustic spray plaster for walls and ceilings
Acoustic-Baffles,absorb-sound; reduce-noise; conduct-sound,acoustic ceiling panels for sound absorption
Acoustic Ceiling Spray-on Solutions,absorb sound; create texture; optimize room experience; blend in design; integrate fixtures,acoustic ceiling treatment
Acoustic cork wall tiles,softening-sound; creating-patterns; providing-insulation,acoustic wall tiles for soundproofing
Acoustic elements,reduce-noise; improve-acoustics; customize-finish,acoustic wall panels for interior spaces
Acoustic-Grilles,provide-acoustic comfort; conceal-ceiling construction; guide-sound waves; create-warm atmosphere; offer-design freedom,wooden ceiling system with acoustic properties
Acoustic high performance sheets,provide-acoustic value; enable-recycling; serve-as-wall covering; act-as-room dividers,acoustic wall panels for sound absorption
Acoustic-Lightboard Platten,absorb-sound; provide-structure; reduce-noise,acoustic furniture doors
Acoustic metal,absorb-sound; let-light-through; resist-fire; resist-water; shape-easily,sound absorbing ceiling panels
Acoustic peat panels,improve-acoustics; provide-visual-engagement; shape-press; offer-safety,acoustic wall panels
Acoustic reed elements,absorb-sound; design-panel; install-easily,acoustic wall and ceiling panels
Acoustic-RibPanel Slim,absorb-sound; reduce-reverberation; improve-acoustics; provide-design-freedom,sound-absorbing wall panel
Acoustic-RibPanel,reduce reverberation; improve acoustics; conduct sound waves; absorb sound,acoustic wall panel for interior design
Acoustic textile felt,absorb-sound; replace-acoustic materials; decorate-interiors,acoustic wall panels
Acoustic Textile,absorb-sound; bring-colour; provide-separation,sound-absorbing wall panels
Acoustic Veneered Wood Wall & Ceiling Panels,reduce-noise; absorb-sound; reflect-sound; diffuse-sound,sound-absorbing wall panels
Acoustic Wool Felt Rigid,improve-acoustic properties; provide-aesthetic appeal; meet-technical specifications,acoustic wall panel
Acoustics 3D full colour felt,absorb-sound; insulate-noise; regulate-reverberation; increase-comfort; resist-impact,acoustic wall coverings for interior spaces
Acrylic Couture,create-depth; achieve-radiant-effects; guarantee-UV-resistance; provide-scratch-resistance; efficient-scatter-light,decorative wall panels with LED lighting
Acrylic One,achieve natural look; mimic materials; color layer; add structure; suggest metal characteristics; process under many circumstances,decorative wall panels with varied textures
Acrylic,create-sheets; produce-variations; include-fluorescent paints; offer-transparency,fashion accessories and display stands
Acrysmart,change-transmittance; regulate-solar energy; save-heating energy; save-cooling energy,intelligent sun protection systems
ACT WRM,control-resonance frequency; vibrate-air; absorb-sound,acoustic panel for sound insulation
Activ selfcleaning glass,reacts with daylight; breaks down organic dirt; spreads evenly; runs off in a sheet,self-cleaning window panes
Active Protection System,stiffen-high-impact; remain-flexible; respond-changes,protective garment integration
Adamant Textile,combine-noun; attach-noun; maintain-flexibility,flexible concrete textile panels
Advantic Syntactic Foam,embed microspheres; reduce weight; provide strength; create low density; remove excess resin,aerospace structural core
Aectual Wrap Panel,shape panels; customize panel shape; clad walls; achieve bespoke finish,custom wall cladding panels
Aeras,mimic-nature; provide-warmth; offer-slickness; create-structure,three-dimensional loop-type carpet
Aeria,fire resistant; fluid repellent; sound transparent; easy to clean,acoustic wall panels
Aerialite,improve wet-out; reduce air bubbles; increase laminate strength; provide smooth surface,lightweight composite surfboards
Aerogel,insulate-buildings; transmit-light; reduce-weight,daylighting units for buildings
Aestetica composites,enhance-colour; provide-strength; reduce-weight; offer-durability; allow-customization,lightweight structural components for vehicles
Aesthetical Ceramics,realising designs; presenting beauty; providing scratch resistance; offering texture,interior wall tiles with aesthetic finishes
Agribiopanel,reduce-carbon emissions; provide-acoustic insulation; increase-thermal insulation; enhance-load bearing,partition walls and ceilings in building interiors
Agriluma (Agrimat),compression moulding-light fixtures; compression moulding-decorative elements; compression moulding-furniture pieces,unique lighting fixtures
AGT Glow Sand,mix-into concrete; mix-into epoxy; provide-luminosity; enhance-aesthetics,glowing concrete surface sealer
AgUARDIAN,eliminate odours; kill micro-organisms; provide fire resistance; offer abrasion resistance,medical device covers
Airflake,absorb-sound; create-screen; divide-rooms; mount-walls,modular sound-absorbing room divider
AirMaxx,compress-wood; coat-panel; process-material,furniture worktops
Aisti® Teno acoustic tile,absorb-sound; provide-sustainability; ensure-fire-retardancy,suspended ceiling acoustic tiles
Akdolam lightweight stone panels,create installations; cut sheets; laminate materials; offer approach,large format stone wall panels
Akzent panels,decorate-walls; create-furniture; create-bars; prevent-bending,3D wall panels for interior decoration
AL100 wall shield,shield-EMI; shield-RF; cut-easily,shielded pouches and wallets
Albeflex,bend-narrow; provide-translucence; create-flexibility,curved interior wall panels
Alchimea lana,provide-thermal insulation; offer-sound insulation; bind-air pollutants; convert-pollutants into harmless compounds; protect-against fire,heat and sound insulation in building construction
ALCHIMIA – Natural Yarn dyes on Milk fibre,create-colours; develop-dyes; apply-natural,natural dyeing of textiles
Alesta Powder Coating – The Finetextured Collection,improve-scratch resistance; hide-imperfections; provide-aesthetics; fulfill-architectural requirements,architectural surface finish
Algae-based biopolymer,softens-water; gels-heat; acts-plasticizer; ensures-compostability,biodegradable packaging material
Algae foam,mimic-properties; manage-nutrients; balance-ecology; reduce-oil-use,flexible biofoam for cushioning
Algal Tiles,absorb-wetness; resist-moisture; provide-aesthetic,interior wall tiles
AlgoRythm,shape-structures; model-fabrication; maintain-integrity,architectural facades with fluid motion aesthetics
Alicrite String,create-surface; achieve-colour; provide-decorative-effect,decorative wall cladding panels
ALKEMI-acrylic,provide-surfacing; contain-recycled content; offer-finish options,solid surface countertops
Alkorfol,provide high gloss; enable flat lamination; allow easy cleaning; resist stains; withstand chemicals,laminated furniture elements
All-round heating,control-temperature; heat-surfaces; provide-radiant-heat,thin electrical heating panel for walls and ceilings
Allison,provide strength; offer lightweight; enable printability; allow cutting; support recycling,exhibition stands and shop layouts
Allura,provide aesthetics; offer durability; enable installation,luxury vinyl tile flooring
Allure & Manhattan,provide-wall covering; create-seductive look; offer-variety of structures,decorative wall covering
Almaxco Composite Panels,create displays; enhance performance; allow cleaning; achieve printing quality; provide fire resistance,colorful printed signage panels
Alouette,create-patterns; provide-decor; resist-heat; ensure-durability,kitchen cabinets with continuous structures
Alpha Gel,provide-cushioning; absorb-shock; damp-vibration; resist-ozone; resist-UV rays; maintain-performance,shock-absorbing padding for protective gear
Alpha Tacto,provide soft-touch effect; achieve cloudy appearance; offer tactile texture; create suede effect; create textile effect,interior wall finish for residential spaces
Alphamesh,enable flexibility; provide durability; guarantee strength,light projection screen
Alpikord,join-beauty; offer-resistance; provide-stability; ensure-consistency,high pressure laminate sheets
ALPIlignum,reproduce-colours; create-designed; process-large-orders,customized wood items
Alpilignum – Design Collection,create-pattern; provide-decorative-surface; reduce-formaldehyde-emission,interior decorative veneers for furniture
Alpolic,provide-strength; reduce-weight; resist-weather; enhance-aesthetics,external building cladding panels
Alrox,provide substrate; allow printing; enable coloring; offer surface finishes,signage and advertisement signboards
Altuglas Dual Satin,soften-colours; enhance-brightness; reduce-finger-marking; resist-scratch,point of sale display
Aluben,support-nonload materials; provide-stiffness; enhance-stability; reduce-weight,structural panel for raised floors
ALUCOBOND®,bonding-core; providing-durability; supporting-ventilation; offering-lightweight-structure; ensuring-fire-performance,rear-ventilated façade systems
Alulife,maintain-strength; provide-lightweight; offer-personalization,decorative wall panels
Alulight,absorb-sound; shield-electromagnetic; isolate-heat; dampen-structure; absorb-impact,acoustical panels for soundproofing
Alumero Diamond Line,extrude-profile; coat-surface; resist-scratch; resist-chemical,kitchen equipment with shiny finish
Aluminium Cladding,simulate-wood; exploit-performance; allow-installation,weatherboard for building facades
Aluminium Foam Glass Sandwich,damping noise; increasing sound proofing; providing bending stiffness; offering easy cleaning surface,partition wall with optical effects
Aluminium foam with salt,create-porosity; provide-lightweight; offer-temperature-resistance; enable-acoustic-solution,filter system for air or water
Aluminium foam,absorb-energy; create-lightweight; provide-rigidity; resist-impact; enhance-safety,crumple zone for motorcycles
Aluminium frame facade panels,provide-nice finish; customise-designs; adapt-cross-sections,prefabricated building facade panels
Aluminium full colour,decorate-noun; personalise-noun; resist-scratch; resist-UV; resist-weather,decorative wall panels
Aluminium mesh,absorb-energy; create-pores; reduce-weight,open-celled metal foam panels
Aluminium wall panels,provide lightweight panels; enable custom designs; resist weather conditions; allow easy attachment,decorative wall cladding panels
Aluminium Surface Collections,create-finish; add-texture; combine-pattern; manipulate-surface; layer-color,decorative architectural panels
aluminium tile,create-tile; innovative-designs; fabricate-accessories,luxurious metal tile installation
AluOldCopper,provide aesthetic; offer stability; resist corrosion; eliminate maintenance,architectural facade finish
Alusion Large & Small Cells,absorb-sound; create-panels; resist-corrosion; maintain-lightweight,acoustic wall cladding panels
Alveo Products,provide elasticity; offer temperature resistance; enable vacuum forming; ensure flame retardancy; deliver electrical conductivity,soft foam padding for automotive interiors
Amadou,provide-tactile experience; serve-soothing sensation; resemble-animal leather; contain-no harmful binders; be-renewable,soft leather-like material for garments
Amber Waste is Bliss,transform-into new material; create-usable products; analyze-properties; alter-properties; change-colours,interior panels and tiles
Ambient Glow Technology,illuminate-non-toxic; apply-various methods,decorative flooring for pools and spas
Amphitex™,mitigate-carbon emissions; reduce-chemical treatments; provide-waterproof breathability,recyclable waterproof breathable fabric for outdoor clothing
ampliTex powerRibs,improve-damping properties; increase-flexural rigidity; enhance-buckling resistance,thin layered composite structures
An-Jing Paper,provide durability; offer aesthetic appeal; resist moth damage,handmade decorative writing paper
Andeline Recycled Leather,maintain-aesthetics; resist-chemicals; perform-abrasion,table tops and kitchen cabinets
Andy,resist-scratching; resist-UV; resist-weather; resist-chemicals; resist-frost; provide-finishing,renovation of floors and walls
ANEMONIA,visualize-growth; emphasize-qualities; reveal-colour,decorative wall panel
Animal & Leather Print Tiles,create-reliefs; provide-colours; enhance-designs,decorative tiles for hotel lobbies
Another Down & Another Down recycled,create-garments; provide-thermal insulation; offer-comfort,warm knitted jackets and coats
Antibacterial surfaces,prevent bacteria; create hygienic spaces; provide antibacterial property,high pressure laminates for countertops
Antico,improve-stability; enhance-aesthetics; provide-durability,wide plank flooring for modern interiors
Antimicrobial Copper: Brass,kill-bacteria; provide-hygiene; enhance-aesthetics,door handles and work surfaces
Antimicrobial Copper: Bronze,kill-bacteria; enhance-hygiene; provide-protection,door handles and light switches
Antimicrobial Copper,minimize bacterial levels; kill bacteria; resist corrosion; exhibit strength; allow shaping,antimicrobial door hardware
Antiqued mirror and gilded glass,create-finish; replicate-degradation; blend-mirror; achieve-look,decorative mirror panel inset into joinery
Antislip tiles,resist-slip; resist-wear; resist-frost; resist-chemical; resist-staining,slip-resistant flooring in wet rooms
Antolini,ensure-strength; consolidate-resin; reinforce-slab; fill-micro porosities,structural slabs for countertops
ANVI Luxury Surfaces,combine-nature; cast-layer; create-designs,decorative surface panels
ANVI Solitaire,fuse-crystals; process-marble; set-crystals,luxurious tabletops with embedded crystals
Apex,insulate-thermal; weigh-light; resist-weather,lightweight thermal insulation for outerwear
Apparition translucent leather,provide softness; offer translucency; ensure water resistance,translucent garments and footwear
Apple pomace films,transform-non-toxic alternative; offer-compostable option; replace-leather,biodegradable plant pots
Aquaclean,reduce-cleaning; minimize-pollution; enhance-durability; simplify-maintenance,self-cleaning window surface
Aquarius,suspend-color; create-accent; install-tile,decorative wall and floor tiling
Aquatecture Water Harvesting Panel,collect-water; harvest-rainwater; integrate-building-feature,rainwater harvesting panel for building façades
Aquatic plant paper,provide-oxygen; reuse-waste; trim-plant,sustainable paper sheets
ARA-LT laser film,transfer-PVD layer; apply-marking; provide-coating,high-quality surface marking on ceramics
Arboform,enable-design; process-thermoplastic; mould-injection,injection moulded wood products
ArboSkin,protect-noun; recycle-verb; form-verb; process-verb,thermoformed building components
ArcBiox BGF30-A1 and ArcBiox A17,reinforce-composite; replace-polyamide; modify-impact,injection moulded components
Arce’s 3D Tiles,create-novel designs; provide-high gloss; offer-translucence; enable-customization,decorative interior tiles
Archi Folds,create-space; divide-space; adapt-acoustic; adapt-heat; adapt-light,folded architectural screens
Archi+ Tadelakt,replicate-finish; ensure-workability,indoor decorative plaster finish
ARCHISONIC® Cotton,absorb-sound; reduce-waste; add-aesthetic; recycle-materials,acoustic wall tiles for sound absorption
ARCHISONIC® Felt,absorb-sound; upcycle-material; provide-flexibility; meet-requirements,acoustic wall panels for soundproofing
ARCHISONIC® Textile,promote-sustainability; create-acoustic curtains; enhance-design scheme; integrate-into applications,acoustic curtains for room separation
Architectural Glass Surfaces,create-surface; provide-aesthetic; resist-scratch; allow-customization,countertops and architectural installations
Architectural Glass,adapt design; create aesthetic solutions; produce security glass,elevations and shop doors
Architectural mesh,create-mesh; reflect-light; weave-patterns,architectural facade cladding
Architectural Metals,altering-surface; casting-patterns; cutting-panels,custom metal architectural panels
Architectural sheets,provide strength; offer durability; enhance aesthetics; ensure low maintenance,interior wall cladding panels
Architectural Titanium,resist-corrosion; restore-oxide film; reduce-weight; permit-fabrication; provide-durability; offer-variety of finishes,facade cladding for buildings
Architextile,create-wall covering; provide-acoustic performance; serve-as dividing screen; act-as autonomous interior object,high-tech acoustic wall covering
Ardomix,incorporate-pebbles; cast-resin; provide-smooth surface; reinforce-aesthetic appearance; allow-cutting,backlit wall tiles for decoration
Arfinio®,enable seamless surfaces; create complex shapes; provide lightweight materials; offer non-slip properties; ensure easy cleaning; allow customization,shower plates and wash basins
Ariel 4311,provide-fireproof; offer-colourful; enable-upholstery; allow-decoration,luxury upholstery textile
Armourcast,create-cast designs; reduce-surface absorbency; provide-resistance against dirt,three-dimensional stone-like panels
AROMA AQ,incorporate-naturals; compound-stability; screen-printing-textiles; provide-aroma,scented ink for textile printing
Arpex EPE,provide-cushioning; offer-versatility,floor underlayment
ARPRO P-EPP,provide impact resistance; offer fire retardancy; resist moisture; allow easy cleaning,washable wall panels for humid environments
Arpro,provide-acoustical performance; resist-fire; resist-water; allow-painting; enable-lightweight construction,acoustical ceiling and wall panels
Arrigado,create-partition; provide-lighting; serve-as-art-wall,textured dividing wall
Arstyl,provide insulation; create decorative surfaces; allow customization,3D wall decoration panels
Art Ferro,provide gloss; mimic metal texture; apply seamlessly,interior wall and ceiling finish
Art Intervention,create-tile; support-interiors; invite-collaboration,carpet tile collection for office spaces
Art on Tiles,bake-tile; print-pattern; handcraft-tile,decorative wall tiles with custom motifs
Art panel,provide aesthetic; create personalized designs; facilitate assembly; offer weather resistance,customized wall cladding panels
Artile,apply-image; encapsulate-design; resist-fade; resist-UV,photographic swimming pool tiles
Artos,provide-novel appearance; resist-corrosion; form-design; cover-wall elements; flexible-structure,suspended ceiling and wall coverings
Artstone,resemble-natural stone; eliminate-painting; resist-UV; resist-water; withstand-temperature changes,exterior wall panels
Asian Canvas,reflect-light; design-interior; coat-wall,textured wall coating for interior design
Astrale,create-texture; enhance-aesthetics; resist-scratch,decorative wall tiles
Atelier Barb Bio Series,create-non-edible parts; bind-natural binders; craft-functional art objects; design-sustainable surfaces,tableware made from organic materials
Atelier Collection,customizable-colour; customizable-style; dyed-veneer,customized furniture surfaces
Atex Colour,provide strength; offer flexibility; resist fire; reflect light; stabilize UV exposure,stage and façade covers
Atex Screen,impregnate-silicone resin; resist-fire; generate-smoke,internal liner for airports and stadiums
Atex,reinforce-materials; coat-fabric; create-structures,lightweight membrane structures
Atlantique,create-novel product; match-style; resist-UV; resist-water; allow-easy cleaning,custom outdoor flooring for terraces and swimming pools
Atmospheric Wood,transform-wood; reproduce-drawings; create-patterns,architectural blueprints with blue hues
Attraction,provide durability; facilitate maintenance; allow fitting without adhesives; offer antibacterial properties,anti-static floor tiles for computer rooms
Aurea,provide-flame retardancy; enable-cleanability; allow-elastic fitting; offer-waterproofing; resist-mechanical tractions,upholstered furniture with leather-effect surface
Autarchy,produce-vessels; produce-lamps; provide-durability,functional vessels and lamps
Autoheal,adhere-bond; self-heal; seal-form; weld-join,self-healing adhesive tape
Automatic & Serendpt,question-design; represent-patterns; print-abstract,textile scarves with abstract patterns
Avocado Seed Bricks,transform-waste; create-bricks; bind-materials; shape-structures,lightweight structural bricks for eco-conscious architecture
Avonite Glass Series,cast-sheets; thermoformed-shapes; replenished-surface; resistant-chemicals; resistant-stains,backlit service counters
Avonite Petals Series,create-sheets; thermoform-shapes; resist-stains; allow-seamless-jointing,washroom and service counters
Avonite Recycled Acrylic Series,create seamless jointing; resist chemical stains; thermoform sheets; replenish surface,washroom and reception counters
Avonite,create-granite effect; create-metallic effect; thermoform-shape; resist-chemical; resist-stain,washroom work surfaces
Awakyuki – Melting Snow,create-light effects; add-warm ambiance; reinforce-durability,window shades and screens
Axpoly,convert-noun; process-noun; reuse-noun,injection moulded components
Ayrlite Sonium,reduce noise; improve acoustic quality; absorb sound,soundproof enclosures and wall absorbers
B-Clear,allow-light; ensure-privacy; integrate-LEDs; provide-durability; apply-slip-resistance,translucent partition wall panels
B.Cork,coating-breathable; coating-natural; delivering-soft touch,breathable textile for clothing
Baby Merino,spin-yarn; dye-fiber; knit-fabric; felt-material,hand-knitted garments for infants
Backlight Images,preserve-images; illuminate-reliefs; design-displays; advertise-logos,3-Dimensional photographic display system
Bacterial cellulose,exhibit tensile strength; offer substitute for plastic; be dyed; be shaped in multiple textures,textile-like materials for sustainable fashion
Bahia,create-mosaic; decorate-wall; cover-surface,indoor decorative wall covering
Baileo Envi Neo Pyramid,provide warmth; create coziness; offer durability; enable easy maintenance; allow easy application,decorative wall panels
Balsa Platte Lightwood B1,provide fire retardance; combine pressure resistance; allow surface processes,large-size wall and ceiling panels
Balsaboard Lightwood,guarantee-compressive strength; provide-low weight; support-sandwich construction,lightweight sandwich panels for furniture
BalsaConcrete,reduce weight; provide impact resistance; allow customization,lightweight kitchen countertop
Balsatec,provide insulation; resist moisture; resist thermal transfer; resist fatigue,thermal and sound insulation panels
Bamboo 3D Panels,enhance-translucency; change-acoustic performance; create-spatial effect,decorative wall panels
Bamboo Elite Premium,provide stability; enhance aesthetics; offer durability; enable floating installation,wide plank flooring for residential and commercial use
Bamboo fibres,replace-oil-based raw materials; grow-locally; compete-mechanical properties,biobased paint and composite materials
Bamboo Groove & Star Canopy,create-texture; provide-structure; enhance-aesthetics,decorative wall covering
Bamboo mosaic,decorate-wall; cover-surface; design-furniture,wall covering in bathrooms
Bamboo panels,cut-panel; dye-panel; smoke-panel; fireproof-panel; mount-panel,interior wall cladding
Bamboo UltraDensity heavy duty flooring,provide-durability; offer-ecological-solution; meet-performance-standards,heavy duty flooring for high traffic areas
Bamboo veneer,bonded veneer; manufacture veneer; overlay plywood; soften material; air dried,decorative plywood overlay
"Banana fibre, hemp & jute carpet",provide-texture rugs; absorb-moisture; offer-eco-friendliness,hand-knotted high-end rugs
Banana fibre paper,create-paper; fuse-fibres; provide-lightweight-material; offer-tear-resistance; enable-biodegradability,sustainable packaging for consumer products
Bananatex®,provide-durability; enhance-biodiversity; contribute-reforestation; offer-waterproofing,durable technical fabric for outdoor gear
Baq+,resist-chemicals; repel-moisture; protect-noise; resist-fire; ensure-colour fastness,exterior wall cladding panels
Barbara Steinmann,handcrafted-tiles; baked-tiles; printed-patterns; painted-motifs,decorative wall and floor tiles
Barcode,create-tile; fuse-glass; design-structure,decorative glass tiles for interior walls
Bark Cloth,provide insulation; offer aesthetic appeal; resist stains; allow light passage; enable customization,laminated wall covering
Bark,protective-cladding; natural-aesthetic,interior and facade cladding panels
Barkcloth HPL,provide decorative surface; offer unique texture; enhance interior aesthetics,high quality wall and ceiling panels
Barkskin,provide insulation; offer aesthetic appeal; serve as wallpaper; create unique textures,decorative wall covering
Barktex,harvest-noun; combine-noun; mould-verb; provide-verb; contribute-verb,lightweight door interior trim
Barlo Cast Design,resist-stains; filter-light; retain-texture; combine-wood; combine-metal,interior design elements and showcases
Barlo SPC Diamond,provide-non-yellowing; support-loading; reflect-infrared-radiation; transmit-light; insulate-thermal,conservatory roofing
Barnwood,recover-noun; cover-noun; floor-noun,weathered wood wall paneling
Barracuda Aluminized Fabric,combine-noun; coat-noun; mold-noun; emulate-noun; resist-noun,fire resistant decorative fabric for helmets
Barricada,provide-barrier; allow-breathability,surgical gowns and drapes
Barrique boden,provide-nature; create-color; strengthen-surface,parquet flooring from wine barrels
Barrisol Biosource,facilitate recycling; achieve sustainability; integrate production circuit,recyclable membrane for interior design
Barrisol Clim,provide-comfort; save-energy; integrate-acoustics; allow-personalization,energy-efficient air conditioning system
BARRISOL MIRROR®,enhance-acoustic comfort; mix-reflective capacity; adapt-3D shapes,acoustic wall panels
Barrisol,create-ceilings; provide-fire-resistance; ensure-air-quality,stretch ceiling systems
Basalt Tiles,provide durability; offer aesthetic appeal; resist chemical agents; facilitate easy maintenance; support heavy loads,industrial flooring tiles for heavy-duty environments
Basalt Woven Textile,provide tensile strength; offer chemical resistance; insulate against heat; serve as electric insulator,electric insulating materials for high-voltage equipment
Base Superbo,transform-noun; colour-verb; layer-verb; cut-verb; combine-verb,decorative interior panels with glass composite
Baswa acoustic plaster,absorb-sound; reduce-reverberation; provide-aesthetic,acoustic ceiling finish
Batyline Canatex,provide strength; enhance flexibility; offer breathability; ensure quick-drying; resist UV; resist fire,outdoor furniture upholstery
BauBuche Beam,allow production; create beams; show hardwood surface; bond strips,slim structural beams for large spans
Bauxite Residue ceramics,transform-ceramic bodies; create-glazes; fit-architectural use,ceramic tiles for building facades
Bcomp Textile,fabrication-eco-superior products; providing-architectural textile alternative,natural fibre composite architectural panels
bCore,provide shear strength; offer fatigue strength; combine low-density veneers,lightweight ski core material
Beadazzled,reflect light; create surfaces; allow customization,flexible wallcovering for interior design
Bealstone,combine-durability; provide-water resistance; enable-customisation; resist-moisture; resist-stains; ensure-easy maintenance,seamless flooring and wall finishes
Beaufort,provide strength; resist UV; resist water; offer comfort; allow cleaning,high tenacity polyester loop pile carpet
Bee_bo,covering-noun; adapting-noun; contributing-noun; recycling-noun,architectural interior profiles for wall and ceiling coverings
BeeBoard,withstand heavy loads; provide protective capacity; reduce disposal costs,transport packaging for heavy loads
Beeksteen,reduce-CO2 emissions; provide-ecological benefits; provide-economic benefits; provide-social benefits,facing walls for buildings
Beetlecrete – MPBWC,provide moisture resistance; offer fire resistance; allow easy cutting; enable shaping with molds,lightweight structural panels for construction
Bekaert Bekinox VN,conduct electricity; resist heat; transfer signals; provide flexibility; enable durability,electrically conductive textile for heating
Bekaert Quench Products,combine-heat resistance; combine-mechanical durability; combine-air permeability; provide-softness,covering material for quench rings in automotive glass
BELEAF,provide-comfort; offer-resistance; reduce-carbon footprint; preserve-environment,vegan leather alternative for fashion accessories
Belgian Linen,weave-fabric; produce-accessories; add-touch,high-end linen textile accessories
Belin,offer-nature; adapt-temperature; elevate-space,sustainable window curtains
Belle Naturelle,provide insulation; absorb sound; create wall-coverings; enhance aesthetics,acoustic wall-coverings
"Belpasso Premio, Cleantop",protect-structure; repel-dirt; reduce-cleaning,moisture-resistant concrete surface
Belt,cut-tile; assemble-tile; fire-tile; produce-color,fused glass tile for borders and chair rail
BELTWALK,absorb-nature; insulate-heat; insulate-sound; wrap-structures; repair-easily,column and wall wrapping material
Benchmark,make watertight; guarantee structural safety; ensure fire resistance; transform appearance,insulated building façade panel
Bendywood,bend-wood; compress-wood; dry-wood,bent wooden handrails
Bera Gravel Fix,provide-stable base; reduce-root crack; ensure-efficient drainage,gravel stabilization system for driveways
Berriestex – Made from strawberries,offer-alternative; become-durable; become-flexible; become-sewable,vegan luxury handbags
BESE-elements®,provide-stability; offer-protection; support-adhesion; create-structure; enable-modular-assembly,biodegradable mats for nature restoration
Bespoke 3D Leather,sculpting-artwork; engraving-patterns; embossing-texture,bespoke leather wall tiles
BestFelt,provide sound absorption; reduce ambient noise; support regional agricultural supply chains,interior wall coverings and spatial dividers
Béton Picturale,transfer-image; create-relief; customize-artwork,facade artwork for buildings
Betonada Rust,protect-noun; seal-noun; apply-noun; finish-noun,decorative wall cladding
Betonlook paint,give-concrete look; allow-breathing; absorb-CO²,ecological wall coating for damp areas
Bia Metallic,create-sustainable surface; provide-heat conductivity; enhance-aesthetic appeal,metallized concrete facade panels
Bianni’ – Wool Paper,transform-noun; preserve-noun; reintroduce-noun,handmade paper products
Bicicleta rug,create-nontraditional carpet; reduce-waste rubber; provide-soft texture; allow-looped pile,recycled carpet for residential use
Big Mesh,create-textile; provide-lightweight; offer-translucence,lightweight mesh fabric for clothing
Bio-AmiCoFitex,provide-bacterial protection; provide-fungal protection; apply-antimicrobial coatings,sportswear with antimicrobial properties
Bio-Construct,provide insulation; offer fire resistance; reduce weight; enhance sustainability,building material for sustainable structures
Bio-Flex,replace-conventional materials; convert-film; maintain-tensile strength,thin film packaging for bioplastics
Bio-Glass,recycle-noun; reduce-noun; decorate-noun,counter or worktops
Bio Laminates,modify-fibers; upgrade-resources; replace-synthetics; enhance-fibers,biodegradable packaging materials
Bio-luminum,provide strength; offer durability; enable sustainability,high-traffic flooring tiles
Bio Pigments Atelier,create-paints; lock-pigments; force-painting,bioplastic-based painting medium
Bio-receptive 3D printed ceramics,filter air pollutants; improve air quality; release oxygen; dampen sound; retain humidity; reduce thermal fluctuations,living wall system for interior and exterior spaces
Bio-SIP™,sequester-CO2 emissions; integrate-insulation; provide-structural integrity; offer-weather resistance; ensure-airtightness; facilitate-assembly,sustainable modular building system
Biobased SIP building system,replace-timber; support-circular construction; reduce-CO2 footprint; provide-structural strength; enable-reuse,modular prefab building system for walls and roofs
BioBasedTile®,reduce-carbon footprint; grow-tile; strengthen-material; lighten-weight,interior and exterior flooring tiles
Bioblocks,absorb-excess moisture; retain-excess moisture; regulate-interior climate; provide-sustainable construction,earth-retaining structures for noise barriers
BioCaif,promote-sustainability; reduce-waste; provide-biodegradability,biodegradable coffee cup and lid
Biochar-Cob,improve-soil; store-carbon; construct-shelters,habitable spaces from organic waste
BioCoat,provide-water-resistance; offer-UV-resistance; enhance-durability; ensure-eco-friendliness,superhydrophobic coating for various surfaces
Biocomposites,reinforce-material; insulate-thermal; insulate-acoustic; resist-flame,thermal and acoustic insulation panels
Biodegradable envelopes,allow biodegradation; produce envelopes; print with solvent-free inks,biodegradable office envelopes
Biofiber,provide thermal insulation; biodegrade at end of life,thermal insulation for buildings
Bioflexi,produce-fiberboard; recycle-fiberboard; compost-fiberboard; provide-fire-resistance; minimize-health-risks,free-form furniture and partitions
BioFoam,provide insulation; offer biodegradability; enable recycling; support lightweight design,biodegradable packaging material
BioFoamPearls,reduce-emission; provide-insulation; biodegrade-material,cavity wall insulation
Biofold acoustic panel,upcycle-textiles; damp-sound; absorb-noise,acoustic wall panel
Biofuel Waste is Bliss,reduce CO2 footprint; substitute minerals; create ceramic glazes; lower melting point; provide color,ceramic tiles and bricks with ash content
Biograde,process-blends; moulding-applications; resist-heat; suitable-thermoforming; approve-food-contact; certify-biodegradability,injection moulded packaging components
Biogranulates,provide-non-slip surface; resist-wind and runoff; act-thermal buffer; serve-decorative coating,outdoor decorative floor coating for gardens and playgrounds
BioGreen padding polymer,provide insulation; replace down filling; offer lightweight cushioning,high-performance insulated jackets
BioLaminil,digest-foam; laminate-paper; activate-bacteria,biodegradable insulation panels
Trifilon BioLite®,reduce CO2 footprint; replace fossil plastics; enable injection molding; achieve surface finishes,injection molded components for consumer products
Biological grown material,grow-material; absorb-colour; influence-translucency; change-thickness,collection of table lamps
Biopanel,provide strength; offer biodegradability; ensure CO2 neutrality; enable custom sizing,signage panels for outdoor use
Biophilic Wallpaper,transform-nature; enhance-texture; apply-design,bespoke natural wall covering
Biophyl,reduce-dependability; provide-softness; replace-petrochemicals,intimate apparel and swimwear
Bioplastics from Organic Waste,create-novel materials; redirect-waste; achieve-specific characteristics,bioplastic packaging from food waste
Biopregs,replace-nonrenewable materials; reinforce-cellulose fibers; mold-thermoforming; cut-sawed; paint-printed,biodegradable composite sheets for construction
BioProtect,destroy-germs; prevent-odour; retain-effectiveness,anti-bacterial hospital bedding
bios.antibacterial ceramics,reduce-bacteria; generate-antibacterial reaction; embed-particles,antibacterial wall tiles
Biosgel,distribute-pressure; absorb-shock; resist-scrapes; allow-air-circulation,shock-absorbing cushioning for personal hygiene products
Biotex,reinforce-composite; damp-noise; insulate-thermally; mold-flexible fabrics,automotive interior components
BirdShades bird protection window film,protect-birds; optimize-cities; maintain-aesthetic,bird protection for glass surfaces
Bisazza Mosaico Mix,create-mosaic; provide-glittering-effect; ease-installation,decorative wall and floor tiles for swimming pools
Black Gold,reflect-nature; show-aesthetic; manifest-capabilities,urban design elements
Black Heart,embed-stones; protect-surface; create-surface,decorative countertop surface
Black MDF – Fibracolour Negro,provide strength; offer aesthetic effects; ensure consistency; resist lighting,office furniture and dividing walls
Black N Tan,provide-bath rug; tickle-feet; massage-feet,bathroom rug with textured surface
Black=Colour,create-pile; coat-backside; provide-contrast; offer-aesthetic-value,3D striped floor covering
Blazestone,resist-scratch; withstand-thermal shock; provide-aesthetic variation,handmade decorative tiles for floors and walls
Blend,visualize-patterns; emphasize-woodgrains; play-inlay work; show-new perspective,decorative wall paneling
Blinds made of waste material,weaving-structure; recycling-process; mixing-colors,window blinds and room dividers
BlingCrete light reflecting concrete,light-reflecting surface; textile-reinforced structure; non-flammable material; durable surface effect; cost-effective production; environmentally friendly design,safety-related marking of danger spots in construction
Blobb Tiles,enliven-environment; simulate-melting; create-humoristic-details,decorative bathroom tiles
Blood bio leather,create-novel materials; reduce-waste; explore-sustainability,sustainable leather alternative for fashion accessories
Blood plastic,create-object; symbolize-identity; provide-sustainability,decorative art pieces
Blow-in straw fibre insulation,provide-thermal insulation; provide-acoustic insulation; ensure-even distribution; create-seamless layer,thermal and acoustic insulation for walls and roofs
Blown-up weave 2D & 3D,provide durability; resist weather; offer custom patterns; create 3D structures,outdoor furniture upholstery
Bluedec,reduce energy loss; conserve interior space; provide thermal protection; insulate against heat; insulate against cold; deliver thermal performance,nanoporous aerogel blanket insulation
Bluestein,provide insulation; create reflective surfaces; allow customization,double glazed floor plates
Bobbles,create-3D surface; provide-softness; offer-warmth; ensure-good acoustics,textile for jacquard knitwear
BODEM circulair terrazzo,transform-nonusable pottery; grind-broken ceramics; combine-binder,kitchen worktops
Body and Soul,provide insulation; offer sound absorption; suit floor heating; resist electrostatic,hand-sewn carpet for indoor use
Bog Oak,create-novel pieces; extract-buried trunks; enrich-colour; enhance-aesthetics,unique furniture pieces
Boiled Wood,transform-noun; create-noun,custom furniture design
Bois Larmé,reinforced-wood; resistant-abrasion; resistant-impact; printed-3D,decorative wooden panels with metal reinforcement
Bola TriGlass,provide-core; offer-drape-ability; ensure-compatibility; enable-impregnation,sandwich structure for composite materials
Bolefloor,evaluate-nature; optimize-placement; create-unique-flooring,curved-length flooring for interiors
Bolidt Flooring,provide flooring; offer durability; resist weather; allow customization; ensure safety,industrial flooring systems
Bonded Metal,provide-surfacing; cast-granules; assure-reproduction; create-durability,elevator paneling
Bonding technology Biflex,join-noun; finish-noun; laminate-noun,fabric joining and finishing solutions
Boracay,provide wall coverings; create earthy look; enhance texture,natural handmade wall coverings
Borit,enable precise shaping; combine lightness and stiffness; stack sheets closely,lightweight structural panels for building
BorjaJet roof tiles,combine-tiles; allow-advantages; provide-finish,roof covering with aesthetic finishes
Botanical C,extract fibres; create objects; show handmade beauty,decorative objects from recycled flowers
Botanical PaperWorks,embed-seeds; print-inkjet; allow-germination,greeting cards that grow into flowers
Both,design-noun; develop-noun; manufacture-noun; explore-noun,textural wall installations and rugs
Recycled glass surfaces,recycle-glass; create-surfaces; process-waste,unique surfaces for commercial and domestic use
Bouclé & Lounge,inhibit-bacteria; bond-fabric; protect-air quality; washable-product; install-adhesives,wall-to-wall and tile flooring
Bouclé,provide-visual interest; interpret-fine knitwear; make-durable flooring; enable-easy cleaning,textured wall-to-wall flooring
BRAiDZZ,cover-noun; inspire-noun; create-noun,outdoor woven flooring solution
Brass & Copper,create-surface; emboss-structure; furnish-finish; provide-fire-retardancy,metal laminate wall panels
Brava,endure-high temperature; resist-fire; protect-electricity cables; stop-drafts,continuous roof lights
Breathable PU Fabrics,laminate-fabric; waterproof-fabric; provide-comfort,waterproof outdoor clothing
Breathaboard,regulates moisture; reduces pollutants; prevents condensation; mitigates mould; supports occupant health,interior wall and ceiling panels
Breathaplasta wall plaster,regulate moisture; inhibit mould growth; increase temperature; provide insulation; discourage mould formation,interior wall finishing solution
Brick,create-obscurity; provide-privacy; transmit-light; emboss-custom-designs,textured glass partitions for open plan spaces
Brickbin,provide waste-noun; indicate waste-noun; customize colour-noun; hold waste-noun,modular waste separation station
BrickWool,mitigate sound; absorb frequencies; provide insulation,acoustic barrier system
Brightbond®,bonding performance; gluing textiles; gluing wood; gluing leather,adhesive for woodworking and textile projects
Brisa,absorb-sound; reduce-noise; enhance-aesthetics; install-easily,acoustic panel for interior spaces
Bristle Technology,reduce noise; create aesthetic effects; evoke touch,decorative brushes for large surfaces
Brock foam,combine-cushioning; manage-energy; manage-noise; allow-airflow; provide-insulation; ensure-durability,protective gear for athletic activities
Brock PowerBase,absorb-shock; drain-water; insulate-heat; resist-bacteria; resist-chemical liquids,shock absorbing drainage base system for sports fields
Brotzeit End Grain Board,minimize impact; present surface; provide durability,multi-purpose cutting or serving board
Bruciato,create-texture; provide-structure; simulate-burning,decorative wall paneling
Brussels Glass,provide-translucent surface; offer-glossy finish; resist-scratching; withstand-temperature changes,decorative wall tiles for interiors
BT40 & Raw circular,enable recycling; allow disassembly; provide durability,recyclable circular carpet
Bubbles with Benefits,replace-plastics; provide-protection; offer-sustainability; customize-appearance,biodegradable protective packaging materials
Building-Integrated Photovoltaics,replace-building materials; generate-electrical power; reduce-construction costs,photovoltaic glass roof panels
Buildmatterial 0.8,prevent CO2 emissions; provide design freedom; enable material savings; allow re-printing; support modular construction,interior wall in renovation buildings
Burned Wood,preserve-wood; offer-durability; provide-circularity; ensure-quality; enhance-longevity,exterior wooden facades
BurntWood ReUse,store-CO₂; prevent-microbial decay; extend-lifespan; transform-variations; create-facade elements,sustainable facade elements for buildings
Butchers Block,provide surface; resist scratches; support cutting,kitchen cutting board
Butong bubble concrete,filter-nitrogen oxides; manipulate-panels; create-lamp shades; support-vertical gardens,architectural ceiling panels
BUXKIN original acoustic panels,reduce noise; provide insulation; enhance aesthetics,acoustic wall panels for soundproofing
BuzziCube,provide cushioning; offer support; reduce weight,ecological seating pouf
Buzzifelt,reduce noise; absorb sound,acoustic noise-reducing panels
BuzziSkin 3D,provide-acoustic insulation; offer-decorative texture; adhere-to surfaces,self-adhesive acoustic tiles
Byblos,transform-noun; filter-noun; provide-noun,water waste filtration system
C-Slurry,developing-sustainable materials; transforming-industrial waste; comparing-concrete performance,sustainable building bricks
c_change,adapt-temperature; allow-water vapour escape; store-body heat; protect-cold,breathable outdoor clothing
Cabbtex – Made from cabbage,offer-alternative; make-flexible; make-sewable; make-durable,vegan handbags and accessories
Cacao Paper,reduce waste; provide color; wrap food,wrapping for chocolate bars
CaesarStone®,bind-particles; resist-scratch; resist-heat; remove-stains,kitchen countertop
Cafea Silverskin,recycle-material; extrude-sheet; mould-granulate,flexible coffee-based sheet material
"Caju / Soft Velvet, 100% Tencel",provide comfort; offer sustainability; enhance aesthetics,luxurious soft carpets
Caleidolegno,produce-veneers; remove-stains; adjust-colour; eliminate-differences; emphasise-grain; permit-reproduction,natural wood veneer panels
Calignum,color-distribute; grind-wood; carve-wood; process-wood,colored details in furniture
Cameluxe,create-insulation; maintain-properties; reduce-waste; upcycle-materials,warm insulating pad for clothing
Caméléon,change colour; fade smoothly,colour-changing carpet design
Camsiva,apply-trowel; resist-water; permit-vapour; provide-transparency,exterior wall plaster for mineral surfaces
CaNaDry lime hemp mix,provide insulation; reduce noise; facilitate installation,thermal and acoustic insulation for walls and roofs
Canvas – Biobased Rug,regulate humidity; provide durability; ensure sustainability; contribute to air quality,biodegradable indoor rug
Capitonné,create-tile; provide-aesthetic; enhance-interior,decorative wall tile for interior design
Capri,provide softness; offer lightweight; ensure chlorine-proofing; enhance shape retention; deliver UV protection,swimwear and sportswear garments
CAPSPLATE®,create-strong end result; add-white regranulated PE; hand craft-plate material,durable plate for dining
Capu-Cell,absorb-fluid; release-liquid; resist-tearing; formulate-disinfectants,medical wipe for skin and electronic parts
MaterialDistrict,insulate-thermal; reduce-weight; enhance-durability,thermal insulation panels for buildings
Carbofont,provide-weight-saving; offer-mechanical-characteristics; cover-core,lightweight semi-trailer panel
Carbon Buster,capture-CO2; reduce-carbon footprint; provide-sustainability; act-carbon battery,carbon negative masonry block for building
Carbon Graphite Rigid Felt Board,create-non oxidising atmosphere; provide-high temperature insulation,high temperature inert furnace insulation
Carbon Low panels & grids,reduce-carbon-numbers; enhance-acoustics; improve-wellbeing,acoustic ceiling systems
CarbonCast,control-shrinkage cracks; reinforce-concrete; transfer-shear,reinforced concrete structures
Care For Milk ceramic glaze,make ceramics durable; make ceramics waterproof; reduce waste,ceramic dinnerware with unique color variations
Carpet tile,provide floor covering; serve wall covering; offer aesthetic appeal,interior flooring and wall tiles
Carpetlight CL21,emit-light; provide-flexibility; enable-dimming; adapt-shape; ensure-durability,flexible LED lighting system for film production
Carpets from Robusta,provide warmth; offer comfort; enhance aesthetics,residential area rugs
Carrelage,create-tile; provide-aesthetic; mold-object,3-D wall tile for interior design
Cartamela,stop-fermentation; maintain-cellulose; maintain-sugar; achieve-stability,sustainable paper products
Carved Panels,provide aesthetic; create texture; offer durability,decorative wall cladding panels
Casaleno,covering-wall; combining-natural; providing-flexibility,flexible wooden wall covering
CasaLuxe,provide-accent; generate-atmosphere; install-easily; ensure-stability,curved wood flooring for interiors
Casper Cloaking Technology,obscure light; filter light; render light invisible,privacy-enhancing glass wall technology
Cast Aluminium,casted-form; finished-look; designed-decoration; inspired-design,decorative façade element for museums
Cast Form,cast-edge; provide-hygiene; offer-impact-resistance; ensure-fire-resistance,seamless edge for furniture panels
Cast Glass,exhibit clarity; provide sparkle; allow high refraction; enable cold working,architectural façades
Cast Gypsum Panels,modular-panel; align-horizontal; align-vertical; paintable-surface,indoor wall paneling system
Cast Polymer,cast-noun; match-noun; form-noun,Interior Partitions and Privacy Screens
Castle Stones,press-noun; compress-noun; install-noun; color-noun; process-noun,floor and wall coverings
CASULO FELIZ – PRIMITIVE SILK,transform-nature; recycle-materials; dye-naturally; create-artisanal-products,handmade curtains and wallcovers
Caura,provide warmth; absorb moisture; resist dirt; offer elasticity,luxury carpet for interior design
“CAVA” SPARKLING BY NATURE,withstand wear-and-tear; add value; sparkle appearance; blend styles,outdoor kitchen countertop
CD,recycled-material; transparent-sheet; structural-support,recycled plastic sheets for interior design
Celestial Night,integrate-lighting; create-atmosphere; provide-comfort,illuminated indoor rug
Cell-carpet LED,filter-light; create-atmosphere; provide-soundproofing; allow-replacement,decorative LED-integrated rug
Cellular – the breathing facade tile,store-rainwater; create-humid environment; produce-oxygen; absorb-air pollutants; provide-natural air conditioning,climate-responsive facade system
Cempanit,resist-fire; resist-moisture; resist-noise; resist-mould; resist-termites,decorative wall panels for interiors and exteriors
Cerablanket,provide thermal insulation; resist thermal shock; absorb sound; enhance structural integrity,furnace and kiln linings
CERALUTION Versaflex,minimize waste; eliminate adhesives; allow faster installation; improve sound insulation,circular ceramic tile flooring
Ceramic foam filters,filter-nonferrous metal alloys; filter-cast iron; filter-steel; calm-mould filling; prevent-defects,metal casting filtration system
Ceramic Print,print-image; resist-scratch; resist-UV,architectural glass panel
Ceramic sand,affect-colour; affect-structure; create-glaze,ceramic pieces with varied textures and colors
Ceramic Steel,combine-properties; resist-corrosion; resist-abrasion; allow-printing; provide-weather-resistance,weather-resistant architectural panels
Ceramic surface,create-surface; engage-user; meet-requirements; tailor-make-colours; develop-finish,luxury bar and table surfaces
Ceramic Textile,provide-novel format; improve-installation; enable-light-permeability; ensure-safety,light-permeable façade system
Ceramic Wall Cladding,provide-noncombustibility; ensure-ventilation; offer-acoustic-insulation; allow-easy-installation,ventilated facade cladding system
Ceranex,provide durability; ensure water stability; resist weather; prevent rot; offer fire resistance; allow easy installation,durable façade cladding for buildings
CETEC,maintain shape; provide expansion; form inflatable structure,inflatable lifting pads
Chameleon Beads,change-colour; apply-to; create-panel,decorative wall panels
Chameleon collection,impart-texture; transform-colour; shape-dimension; create-reflection; enhance-synergy,decorative wall panels
Chameleon Fabrics,color-shifting coating; applying chemical technologies,automotive exterior finishes
Changeable Reflective Textiles,reveal patterns; adjust visibility; enhance aesthetics; provide protection,interactive fashion garments
Checked copper fabric,provide flexibility; offer stain resistance; ensure anti-static properties,decorative wall covering
Chenille Viscose,create-loop pile; alter-pile height; produce-shiny appearance; provide-ripple texture,recycled carpet with cotton backing
Chimera by Shai Langen,transform-emulsion; create-film; experiment-shapes; change-viscosity,costume design using unique cellular structures
ChipChain,provide flexibility; enable vertical installation; support cable management,flexible vertical cable duct for public utility buildings
Chipps design OSB,transform-space; protect-panels; finish-surface; install-quickly,designer wall panels
Chocolate stone border,create decorative; provide durable; enhance aesthetic,kitchen backsplash design
Chroma,revive-wallpaper; reflect-sunlight; combine-designs,decorative wall covering
Chromashine,provide-hiding power; create-interference colours; enable-solvent substitution,metallic ink for screen printing
Chromazone,change-color; respond-to-temperature,temperature-sensitive promotional items
Chrome-optics,produce-mirroring surface; substitute-galvanisation process; apply-quickly; tint-colour,decorative surface for artworks
Chromyx,temperature-sensitive colour change; revert back to original colour; laminated finish; RF sealed structure; stitched design; printed surface,temperature-sensitive display panels
Ciba XYMARA Electra inks,print-circuits; save-costs; save-time,printed electronic circuits on paper
CicloBrick,reduce-waste; process-material; retain-properties,sustainable facade brick
CIMENTO®,create-surface; ensure-strength; provide-aesthetic; reduce-impact; transform-ideas,custom architectural surfaces
Circlefoam recycled pu foam,transform-noun; recycle-noun; custom-cut-noun; ensure-sustainability,custom-cut foam for furniture design
Circles,provide-light; ensure-safety; offer-insulation; enhance-design,glass paver for flooring and terraces
"CircuGlue Light, Medium, Heavy",apply-glue; detach-glued products; reuse-products; adhere-strongly,detachable adhesive for product assembly
Circular Ceramics,reduce-harm; preserve-resources; engineer-glaze; design-durability,handmade tableware for hospitality
Circular Collection – Shadows of Light,create-novel materials; recycle-porcelain; upscale-possibilities,sustainable translucent porcelain artifacts
Circular Concrete Cityscapes,upgrade-tile; create-shape; provide-drainage; enable-anti-slip,outdoor garden and street paving tiles
Circular Modular carpets,reduce waste; create unique designs; absorb sound; provide acoustic solutions,modular carpet tiles for interior spaces
Circular Terrazzo,transform-waste; integrate-glaze; create-tiles; forge-value,handmade flooring tiles
Circulation (HIVE),provide comfort-surface; create sculptural-simplicity; offer acoustic-absorption,custom-sized decorative rug
Cirt Piedra,create wall; provide robustness; form stairway; design bathroom; enhance living room,natural stone wall panels
Citrustex – Made from citrus,thickener-emulsions; stabilizer-suspensions; water-regulating-function; firming-gels,vegan luxury handbags
Classic-Panels Classic-Light,combine-noun; resist-noun; provide-noun; suit-noun,lightweight decorative wall panels
Classic-Panels Classic-Stone,provide aesthetic appeal; ensure water sealing; resist weather influences; offer thermal insulation; reduce weight,exterior wall cladding system
Classico,combine-appearance; achieve-insulation; bear-resemblance,glazing for monumental buildings
Clay Plaster,balance-humidity; absorb-moisture; release-moisture; create-healthy-environment; provide-durable-finish,interior wall finish
Claylime natural plasters,provide-non-toxic coating; create-decorative finish; apply-in layers,bi-component plaster for interior walls
Claytec,regulate-temperature; regulate-humidity; provide-acoustic-insulation; offer-thermal-mass; allow-reworking,non-loadbearing wall infill for timber frame construction
Claything,assemble-noun; transform-verb; create-verb; weave-verb; filter-noun,3D objects made from woven ceramic fabric
Cleaf,provide-structure; finish-surface; create-texture,interior decor panel with textured finish
Clean Air City Ceramics – bronze glaze,reduce particulate matter; reuse accumulated waste; support monolithic quality,custom tiles for sustainable vacation homes
Clean Air City Ceramics – waste glazes,improve air quality; reduce particulate matter; reuse residual waste,architectural glazes for air purification
CLEAN-AIR-CITY-CERAMICS,capture-particulate matter; eliminate-health risks; reflect-light; absorb-light; offer-textures; provide-layering,architectural tiles for building façades
Clear-PEP and AIR-board,combine-lightness; ensure-durability; provide-rigidity; offer-optical-features,translucent honeycomb panels for interior partitions
Clear TPU flock,provide durability; offer flexibility; enhance aesthetic,decorative upholstery fabric
Clearsorber,absorbent-panel; transparent-structure; micro-perforate-technology,transparent acoustic panel for conference rooms
Cleartint,enhance aesthetics; mask haze; maintain clarity,transparent food storage containers
Climacustic,absorb-sound; control-temperature; circulate-fluid,radiant heating and cooling panel system
ClimaLife,neutralise harmful particles; turn into non-toxic substances; self-cleaning surface,air-purifying concrete roof tiles
Climaplus Solar Control,reduce-solar heat gain; vary-light transmittance; provide-low-emissivity,solar control double-glazed units
Climatex Dualcycle,maximize comfort; absorb moisture; buffer moisture; evaporate moisture; provide breathability; enable recycling,office furniture upholstery
Climatex Lifecycle,soak up moisture; dissipate moisture; convert waste material,biodegradable upholstery fabric
Climatex LifeguardFR,provide-flame resistance; improve-ecology; ensure-breathability; control-moisture; enhance-comfort,upholstery for transportation seating
Cloud Softlight,provide-light; absorb-sound; create-enclosure; resist-tear; resist-UV; be-recyclable,luminous pendant light fixture
Cloudwool,support-novel forms; manufacture-sustainable textiles; craft-low-energy processes,non-woven textile for fashion
Cloudy,provide aesthetic roofing; resist time ageing; compete with ceramic tile,aesthetic roofing tiles for buildings
Club,create-novel designs; provide-glossy finish; enhance-visual appeal,decorative interior wallpaper
Coarse Concrete,resist-water; resist-dirt; reinforce-fibreglass; provide-texture,facade cladding and floor covering
Coatacoustic,absorbtion effect-sound waves; create-plenum; suspend-ceiling structure; attach-light spots,acoustic ceiling panels for sound absorption
Coated Aluminium,reflective-finish; durable-coating; aesthetic-enhancement,exterior facade panels
Coated linen slub,coated-fabric; provides-weather-resistance; offers-UV-protection,outdoor upholstery for furniture
CobalTex,reduce interference; provide shielding; offer flexibility,radiofrequency shielding fabric for electronic devices
Cocoa Marmoleum,provide-structure; sustain-eco-quality; create-texture,sustainable flooring solution
COCOA,recycle-waste; remould-material; repel-water; reduce-energy consumption,reusable packaging set for self-care products
Cocoboard©,provide moisture resistance; offer termite resistance; reduce formaldehyde emissions,bio-based interior paneling
Cocodots,combine-strength; provide-stability; create-decorative-structure,decorative wall panels
Kokoboard,provide insulation; control heat; control sound,heat and sound controlled room panels
Cocoform,offer formability; provide dimensional stability; enable heat forming,molded packaging components
Coconut mosaic panels,provide wall coverings; create 3D effect; offer warm look; enable easy installation,eco-friendly wall covering panels
Coconut Tiles,resist-decomposition; provide-mechanical resistance; create-homogeneous texture,interior wall cladding tiles
Cocoon Mesh,flame-resistant; cut-to-size; medium-weight,flame-resistant interior wall covering
Cocoon,wrap-noun; cover-noun; protect-noun; regain-noun,decorative luminaire shade
Cocoontec,repel-oil; avoid-soiling; provide-comfort,oil-repellent silk ties
Cocos Insulation,provide-acoustic damping; offer-levelling effect; exhibit-resilience; demonstrate-durability,floating floor insulation layer
Cod Leather,create texture; provide durability; allow dyeing; offer flexibility,fashion accessories like bags and wallets
Arabica Black (food safe),create-non-toxic sheets; produce-injection moulded objects; provide-scented material,flexible coffee-scented sheet material
Coffee Composite 1,create-3D shapes; hold-form; craft-toys,biodegradable toys and objects
Coffee Composite 2,create-naturally durable sheets; press-into moulds; dry-using dehydrator; shape-using cookie cutters,playful artistic objects for workshops
Coffee Panels,reuse-material; enhance-properties; biodegrade-material,biodegradable furniture panels
Coffee polymer,reduce-waste; provide-strength; enable-recyclability; support-biodegradability,biodegradable planters and golf tees
Coffee Tile,reduce carbon footprint; mimic ceramic tile; provide luxurious effect; enable recycling,bathroom and kitchen wall tiles
Coffee to Burn pellets,reduce-waste; increase-caloric value; decrease-CO2 emissions,high-efficiency pellet stove fuel
Coffeefrom® Bio,biodegradable-material; injection moulding; 3D printing,biodegradable tableware products
Coffeefrom® Eco,enhance-translucency; provide-flexibility; enable-injection molding,translucent packaging containers
Coffeefrom® Strong,enhance-colour; provide-rigidity; improve-mechanical-properties,injection moulded components with dark grainy finish
Coffire,mimic-textures; enhance-aesthetic; reduce-waste; ensure-safety,porcelain surface finishing technique
Colback,form-non-woven; consolidate-web; combine-yarns; provide-flexibility,primary backing for tufted carpets
ColdBlack,reflect-IR rays; absorb-heat; retain-black color,heat-reflective clothing for outdoor activities
Coldharbour fishing net tiles,repurpose-noun; capture-noun; design-noun,eco-friendly wall tiles
Collagen Peptide Fabric,natural deodorizing; sensitive skin friendly; thermoregulation; anti-UV,bedding and clothing fabrics
Collection AKOESTIEK,create-acoustic panels; improve-quality of life; provide-sound-absorbing effect,acoustic wall panels for interior design
Collection Glass,projecting-colours; resistant-wallpaper; embossed-mosaic; shock-resistant,decorative wall covering
ColorBlast solar panels,customisable-noun; design-noun; hardened-noun,custom coloured solar panel façade
ColorCore® Compact by Formica Group,provide-homogenous colour; enable-creative possibilities; allow-engraving features,interior design elements with engraved surfaces
ColorCore® by Formica Group,enhance-noun; offer-noun; provide-noun,reception desk with inlay effects
Colored Rigidized Textures,protect-noun; show-noun; create-noun,textured metal sheet products
Colour Anodized Titanium,provide electric isolation; offer biocompatibility; create colored appearance,color-anodized titanium implants
Colour Changing Glass,filter-light; create-interference; laminate-surface,architectural lighting panels
Colour changing materials,change colour; trigger effect; incorporate shapes,colour changing spoons for children
Colour Chips Glass,create-colour effect; integrate-colour; provide-depth; allow-customization,decorative wall panels
Colour Line,provide-protective seal; enhance-visual appeal; maintain-real wood feel,interior flooring planks
Colour Panels,combine-numerous techniques; create-colorful surfaces; enhance-interior aesthetics,colorful interior wall panels
Coloured Felt,reduce echo; absorb sound; regulate humidity; cleanse air; provide warmth,sound-absorbing wall panel
Coloured Solar panels,generate energy; integrate aesthetics; harmonise with façades,energy-generating building façade
Combisol,block-solar thermal energy; reduce-glare; allow-diffuse daylight; reflect-sunlight; transmit-diffuse light,daylight management system for buildings
Comfortemp,absorb-heat; release-heat; react-temperature; improve-cold protection,temperature-regulating textile for clothing
Common Sands – Forite,integrate-glass; recycle-waste; celebrate-variability; cover-surfaces; partition-elements,architectural glass tiles
Compacfoam,provide insulation; offer compressive strength; maintain lightweight properties,thermal insulation panels for buildings
CompacMel Plus,offer solutions; provide resistance; support applications,kitchen worktops and bathroom facilities
Compact Panel – Trend,absorb-sound; install-easily; design-flexibly,acoustic wall and ceiling panels
Compact Tile,reduce porosity; provide hardness; allow precise dimensioning; enable monolithic structure,floor tiles for heavy use
Compensatiesteen,absorb-CO2; create-construction material; cut-blocks; equip-profile,non-supporting wall blocks
Completely 100% recylced Polydrop,manufacture-sheets; process-normal; utilize-post industrial waste,decorative product solutions
Complite,reinforce-wood; harden-wood cells; process-like wood,high-strength furniture
Compodeen,provide strength; resist weather; enable recyclability,weather-resistant outdoor furniture
Compose handwoven textile,combine-noun; design-verb; translate-verb,exclusive rugs or wall hangings
Composite stone,prevent thermal bridges; resist frost; resist alkalis; avoid dirt breeding ground; provide natural appearance,outdoor paving stones
Compostboard,energize-organisms; keep-minerals; create-hummus,interior sheet material for living spaces
CON-Cover,provide-surface solution; combine-properties; produce-products; mold-parts; cover-surfaces,floor covering for living and office areas
CON-Pearl,provide strength; offer durability; resist corrosion; allow lightweight design; enable weather resistance,interior panels for vehicles
Conbou Bamboo,reduce-waste; utilize-resource; create-structure; maximize-surface; distribute-forces,self-supporting lightweight elements for outdoor use
Concept wood,provide-nature; suggest-wellbeing; create-harmony,interior wall paneling
Concreate,improve quality; bond layers; stay mould free; provide flexibility; resist weather; resist fire,weather and fire-proof building panels
Concrete Cloth,harden-noun; form-noun; water proof-noun; fire proof-noun; provide-noun,building cladding and roofing systems
Concrete Crochet Tiles,create-tile; capture-pattern; provide-durability; offer-aesthetic,decorative floor and wall tiles
Concrete Curtain,serve-sunscreen; serve-windscreen; serve-privacy screen; act-facade element; act-heat accumulating room partition,flexible outdoor privacy screen
Concrete & Glass,provide strength; create shiny surface; offer durability; resist weathering,building façade cladding
Concrete Lace,cast-tile; create-divider; provide-decor; resist-weather,decorative wall coverings for public buildings
Concrete-Silicone,fuse materials; create contrast; enhance warmth; provide translucence; offer organic look,light fixture with contrasting materials
Concrete skin vintage,reflect-nature; restore-surface; clad-facade,façade cladding panels
Concrete skin,create-furniture; provide-texture; simulate-skin,outdoor seating structures
Concrete wallpaper,transform-space; hide-damages,interior wall covering
Conductive Stretch Fabric,conductive-noun; antibacterial-noun; stretchy-noun,antibacterial wound dressing
Conductive tape,connect-LED’s; allow-elasticity; adapt-width,electrical connection tape for LED installations
Conifer needles panels,sound-absorbing panel; decorative wall; sustainable material usage,acoustic wall panels for interior design
Connection Safety Glass,prevent shattering; improve noise resistance; incorporate images; add depth,decorative safety glass panels
CONNECTION WALLS,create-environment; provide-recyclability; enable-setup; facilitate-dismantling,reusable wall panels for events
Conscience fabrics,integrate designs; offer solutions; create projects; combine quality; ensure sustainability,sustainable interior textiles for residential spaces
Constructive glass,constructive-material; transparent-division,glass house structure
Contemporary Textiles,create wall panels; provide acoustic insulation; serve as room dividers,acoustic wall panels for public spaces
Contender Woven Sailcloth,provide-strength; offer-UV-resistance; enable-dense-weaving; optimize-handling; enhance-performance,racing sail for dinghies
Contra-H,flame-retardant material; textural surface; paintable substrate,theatrical backdrop fabric
Contract Base,reduce odour; lower flammability; minimize VOC emissions,commercial carpet backing for high-traffic areas
Contur,deliver warmth; provide flexibility; enable recyclability,outerwear and gloves
Conturax,provide thermal resistance; offer geometric accuracy; ensure surface quality; allow custom shapes,laboratory glass tubing with custom angles
CoolCork,transform-noun; create-noun; develop-noun,durable upholstery and acoustic panels
Cooley-Brite® Lite,provide flexibility; enable eradicability; resist UV; withstand weather,signage and awning materials
Coolguard™ HR,handle-petrochemicals; provide-flexibility; create-complex-details; offer-UV-resistance; ensure-puncture-resistance,geomembrane liner for lagoons and ponds
CoolJeans,repurpose-noun; develop-solution; spray-coating; upholster-furniture; refurbish-product; acoustic-solution,upholstered acoustic panels
CoolLeather,spray-coating; refurbish-furniture; reduce-CO2 footprint; enhance-acoustics,upholstery for furniture and acoustic panels
Cooltrax,prevent-heat accumulation; create-light and shadow fields; withstand-high wind loads; reduce-rain noise; protect-window material,outdoor shading system for windows
Copper and Brass Wire Mesh,filter-particles; weave-mesh; resist-corrosion; support-structures,wire mesh screens for filtration systems
Copper Moss,conduct electricity; form structures,decorative wall art with moss-like patterns
Copper Slag Geopolymer,reduce CO2 footprint; provide thermal resistance; offer high durability; ensure corrosion resistance; enable partial recyclability,geopolymer concrete for construction
Copper tiles collection,create-covering; provide-aesthetic; laminate-between-glass,mosaic wall panels for interior design
Copperant paint,reduce CO2; provide protection; dry quickly; cover surfaces,biobased wall paint for interior use
Coppo,allow-light; blend-in; improve-adherence; obtain-non-slip-effect,transparent curved roof tiles
Coquim coconut fibre,retain-water; act-fungicide; biodegrade-naturally,biodegradable plant pots
Corafoam,replace wood; create shapes; resist moisture; resist mould; resist deterioration,signage and model carving material
Coral & Magic Oak,create surface appearance; provide easy installation; offer vivid appearance,engineered wood flooring
Corcrete,provide insulation; offer durability; enhance aesthetics; improve acoustics,acoustic wall panels
CORDURA combat wool,manage-odours; provide-breathability; offer-waterproofing; allow-stretch,outdoor performance clothing
Cordura Nyco fabric,provide-abrasion resistance; offer-comfort; ensure-durability; meet-flame retardant standards; provide-anti-static protection,military uniforms and workwear
Corduroy,blend-fabric; provide-texture; offer-durability,upholstered furniture
Coremat,prevent resin up-take; increase stiffness; save weight; build thickness,lightweight laminate core material
Corian Nuwood,mimic natural wood; create seamless appearance; withstand daily use; easily refinished,kitchen countertops with wood aesthetic
Corian Onyx,create-surface; withstand-daily use; allow-easy cleaning; enable-seamless appearance; refinish-original appearance,kitchen countertops with seamless design
Corian Resilience Technology,enable damage forgiveness; facilitate stain removal; reduce maintenance needs; lessen physical damage,kitchen countertops with enhanced durability
Corium bonded leather,provide elasticity; offer resistance; allow malleability; enable natural appearance,book covers and bags
Cork Fabric,provide cushioning; offer insulation; create textures; allow for flexibility,upholstered furniture covering
Cork façade,insulating-material; acoustic-material; damming-material,façade cladding panels
Cork green roof,provide drainage; offer insulation,biobased green roof system
Cork leather,provide durability; offer flexibility; ensure water repellency; reduce acoustic noise; allow customization,handmade custom bags
Cork Leather,provide durability; offer waterproofing; resist stains; repel dust; enable easy cleaning,eco-friendly upholstery for furniture
Cork Fabric,provide insulation; offer flexibility; resist abrasion; absorb sound; allow design versatility,acoustic wall panels
Cork plaster,prevent water infiltration; form waterproof layer; provide insulation; resist scratches; allow moisture escape,decorative and protective wall coating
CPCs – Cork Polymer Compounds,reduce-CO₂ footprint; improve-thermal properties; improve-acoustic properties; enhance-grip performance,engineered flooring
Cork rugs,provide cushioning; offer insulation; enhance aesthetics; reduce noise,hand-woven decorative area rugs
Cork Spray Paint,protect-nonstructive elements; improve-thermal insulation; improve-acoustic insulation; apply-coating,waterproof membrane for building surfaces
Cork Textile & Surfaces,insulating-acoustic; insulating-thermal; covering-wall,interior wall coverings and panels
Cork Wallpaper,provide texture; create acoustic insulation; offer fire resistance; enhance aesthetics,interior wall covering
Cork,insulate-temperature; insulate-acoustics; resist-fire; resist-insects; serve-tack boards,decorative wall covering for offices
Corkleaf & Corkskin,imitate-leather; transform-product; provide-flexibility; offer-resistance,flexible upholstery for furniture
CORKonLINEN,combine-durability; offer-sustainability; provide-flexibility,sustainable fashion accessories
Corktex,prevent-bacteria; prevent-fungi; provide-soundproofing; offer-thermal-comfort; resist-abrasion,floor and wall lining material
Cornspan,manufacture-panel; provide-insulation; absorb-moisture,sound and thermal insulation panels for construction
CornWall,store CO₂; create strong bonds; provide wall finishing,biodegradable wall tiles
Corques,create-naturallooking floor; install-seamlessly; set-durable surface,seamless resilient flooring solution
Corten Ceramic Tile,simulate steel appearance; resist corrosion; provide aesthetic finish,interior and exterior wall and floor tiles
Cotton Plaster,cover-walls; absorb-sound; insulate-heat,seamless wall covering
Cottone Superbo Conchiglia,transform-nacreous decor; combine-high transparent glass; produce-decorative sheets; cut-colour block; slice-veneer,decorative panels with unique designs
Cottone Superbo Imperatore,transform-nature; produce-sheet; combine-design,decorative glass panels
Cottonfloor,seal-noun; insulate-heat; absorb-vibration; insulate-noise,custom-designed flooring solution
Cottonmix AE panel,provide-sound insulation; create-seamless acoustic ceiling; allow-easy repair,hanging acoustic ceiling panels
Cottonmix,provide heat insulation; provide noise insulation; regulate air humidity; be non-toxic; be anti static,wall and ceiling finishes in multi-storey buildings
Cowpot,biodegrade-pot; nourish-plants; mould-pot,biodegradable flower pots for gardening
CPC Cork Polymer composite,provide insulation; offer durability; serve as wall covering; act as floor covering,insulated wall and floor covering panels
Crackle glass,create-pattern; provide-translucence; offer-safety,decorative wall panels
Crafted Felt,provide-acoustic insulation; customize-size; customize-shape; customize-colour,acoustic panels for sound absorption
Crea-Lite,enable-personalisation; create-relief; add-colour,decorative transparent façade with historical images
Creacrete,create-object; achieve-surface; reduce-cost; reduce-energy,thin-walled decorative objects
CREAMELT® PLA-HI,print-noun; build-noun; adhere-noun; resist-noun,high precision 3D printed objects
CREAMELT® rPET fifty,design-noun; print-noun; absorb-noun; maximize-noun,durable interior design objects
Creamelt TPU-R filament,print-flexible objects; offer-sustainable alternative,3D printed flexible objects from recycled materials
Creative Copper,shape effortlessly; complement glass; provide durability; enable recycling; offer elegance,roofing systems with fewer seams
Criaterra wall tiles,replace-building products; produce-masonry blocks; create-constructive elements; allow-mass production; provide-interior products,low carbon wall tiles
Crinson Wall Tiles,provide aesthetic wall covering; resist fading and degradation; suit interior and exterior use; enable custom designs,decorative wall tiles for kitchens and bathrooms
Crispy,transform-non-recyclable packaging; salvage-difficult-to-recycle plastic; demonstrate-potential for recycling,serving bowls for snacks
Cristalite,stop-germs; resist-cuts; resist-bumps; integrate-silver-ions,kitchen sink with hygienic surface
Cristallino,mixing-granules; grinding-grit; colouring-binder,floor and countertop tiles
Cristallite,cut-noun; saw-noun; mill-noun; resilient-adjective; scratch-resistant-adjective,kitchen countertops and sinks
Crush paper,reduce-landfill; replace-virgin-pulp; offer-distinctive-appearance; provide-eco-friendly-option,wine label
Crustic,form-non-toxic plastic; promote-sustainable material; provide-biocompatibility,biocompatible plastic for sustainable products
Cruz Foam,replace-nonbiodegradable foam; provide-cushioning; offer-thermal insulation; ensure-vibration dampening,compostable shipping foam for cold-chain goods
CRYLON®,provide-clarity; offer-resistance; render-colour; allow-transparency,large-format acrylic glass sheets
CRYLUX®,provide transparency; offer durability; resist UV radiation; enable easy processing; enhance visual communication,corporate signage and display systems
Crystal Fabric,cover-noun; refine-verb; apply-verb,heat-pressed textile embellishments
Crystal inlay,enhance-aesthetic; create-inlay; combine-with-resin,luxury interior paneling
Crystal Inlay,create finishes; blend colours; enhance hues; apply to surfaces,curved wall and pillar surfaces
Crystal Mesh & Metal Trimmings,integrate-crystals; apply-heat; glue-sew; fix-in-net,decorative textile accessories
Crystal Rocks,create-design element; apply-coating; activate-hotmelt; embed-chatons; glue-cavities,decorative crystal embellishments for fashion accessories
Cullus Molto,absorb-sound; form-3D objects; meet-acoustic needs; clean-washable,hanging acoustic panels
Cullus,diffusing sound; enhancing absorption; providing flexibility,acoustic wall panels
Cumbrian Bone Marble,create-minerals; manufacture-materials; produce-rocks,human-made mineral collection for crafts
Cuncha Nasu Shell,create-decorative materials; enhance-luxurious look; arrange-chessboard pattern,decorative wall panels
Curious,create-printing surfaces; provide-textures; enable-colour printing,packaging for food products
Curv,combine-properties; capture-properties; produce-parts; enable-thermoforming,lightweight automotive components
CurvCor,create-structural curves; offer-excellent pliability; provide-moisture barrier,curved architectural panels
Curved Panels,shield-windows; reduce-solar heat gain; optimize-day lighting; clad-surfaces; divide-spaces,curved architectural mesh systems
Custom Shaped Stainless Steel,customize-component; define-finish; produce-pattern; create-design-effect; fabricate-panel,customized decorative metal panels
3D printed customised composites,create-products; optimise-properties; integrate-functions,lightweight structural components for aerospace
Customised Wallpaper Collection,provide wall covering; print designs; resist weather,outdoor wall coverings
CUSTOMIZE,create-bespoke materials; integrate-storytelling; combine-functionality; provide-perfect fit,customized wallcovering for interior design
Cutting-Edge,recycle-material; create-textile; secure-edges; generate-colours; provide-upholstery,textile mat for seat cover
Cyalith,produce-materials; avoid-firing; reduce-carbon-footprint; create-decorative-tiles,decorative ceramic tile alternatives
Cyclin®,reduce-reverberation times; prevent-noise entry; contribute-energy efficiency; participate-carbon sequestration,acoustic insulation panels for indoor environments
D-Carb White cement,reduce CO₂ emissions; maintain early strength; deliver rheological properties; ensure smooth finishes,self-compacting concrete mix
D-ko expanded metal,provide-structure; enhance-durability; allow-customization,custom metal panels for building finishing
D-sign weave,weaving technique; custom made; strong panels,stainless steel finishing panels in buildings
D2W,make biodegradable; address plastic waste; fall into pieces; be bioassimilated,biodegradable shopping bags
d3o mesh,absorb-impact; provide-flexibility; enhance-breathability,protective sports padding
Dacryl,provide transparency; offer shock resistance; resist water; resist chemicals,transparent safety glazing panels
Daemwool natural wool insulation,insulate-rooms; protect-against overheating; neutralise-harmful gasses; provide-acoustic insulation; resist-fire,roof and ceiling insulation
Dakota Burl,provide aesthetic; allow staining; mimic traditional wood,decorative wall panels
Dalsouple,offer design flexibility; provide colour variety; enable customisation; support interlocking installation,interlocking floor tiles for indoor spaces
Damasco,create effects; enrich aesthetics; laminate sheets,decorative wall panels
Dapple Smile Plastics,create-sheets; add-colour; recycle-containers,recycled plastic sheets for interior design
Daylight panels,block-view; let-daylight-pass,rear wall panels for retail spaces
Déchirer,provide-flooring; create-wall-covering; offer-decorative-patterns,large-format hexagonal wall tiles
Decafé,create-composite material; provide-aroma; resist-heat; enhance-design,decorative lamp resembling a coffee cup
Decalised glass,decorate-object; insert-pigments; enhance-durability; facilitate-cleaning,decorative glass panels for interiors
Decallisation,apply-coating; protect-layer; decorate-surface; resist-scratch; resist-UV,decorative coatings for metal and ceramics
Decking solutions,provide structural support; resist weather damage; offer aesthetic finish,outdoor decking for boats
DecNord Luxpanels,preserve-aesthetic; support-sustainability; provide-durability,modern wall paneling
Deco S,resist red wine; resist acid; provide good mechanical characteristics; provide good chemical characteristics; allow easy working,high-gloss polished surfaces for countertops
Deco Wired Glass,reinforce-glass; hold-fragments; produce-textures,decorative partitions
DecoLegno HPL Specials,create-furniture; inspire-interior design; translate-decors; apply-flooring,bespoke furniture and interior concepts
DECOPROYEC SPRAY CORK,protect-noun; finish-noun; resist-noun; combine-noun,elastic surface protection for walls and roofs
Decoral Process,coat-metal; transfer-inks; print-patterns; provide-properties,decorative metal finishes
Decorandum,provide structural support; bond with other materials; offer surface finishing; enable lightweight design,kitchen cabinetry and fixtures
Decorated Metal Mesh,reflect-light; solder-decorations; stretch-tension,decorative room divider
Decorex,adapted-noun; deforming-noun; stamping-noun; decorative-noun; corrosion-noun,body of mobile phones and kitchen appliances
DecorFlou,transmit-light; diffuse-light; resist-marking; resist-abrasion,partitions for defining separate environments
DecorGem,coat-surface; partition-segment; process-material; decorate-interior,enamelled glass sheets for interior design
Decoro,enhance-decorative elements; chrome-tan-leather; aniline-dye-leather,decorative elements for custom designs
Decortile,add-depth; diversify-colours; create-patterns; convey-movement,decorative wall panels
DEEP 3D Wallpaper,engage-eye; fray-boundary; create-dimension,3D decorative wall covering
Deep Sea,add-color; create-pattern; enhance-aesthetic,decorative wall tiles
Defense,weaving-nonserial; processing-custom; finishing-stainless,custom stainless steel panels for building facades
Dega Art,create-surface; resist-wear; resist-traffic; provide-aesthetic,seamless flooring for commercial spaces
Dejection-molding,replace recycled paper; remolded ad infinitum; transport in cellulose molding,biodegradable packaging materials
Dekoart,create-novel designs; apply-gold leaf; protect-surface,decorative wall panels
Dekolux Fossil,create light; design atmosphere,backlit decorative panels
Dekolux,reflect-light; produce-luminous effects; allow-back illumination,decorative wall panels with backlighting
Dekopix,embed-print; provide-scratch-resistance; ensure-moisture-impermeability,custom printed laminate surface
Dekorial,provide decorative surfaces; offer various finishes; combine with structures,interior wall cladding panels
Dekovario,combine-noun; produce-noun,surface structure variations for interior design
Dekton Industrial recycled,create-narrative; inspire-aesthetic; combine-colors,interior wall cladding
Demidekk Ultimate Helmatt,accentuates-wood structure; fast-drying-coating; waterborne-stain; elastic-coating,wood-rich façade elements
Demidekk Ultimate Täckfärg,protect-noun; accentuate-noun; durable-noun; maintain-noun,outdoor wood façade coating
DendroLight Building Block (BB),replace-construction materials; provide-heat isolation; provide-sound isolation; support-structural wall; support-floor panel; support-ceiling panel,structural wall and floor panel
DendroLight core material,ensure strength; achieve stability; allow processing,lightweight structural panels
DendroLight Table Tops,reinforce-noun; increase-bending strength; create-form; mount-mechanisms; damp-vibration,lightweight table tops with free spans
Denimolite,transform-waste; reduce-reliance; maintain-strength; enhance-durability,interior wall panels
DenimX Material Collection,combine-materials; offer-sustainability; provide-aesthetics,interior design elements
Denimx,create-non waste products; upgrade-textile waste; combine-recycled materials; meet-aesthetic requirements; optimize-material properties,furniture and lighting products
Denuo,repurpose-waste; create-lighting fixtures; produce-warm light; support-sustainability,lighting fixtures made from waste materials
Derbipure,reflective-coating; passive-cooling; pollution-prevention; water-recycling,roofing membrane for buildings
Derbisolar,generate electricity; provide waterproofing; ensure adhesion; integrate discreetly,watertight roof lining with integrated photovoltaic cells
Dermofresh FR,manage moisture; enhance comfort; provide breathability; offer waterproofing; ensure non-toxicity,protective covering for beds
DESARDI Classic Non-Woven,preventing bacteria; providing antimicrobial protection; integrating in decoration,hygienic wallcovering for hospitals
Desert Dunes,create-cracked effect; resist-weather; resist-fire; provide-texture,decorative wall panels
Design-Aero,provide-protection; reduce-noise; conceal-utilities; enable-easy-fitting,suspended ceiling system for buildings
Design Coconut Tiles,provide resistance to decomposing; offer insect attack protection; create unique design appearance,decorative wall tiles with metallic finish
Design concrete,provide-colour; resist-abrasion; resist-staining; apply-seamlessly; tailor-finish,waterproof flooring for kitchens and bathrooms
Design Felt,create-finish; provide-atmosphere; maintain-shape; require-maintenance,acoustic wall panels
Design induction hobs,minimize-environmental impact; provide-clean energy cooking; inspire-kitchen design,induction cooking hob with extraction system
Design Panel,provide-sun protection; provide-wind protection; act-as-separation wall,sun and wind protection fence
Design Sheets,enable precise shaping; increase stiffness; allow custom designs,lightweight structural sheets for building
Designers Collection,provide aesthetic; offer durability; resist scratching,interior wall paneling
Desserto® cactus leather,provide durability; offer flexibility; ensure sustainability; reduce environmental impact,vegan leather handbags
Dexter,provide privacy; block light; enhance decor,curtain for windows
DG-Lux Plus,reinforce-slab; reduce-weight; enable-handling; provide-strength,kitchen countertops and tabletops
Diamond Board,provide fire resistance; offer sound insulation; enhance moisture resistance; ensure robustness; allow easy cutting,moisture-resistant drywall for wet areas
Diamond Polished Concrete,mechanical-polishing; high-gloss-finishing; durable-surface,industrial and public building flooring
DIBOND®,provide rigidity; offer strength; enable easy processing; ensure durability,signage and exhibition displays
Dichrolam,diffract-light; reflect-color; simulate-water-waves,color-changing table tiles
Diggels,recycle-nonrenewable; process-new products; return-demolished materials,kitchen worktop
Digital Dawn,emulate-photosynthesis; monitor-light levels; trigger-growth; illuminate-blind,reactive window blind
DigitalPrint – Serie Metalli,reflective-surface; flame-retardant-properties; moisture-resistant-coating,interior decorative wall panels
Dinamica Classica,breathable-fabric; washable-fabric; wrinkle-resistant-fabric,upholstery for furniture
Dinxperlo,filter-nonmetallic particles; screen-doors and windows; weave-custom panels; weld-fabricated items,woven mesh for water treatment
Dipline,hold-lamps; match-requirements; go-back; tested-connectors,interior lighting panels
Direx,print-brilliant; print-sharp; coat-laminated,laminated printed panel for interior use
Discarded Firehose,withstand-tensile forces; resist-water; resist-UV radiation; resist-chemicals,woven wall coverings
Discarded tampon fabric,recycling-yarn; spinning-fabric; weaving-textile,curtains and linings
DISPA®,provide-flatness; offer-rigidity; enable-printing; support-die cutting; facilitate-processing,indoor promotion display boards
Dissolvo,dissolve-water; print-on; coat-with; laminate-with; emboss-with,water-soluble pressure-sensitive labels
Ditra 25,act as substrate; provide load-distribution; serve as water barrier; allow easy removal,underlayment for problematic flooring substrates
Divine (Dischroic) Tiles,shift-colour; bend-light; provide-depth; add-colour-variation,decorative wall tiles
Division & Growth glass tiles,create-patterned tiles; fuse-coloured rods; design-custom shapes,decorative wall tiles
Dofine stucco,reduce-noise; provide-acoustic-effect; create-abstract-structures; apply-colourful-finishes,acoustic wall panels with integrated speakers
Doluflex,provide stiffness; reduce weight; allow bending; enable shaping,lightweight sandwich panel for structural components
Domino,provide flooring; resist humidity; offer durability,heat-treated wood flooring for commercial spaces
Domsteen brick,prevent-demolition waste; reuse-building materials; provide-aesthetic properties; ensure-long life,sustainable building construction
DORSUM®,customize-embossments; apply-lacquers; create-patterns,custom embossed furniture surfaces
Doschawol,eliminate gases; act as barrier; require energy,flame-resistant insulation material
Dot concrete,transmit-light; provide-privacy; create-unique-patterns,translucent separation wall
Dot Show,linkage-bowls; integrate-hooks; create-lamp; design-room-divider,modular lighting system with bowls
Double Face,provide-transparency; enable-flexibility; allow-3D deformation,transparent decorative curtains
Double Vision Composition,transmit light; resist UV-radiation; withstand mechanical loads; remain waterproof; provide scratch resistance,high-end kitchen and bathroom furniture
Drapilux Air,neutralise pollutants; purify air; reduce allergens; break down odours; produce catalytic reaction,flame-retardant wall coverings
Drapilux Bioaktiv,reduce-pathogen growth; provide-antimicrobial protection; enhance-room hygiene; prevent-allergies; reduce-odours,hospital decorative textiles
Dream bonding technology,decorate-garments; cover-seams; customize-trimmings; create-labels; enhance-performance,decorative adhesive tape for garments
Dreamfield,protect-nutrients; release-fragrance; contain-substances; prevent-oxidation; extend-lifespan,fragrance-releasing textile
Dreamglass,change state; reduce luminosity; block UV rays; allow light,smart window for privacy control
Dreamshape,shape-body; compress-zone; cut-easily; fray-resist,compression sportswear
Dredged sediment concrete,reduce CO2 emissions; create circular concrete; utilize waste stream,water passing tiles
DreenDesign Collection,enhance-character; create-patterns; stimulate-observation; add-dimension,architectural paving slabs and floor plates
Drenth Metal Weaving,filter-nonmetallic particles; transport-industrial products; weave-fabrics,industrial filtration and transport mesh
Drenth Plastic Weaving,weave-cloth; filter-material; transport-product,industrial filtration fabric
Dripping,create-texture; provide-visual-effect,decorative wall tiles with relief patterns
Drop Papers,marking-indoor; printing-inkjet,fire-resistant indoor signage
Drop Stich Fabrics,produce-fabrics; keep-layers-apart; protect-clothing; resist-fire; resist-abrasion,inflatable docks and boats
Droplet,cast-designs; hand-carved-customize; install-art,custom wall surfaces with artistic designs
Droptec,absorb-shock; provide-drainage,lightweight shock absorbent mats for landscaping
DRT Special Items,create seamless floors; provide anti slip; enhance aesthetic appearance; offer high chemical resistance; enable compatibility with floor heating,design flooring for public buildings
Bio-Thermoplastic elastomer,provide flexibility; offer tensile strength; enable injection moulding; allow extrusion; ensure recyclability,sustainable packaging solutions
Drystack brick system,enable assembly; facilitate reuse; reduce waste; allow disassembly,modular brick construction system
Dual Stencil Process,improve-grip; provide-lightweight; offer-flexibility; enhance-traction; prevent-abrasion,athletic shoe sole
Ductal,flex-ductility; withstand-bending; resist-abrasion; provide-durability; self-heal-sealing,thin architectural facades
DuFLEX lightweight panels,increase-strength; reduce-preparation; ensure-stability,lightweight structural panels for aerospace
Duho-Tex,press-noun; heat-noun; customize-noun,decorative wall panels
Dukta Flexible Wood,create flexibility; provide acoustic benefits,acoustic wall panels
Duotec,fastening-system; attaching-panels; repositioning-material; distributing-forces,fastening façade panels to buildings
Duotone Coloured Glass,mixing-colours; coating-finishes; creating-combinations; allowing-designers,decorative glass panels for interior design
Duplicor® biobased composite,save weight; build circularly; recycle material; provide fire safety; insulate effectively,lightweight sandwich panels for building construction
Durabella Palladiana,recycle-flooring; combine-design; create-bespoke,regenerative terrazzo flooring
DURABELLA seamless terrazzo,provide-floor; enhance-aesthetics; resist-cracking; allow-seamless-installation,entranceway flooring solution
Durabella x Aectual,create floor; offer customizable designs; integrate storytelling; add bespoke branding; shape special places,3D-printed seamless terrazzo flooring system
DuraBook,withstand water; resist stains; enhance printing; create smoothness; provide strength,tear-resistant printed documents
Duralmond,provide aesthetic characteristics; offer water-repellent properties; resist insects; deliver thermal insulation; provide acoustic insulation; ensure fire resistance,biodegradable furniture components
Duramique mineral flooring,absorb-co2; provide-warmth; resist-wear; create-seamlessness; reduce-shrinkage; eliminate-cracking,seamless flooring for industrial spaces
Durapor & Duraseal,provide-decorative surface; resist-solvents; resist-scratches; enable-digital printing,decorative printed panels for interior and exterior use
DuraPulp,provide strength; impart dimensional stability; enhance folding resistance; reduce water absorption,thermo pressed structural components
Durapur,provide-non-slip surface; offer-high mechanical strength; ensure-wear resistance; deliver-thermal insulation; resist-chemical damage,self-leveling flooring for hospitals
Duraskin,provide protection; offer sealing; enable flexibility; resist weather,flexible tensile fabric structures
Durasteel,provide fire resistance; resist moisture; withstand impact; enable flexible installation; prevent flame spread,fire-resistant building facade panels
Durastone Flexible Polished Floors,create-floor; apply-seamlessly; resist-wear; provide-durability,seamless floor finish for public buildings
Durat Palace,provide tactile surface; create color combinations; enable easy fabrication,kitchen worktops and table tops
Durat®,reduce-waste; create-illusion; provide-sustainability; ensure-food-safety; offer-easy-maintenance,kitchen worktops and sanitary counters
Duro loam plaster,provide-thinner layer; apply-quickly; combine-with heating systems,interior wall finish with heating integration
Durodeen,replace-wood; combine-wood; treat-with-tools; sand-down-surface,furniture components
DuroGrit,provide-naturallook; offer-UVresistance; increase-wearresistance; make-water-repellent,outdoor wood oil for terraces and garden furniture
Duropal HPL,provide-durability; resist-abrasion; withstand-chemicals; offer-impact-resistance,kitchen worktop for wet areas
Duropal,provide surface material; create tactile effect; offer optical depth,shelves and furniture surfaces
Durum,provide-surface; infuse-acrylic polymer; fill-surface voids; apply-topcoat,kitchen countertops
Dutch Merino,process-noun; produce-noun; reuse-noun; knit-noun,sustainable garment production
Dutch Mohair,process-wool; produce-garment; reuse-wool; knit-fabric,sustainable knitted garment
Dutch Patine,provide durability; offer aesthetic appeal; ensure breathability,high-end upholstery for furniture
Dutch Wool,provide warmth; offer acoustic insulation; enable sustainable production,locally produced garment
Dyed Polyester Fancy Hairy,weaving-fabric; knitting-fabric; dyeing-fabric; finishing-fabric,textile for fashion apparel
Dyed Polyester Jacquard Structure,weaving-fabric; dyeing-fabric; finishing-fabric,upholstery for furniture
Dyed Polyester Sheer Lace,provide-translucence; create-texture; offer-lightweight; ensure-durability,decorative window treatments
DynamicWall,transfer-image; resist-UV; resist-weather,advertising display panels
E-GLAS,emit-heat; prevent-condensation; melt-snow; provide-comfort,heated glass partition walls
Eastar copolyester 6763,provide clarity; offer toughness; enable easy processing; resist chemicals,bottles for soaps and detergents
Easy Being Green,produce-leather; tanning-vegetable; utilize-safe-materials; return-water,natural leather upholstery for furniture
Ebablock,resist-wear; resist-shock; reduce-waste; shorten-milling times; cast-custom shapes,jointless blocks for industrial use
Ebb,transport-water; guide-water,water management tiles for gardens
ECC,resist-cracking; reduce-weight; enhance-flexibility; allow-sliding,lightweight structural elements for buildings
Ecdel,resist-chemicals; provide-strength; maintain-clarity; allow-extrusion; enable-reusability,high-strength pharmaceutical packaging
EchoPanel,reduce-waste; provide-acoustic insulation; serve-finished design surface,floor to ceiling wall installations
ECI Ceramic Coating,reflect-solar light; prevent-heat conduction; stop-deterioration; resist-weather; save-energy,solar reflective roof coating
Eco-brick,reduce-nonliving space; increase-insulation thickness; serve-finishing layer,exterior wall insulation system
Eco-c1,absorb sound; insulate thermally; resist weather; resist ozone,soundproofing panels for walls and ceilings
Eco-Cem,provide strength; offer durability; support aesthetics,eco-friendly flooring tiles
Eco-Green,provide-slip-resistance; offer-weather-resistance; create-soft-walking-effect,playground safety tiles
Eco-Gres,absorb-light; install-easily; maintain-sustainably,indoor and outdoor flooring and wall coverings
ECO-HPL,reduce CO2 emissions; protect climate; provide recyclability,laminated board for interior surfaces
Eco Range,create imagery; respond directly; illustrate bespoke patterns; reflect surrounding environment; form tiles,eco-friendly decorative tiles
Eco Series Wall Panels,resistant-water; resistant-mold; resistant-insects; self-sustaining-renewable; non-toxic-finish,interior wall and ceiling finishes
Feutralin,absorb-sound; decrease-impact,sound-absorbing flooring system
Eco-Terr,maintain air quality; support mold-free environment; provide durable finish; allow easy cleaning,eco-friendly terrazzo flooring
Eco X extreme concrete,reinforce-strength; mix-color-match; create-custom-color,decorative concrete surfaces
Eco,substitute-natural stone; provide-durability; offer-environmental friendliness,kitchen countertops and bathroom vanities
Ecoben,bonded-panel; laminated-surface; cuttable-material; aesthetic-appeal,partition walls and table tops
ECOBoard,reduce-toxins; emission-free-production; store-CO2,furniture panels for indoor and outdoor use
Ecobrass,allow forming; improve corrosion resistance; provide strength; enable machining,miniaturized structural components
ecoHAB,provide insulation; control strength; achieve soundproofing; withstand high temperatures,lightweight sandwich panels for drywall construction
Ecolan® recycled solid surface,bonding-mineral filler; resisting-chemicals; maintaining-ease; providing-non-porosity; ensuring-food safety,recycled solid surface countertop
EcoLine Brick Slips,reduce-environmental impact; enable-material savings; provide-dimension stability; ensure-consistent shape; integrate-prefabricated systems,façade elements for building exteriors
ecologia Fluido,reduce CO2 emissions; provide high-gloss finish; offer excellent ink adhesion; enable die-cutting; allow thermoforming,translucent packaging materials
ecologia Marmo,reduce carbon footprint; hold ink; transform into sheet form; provide energy efficiency,recycled signage and displays
ecologia Transeco,reduce emissions; offer ink adhesion; provide thermoforming properties; enable die-cutting,recycled packaging materials
Ecolution recycled nylon fabric,save water; provide durability; resist UV; offer breathability,water-resistant outdoor jackets
EconCore 100% bio-based,provide-non-toxic material; reduce-greenhouse gas emissions; enable-biodegradable disposal,honeycomb sandwich panel for building
EconCore Honeycomb,reduce panel weight; laminate skins; provide compression strength,lightweight sandwich panels for automotive
Econcrete,reduce CO2 emissions; provide fire-retardant properties; enhance UV resistance; offer flexible application; ensure high durability,industrial flooring and wall surfaces
Econic,look-like natural linen; feel-pleasant to touch; meet-European fire standard,upholstery fabric for indoor and outdoor use
econitWood,transform-noun; preserve-noun; reduce-noun; eliminate-noun; create-noun,custom 3D printed interior architectural components
Ecopan,gluing-structure; cutting-shape; folding-assembly; coating-barrier,lightweight structural panels for interiors
EcoPaxx,offer performance; provide chemical resistance; reduce moisture absorption; achieve high melting point; ensure high crystallisation rate,high-performance engineering components
Ecopixel,withstand-temperature; customise-appearance; recycle-material,outdoor furniture components
Ecoplex,process-noun; saw-milled; painted-noun; light-weight,furniture panels
WavCor ESP,moulding-panels; gluing-sheets; enhancing-performance,three-dimensional structural panel
Ecosurfaces,provide cushioning; resist slipping; dissipate electrostatic; resist stains,rubber flooring for indoor and outdoor use
ECOwall with recycled PET & polyester,absorb-sound; form-surface; attach-wall; attach-ceiling,3D acoustic wall panels
ECOwall with wool,sound-absorbent material; colourful panel; lightweight structure,3D acoustic wall panel
EcoWorx tile,sustainable-backing; recyclable-backing; efficient-installation; lightweight-shipping,sustainable carpet tile backing
Edgemax,provide-density; offer-stability; enable-installation; allow-customization; support-reusability,floating cork floor tiles
Eelgrass Acoustic Mats,enhance-acoustics; provide-comfort; stabilize-humidity; create-aesthetic; reduce-environmental-impact,interior wall and ceiling cladding
EEUWENHOUT,treat-nonbiodegradable; cover-wall; clad-exterior,weathered barnwood wall sidings
Effect Glass,create-glitter effect; enhance-visual appeal; break-uniformity,decorative glass panels
Effect Varnish,create effects; enhance appearance,decorative surface finish for furniture
EG Wall Panels,create wall; enable creativity; combine texture; combine colour,customizable interior wall coverings
Ege CircleBack,minimise waste; recycle components; transform resources; create new products,new carpet from recycled yarn
Egg bioplastic,create-cups; reduce-waste; provide-protection,biodegradable egg cups
Eggshell-based ceramics and bioplastics,reduce-sintering temperature; improve-material performance; enhance-biodegradability,eco-friendly tiles and insulating bricks
Eggshell Ceramic,create-material; design-art-objects; improve-soil,decorative planters and art objects
Eggshell inlay,inlay-lacquer; create-molds; fashion-forms; apply-layers; polish-finish,decorative vases and bowls
Eggware,create-material; absorb-water; self-extinguish,biodegradable tableware and utensils
Ekoa®,replace-wood; replace-plastics; replace-laminates; deliver-clean-air; provide-high-strength,interior surfaces for furniture and flooring
Ekogrip / Colourgrip,provide grip; offer softness; enable recyclability,anti-slip flooring for fitness areas
EKOlithos board,provide density; offer fire resistance; enable water resistance; allow mass coloring,fire-resistant interior wall panels
Ekotex Clean Air (Schone Lucht),neutralizes harmful chemicals; removes formaldehyde; improves indoor air quality; recycles materials; provides wall finish,air-purifying wallcovering for classrooms
Ekotex Hygiene,provide anti-bacterial properties; ensure higher hygiene standards; offer cost-saving benefits; achieve seamless surfaces; retain active antibacterial properties,hygienic wallcovering system for healthcare environments
Ekotex Magnet Whiteboard,transform-noun; create-noun; hang-noun; apply-noun,presentation wall for meetings and brainstorming
EKOTEX Opposites,provide durability; create wall protection; enhance aesthetic appeal; offer sustainability; withstand wear and tear,high-end wallcovering for commercial spaces
Ekovilla Cellulose Insulation Slab,regulate moisture; prevent heat loss; dampen noise; provide fire resistance,eco-friendly insulation panels for buildings
Elastic Conductive Tape,conduct electricity; provide elasticity; monitor physical condition,smart wearable technology for health monitoring
Elastolite,emit light; provide flexibility; resist water; enable printing; allow durability,keypad lighting in mobile devices
ElceeStone,provide-colours; resist-scratch; mill-wood,interior and exterior surfaces
Electric Plaid,combine-woven electronic circuits; add-colour-change; create-interactive textiles,interactive textile artworks
Electrical Heating Textile,provide heat; enable flexibility; ensure durability,mobile heating garment
Electroluminescent Panel,emit light; illuminate uniformly; increase brightness; resist vibration; allow cutting,animated retail display panel
Electroluminescent textiles,illuminate-electrode; blend-colours; create-pattern; add-texture,interactive light-emitting clothing design
Electroluminescent Wire,glow-alternating current; provide-illumination; coat-insulation layers,decorative lighting for events
Electrolycra,conducting wires; soft substitute; heating garment,heated gloves
Electronylon,provide strength; conduct electricity,wearable electronic sensors
Elements,provide-non-slip surface; enhance-aesthetic appeal; resist-weather effects; offer-durability; facilitate-easy maintenance,large format floor and wall tiles for commercial spaces
Elite Lava,transform-wall; create-decorative border; frame-zones,indoor decorative wall mosaic
Ellisse,diffuse-light; create-effects; increase-impact-resistance; custom-fabricate,shower doors and office partitions
eLM Zero,reduce CO2-footprint; substitute conventional inputs; ensure optimal mechanical properties; enable recycling,ready-mix concrete with net zero CO2-footprint
Eltec,provide rigidity; allow easy processing; enable bonding,custom-made glossy furniture panels
Embossed Leather,provide upholstery; create wall coverings; form leather tiles,upholstered furniture for luxury interiors
Embossed Leather,provide-water-repellence; reduce-overheating; enhance-acoustic-performance; offer-fire-resistance,upholstery for luxury yachts and private planes
Embossed leather,create-patterns; add-looks; enhance-character,three-dimensional decorative upholstery
Embossed printed canvas,create-embossed effect; print-hyper realistic results; glue-layers together; cut-foam rubber,decorative wall art panels
Embrace,shrink-labeling; UV-blocking; chemical-resistance; printability,full-body shrink labels for beverage containers
Embroidered Wool,apply-embroidery; create-patterns; provide-dirt-repellant,magnetic carpet tiles
Emotex,reproduce-surface textures; apply-patterns; resist-corrosion; resist-discoloration,decorative surface finishes for consumer electronics
Enameled Steel,resist-corrosion; resist-heat; provide-easy cleaning; harbor-germs,kitchen appliances and bathroom partitions
End Grain Veneer,seal-open areas; process-veneer; glue-cores; splice-rectangles,furniture surface panels
Endless life,reshape surfaces; redefine surfaces; spray-on application; combine materials; give new life,furniture restoration and enhancement
Engobed brick,cover-noun; join-verb; form-verb,one-story high prefabricated parts for building construction
Enkagrid,stabilize-soil; absorb-dynamic loads; provide-cost-effective solutions,soil stabilization in road construction
Enkair,replace-foam; provide-pressure distribution; conform-body; facilitate-air flow; allow-washing,precision-engineered cushioning materials
Environ Biocomposite,utilizes bio-based technology; offers warmth-feel; cuts-sands-routes-finishes; repels stains-moisture; emits no VOCs,commercial and residential furniture
Environmental Tulle and Power Nets,create basis; meet requirements; combine textiles; offer colours,knitted lingerie and underwear fabrics
EPDM Membrane,provide-waterproofing; resist-ozone; withstand-UV radiation; accommodate-building movements,commercial roofing system
Equitone Linea,play with light; highlight raw texture; resist weather; provide fire resistance,3D-shaped façade system
Equitone materia,accentuate-noun; render-noun; resist-noun,through-coloured facade system
Equitone Natura,displaying texture; providing fire resistance; offering weather resistance,façade panels for buildings
Equitone Pictura,provide façade; offer architectural finish; resist weather; resist fire; resist UV,customized building façade panels
Equitone Tectiva,provide facade; express texture; resist weather; resist fire,exterior building cladding panels
Erlus Titan-silver,assure-resistance; play-light,roofing tiles
Esb Plus elka strong board,meet-norms; process-board; certify-material,sarking board for roof construction
ESD Static Fabric,create-stretchy fabric; control-static; wash-easy; wear-tough,computer cover
Esia Natura Wood,provide decoration; create texture; enhance aesthetics,decorative wall panels
Esprit Nouveau,glazed-noun; polished-noun; fired-noun,wall and floor tiles
Essemplex,exhibit shape memory; process into memory shapes; reconfigure molds; form custom grips; reshape without degradation,"customizable, reusable molds"
Essential Texture,create-structure; suit-application; deliver-decor,interior wall panels
Essentials Metal-art,provide-decorative function; resist-scratch; suit-interior decoration; suit-interior furniture,interior wall cladding with metal finishes
Essentials wood,provide-veneer; weave-designs; resist-scratch; offer-structure,vertical wall panels in reception spaces
EtaProof,breathable-fabric; weatherproof-fabric; durable-fabric,outdoor jackets for sports
"Eterno Unico, Chrono & Terrazzo",enrich-fragments; increase-sustainability; create-colour harmonies; bond-aggregates; pour-in place,flooring finish for interior and exterior
ETFE Colour,provide-novel aesthetics; enable-lightweight construction; offer-UV resistance; ensure-weather durability,architectural facade cladding
ETNA,create-tile; glaze-finish; resist-scratch; maintain-ease,interior wall and floor tiles
Ettlin Lux & Tec,create-3D effect; influence-light distribution; dictate-direction; provide-luminosity; enable-sensor function,dynamic light display panel
euca wood,provide durability; enable reusability; offer aesthetic benefits; allow moulding,acoustic wall panels
Eucalyptus cloeziana timber,replace-nonrenewable hardwood; resist-shipworm; suit-structural applications; dry-easily,transmission pole for electrical lines
Eucalyptus grandis Cross Laminated Timber (CLT),enhance load-bearing; reduce warping; reduce twisting; reduce splitting,cross-laminated timber panels for construction
Eurodekor,provide durability; offer aesthetic variety; enable easy maintenance,kitchen cabinetry and furniture
EuroLight,reduce weight; increase stability; allow creative freedom,tables and softforming elements
EUROPLEX O,manufacturing-orthopaedic devices; thermoforming-low temperatures; machining-standard tools; resisting-chemicals; transmitting-x-rays,orthopaedic device components
EUROPLEX PPSU,provide high impact strength; offer chemical resistance; allow easy sterilization,sterilization cases for medical use
Evalon Solar,produce-electricity; reduce-reflection; cover-roof,solar roof covering
Evans & Brown Wallcoverings,create-wallcoverings; print-realistic; resemble-natural-materials; provide-ease-of-maintenance,realistic wall coverings for interiors
Ever Air Pass,develop-product; stay-warm; keep-dry; transform-perspiration; feel-soft,three-layer fabric for activewear
Ever Dye,create anchoring sites; attach on anchoring sites; boost production capacities; reduce energy consumption,sustainable dyeing process for textiles
Ever Light Rainwear,support-waterproofing; provide-breathability; offer-abrasion resistance; maintain-lightweight,high functional outdoor and sportswear
Ever Visible,provide water-resistance; enable moisture absorbency; reflect light; enhance visibility,high-visibility work clothing
Evergreen,absorb-sound; cooling-effect; enhance-indoor-air-quality; provide-aesthetic,indoor moss wall garden
Everroll,reduce fatigue; absorb sound; provide anti-slip,flooring for fitness clubs and sports facilities
EvoHide™ Mistral,achieve-norm; produce-fabric; tailor-properties; provide-sustainability; resist-fire,upholstery for marine and outdoor furniture
Ex-Static,provide resistivity; cut fabric; sew fabric; wash fabric,grounded bedding and appliance covers
Exciton Collection,reproduce-nature; resist-UV; require-no maintenance; suit-installation,hexagonal marble tiles for flooring
Exclusive 1015 flooring,create-floor; integrate-material; save-energy,textured acoustic flooring
EXIE fibres,provide-thermal insulation; provide-acoustic insulation; enable-faseshift,blow-in insulation for roofs and walls
MicroFibrillated Cellulose,enhance-strength; improve-barrier; filter-performance; reduce-additives,eco-friendly coating for surfaces
ExoGrid,reduce weight; increase strength; enhance design flexibility; dampen vibrations,bicycle frame
Expanded Cork Cocos Isolation,provide-sound insulation; offer-thermal insulation; dampen-acoustic noise; level-surface,acoustic insulation for false walls
Expanded Cork Isolation,insulate-thermal; insulate-phonic; insulate-vibratic,insulation of walls and ceilings
Expanded Meshes,provide structural support; allow airflow; create decorative patterns,architectural facade cladding
Expanded metal mesh,transform-solid; produce-variety; expand-mesh,offshore walkway grating
Expanded Polypropylene,absorb energy; provide cushioning; resist impact; insulate sound; bear load,automotive bumper system
Expanded Silicone rubber,hold gas; prevent moisture; expand into sheets,closed cell sponge rubber sheets
Experience Wood in Faced Panels,create-bespoke interiors; customize-furniture; reflect-natural look; provide-connection to nature; give-natural touch,closets and cupboards for interior design
Experimental Terrazzo,recycle-nonrenewable; create-tiles; enhance-aesthetics,decorative floor tiles with embedded materials
Experimental textile design,create-textiles; manipulate-yarn; embellish-surfaces; weave-fabric; bond-materials,handwoven 3D fabric sample
Exploform,shape-noun; reduce-costs; produce-shapes; mould-noun,relief panels for building facades
Explore Metals Jet,cutting-design; reflective-finish; protecting-resistance; providing-durability; offering-potential,elevator cladding and doors
Extrema,resist-abrasion; resist-light exposure; create-barrier; avoid-smells; clean-easily,upholstered furniture with antimicrobial properties
Extruded aluminium panels,reduce weight; provide strength; allow recycling; enable anodising; offer design freedom,corrugated façade panels
Ezobord,dampen-sound; decorate-space; install-easily; recycle-material,acoustic panels for soundproofing walls and ceilings
Faay,absorb-CO2; regulate-temperature; regulate-moisture; provide-acoustic-properties; provide-fire-resistance; enable-reusability,sustainable partition wall system
FABBACK Colored Acrylic Mirror,reflective-surface; impact-resistant; weather-resistant; scratch-resistant; lightweight,colored mirror panels for interior design
Fabcell,change-colour; display-images; form-shapes; construct-clothing; reconstruct-clothing,dynamic colour-changing clothing
Fabraa recycled upholstery fabric,reduce waste; save energy; save water; lower emissions; provide comfort; ensure strength,upholstery fabrics for furniture
Fabraa Reproper Upholstery Fabrics,turns waste-noun; produces fabric-noun; provides softness-noun; offers strength-noun,sustainable upholstery for furniture
Fabulous Fungi dye,create-pigments; produce-dye; reduce-water; reduce-energy; biodegrade-pigments,biodegradable textile dye for fashion
Fair trade handwoven rug,create-rug; weave-pattern; provide-insulation; offer-comfort,geometric patterned floor covering
Fake boa leather,provide durability; offer flexibility; simulate leather appearance,upholstered seating for furniture
Falcon Glass,provide durability; enable chemical toughening; reduce weight,thin glass for mobile device screens
Fame,shape-fabric; form-fabric; wash-fabric; clean-fabric; retard-fire,drapery for commercial and residential interiors
Fantastic Bioplastic,break down; compostable; biodegradable; recyclable; reusable,biodegradable packaging solutions
Far Out Lace,screen-light; provide-privacy; care-easy,semi-transparent curtains for public spaces
Fashionable Sheers,create-textiles; integrate-organic; provide-tactile-connection; offer-three-dimensional-expression,decorative window treatments
Fassade,provide-aesthetic; ensure-moisture resistance; offer-fire retardancy,sustainable wooden façade system
Fassawall,add-depth; resist-water; resist-UV; resist-fire; provide-flexibility,coloured façade behind glass
FatPad,promote skin regeneration; protect skin; assist treatment,arm sleeve for eczema treatment
FaunaWood,modify-noun; impregnate-noun; reuse-noun; blend-noun; avoid-waste,fence posts made from sustainably managed wood
Faux fur,provide warmth; mimic texture; offer aesthetic appeal,decorative upholstery for furniture
Fauxteak,provide-non absorbent surface; create-realistic teak effect; enable-easy installation; integrate-custom logos,marine deck pads
Feathered Fabrics,remove dust; create fabric; provide warmth; offer breathability; enable softness,interior textile for fashion
Febrik Textiles,adapt-upholstery; reduce-seams; provide-tactile appeal; offer-performance; create-visual effects,upholstered furniture with stretchable fabric
FeelingWood wood fibre insulation,absorb-moisture; transport-moisture; emit-moisture; provide-thermal-insulation; enhance-indoor-climate,flexible insulation board for buildings
FEKE,provide-acoustics; create-aesthetics; customize-dimensions; resist-weather; weave-textiles,hand woven carpet for retail spaces
Felice handwoven carpet,provide warmth; offer comfort; absorb sound; allow flexibility; enable customization,modular carpet flooring system
Felt for Architecture,absorb-sound; provide-warmth; create-texture; resist-fire,three-dimensional carpets and wall hangings
Felt textiles,create-textiles; provide-insulation; offer-acoustics; enable-dividers,space dividers made from felt textiles
Felt,improve-acoustics; absorb-CO2; produce-diffuse light,interior pillows and wall carpets
Feltro Legno,combine-noun; provide-noun; create-noun,natural wool and wood flooring solution
FENIX NTA,provide-surface; resist-scratch; offer-touch; create-coating,kitchen countertop surface
FENIX NTM BLOOM & ARPA HPL BLOOM,enhance-wear resistance; reduce-phenol; provide-sustainability; create-durable surfaces,interior design panels with decorative surfaces
FENIX NTM BLOOM,resist-scratches; heal-micro-scratches; reduce-phenol; provide-acoustic-use; stay-neat,acoustic wall panels for interiors
Fenix NTM (Nano Tech Matt),anti-fingerprint surface; hygienic coating; soft touch finish; self-recovering surface,kitchen countertops
fermacell® floor elements,provide thermal insulation; support underfloor heating; distribute load,underfloor heating system panels
Ferricon,create-pigment; match-characteristics; develop-coating; reorientate-pigments; produce-coating-materials,automotive interior coatings
FF2,minimize costs; resist weather; resist UV; provide strength; enable cladding,ventilated facade cladding system
FFEXX liquid flooring,provide seamless floors; resist chemicals; offer aesthetic appeal; enable flexible use,seamless flooring for medical environments
Fiamma,allowing freedom; woven with thread; resistant to fire,metallic partition wall
Fibernyl,capture-CO2; create-lamps; form-shelf strips; build-displays; produce-routing,sustainable shelf strips and displays
Fiberstone,bonding-veneers; providing-light; protecting-surface,architectural cladding panels
Fibracolour TEX,enhance-decorative qualities; provide-textures; adapt-to-spaces; apply-varnishing; offer-versatility,decorative interior wall panels
Fibralux biobased,reduce CO2 emissions; emit less formaldehyde; suitable for industrial processing; suitable for interior design; suitable for furniture production,interior wall panels for sustainable design
Fibranatur TEX,combine warmth; apply relief finishes; offer dimensional texture,vertical decorative paneling
Fibre C,incorporate-fibres; allow-construction; provide-strength; enable-dyeing; offer-finish-options,thin concrete slabs for architectural use
FibreForm,shape-embossing; shape-press forming; shape-thermo-forming; provide-printability,embossed packaging for food contact
FibreLite,adds-paper look; suits-flexo printing; contains-no iso-cyanates,food packaging materials
FibreStrap – the Sustainable Cable Tie,replace-noun; offer-noun; reduce-noun; secure-noun; attach-noun,biodegradable cable tie for bundling
Fibrimat,improve comfort; reduce noise transfer; provide thermal insulation; offer bio-sourced alternative,acoustic underlay for flooring
Fibrolon,convert-components; injection mold-complex profiles; reinforce-strength; enhance-stiffness,automotive interior components
Field,create accent; conserve material; change color; form installations,grass wall for interior design
FieldTurf,provide durability; ensure safety; reduce maintenance; simulate natural grass,artificial grass for sports fields
Fielitz,minimise-weight; offer-solutions; produce-geometries; enable-machining; manufacture-profiles,lightweight structural frameworks
Fileo,provide durability; offer biodegradability; allow mouldability; enable decorative printing,interior furnishing panels
FILIE® Foam,provide shock absorption; offer cushioning; promote circularity,automotive interior padding
FILIE®,promote-circularity; offer-sustainability; serve-as-leather-alternative,automotive interior components
FilzFelt,provide-thermal insulation; provide-acoustic insulation; resist-moisture; extinguish-flames,acoustic wall panels
Fineline Panel,provide-nonload bearing support; create-decorative surfaces; enable-wall cladding; allow-ceiling cladding,interior wall and ceiling paneling
Fineo vacuum insulating glass,insulate-thermal; reduce-weight; improve-acoustic; enhance-daylight,vacuum insulating glazing for window renovation
Finett Dimension,provide-wear resistance; achieve-colour effects; reduce-weight; enable-easy removal,lightweight carpet tile
Finex 3D,support-noun; recover-noun; facilitate-noun; resist-noun; provide-noun,stretch fabric for activewear
Finiglas,laminate-board; print-decor; combine-materials,laminated architectural glass panels
Finti,improve-insulation values; enhance-durability; increase-dimensional stability,window frames and doors
Fire retardant coating system (exterior),enhance fire safety; provide long-term durability; offer colour customisation,fire-retardant treatment for timber façades
Fire retardant coating system (interior),enhance fire safety; preserve natural appearance; improve reaction to fire,fire-retardant treatment for interior timber surfaces
Firetight®-Firetape,provide-fire-resistance; create-airtight-seal; offer-thermal-insulation,fire-resistant sealing tape for building components
First Circular Insulation,provide insulation; offer eco-friendly alternative; align with circular construction goals,biobased insulation for sustainable buildings
Fiscagomma,mimic-leather; provide-durability; offer-aesthetic-appeal,upholstery for commercial interiors
Bricola collection,fill-gaps; capture-bubbles; sculpt-surface,decorative furniture piece
Fishy Filaments,transform-nets; provide-solution; track-polymers; confirm-evidence; process-materials,3D printer filament for custom products
Fixcrete,create-surface; resist-liquids; retain-features; colour-shades; allow-creation,decorative garden shower
Flameprotect Compact,fire-resistant board; non-combustible panel; decorative surface,fire-resistant decorative wall panels
Flamexx,offer-fire protection; combine-materials; meet-standards,flame-retardant composite boards for construction
Flamline decorative non-flammable fabrics,provide-fire-resistance; enhance-acoustics; create-dividing-panels; offer-decorative-design,acoustic and fire-resistant dividing panels
Flaster Tiles,reinforce-structure; resist-weather; provide-durability; maintain-aesthetics; reduce-maintenance,floor and wall tiles for interiors and exteriors
FlatCor,moulding-panels; enhance-properties; increase-performance,flat sheets of pressure-moulded boards
Flax Oil Paint,binds pigments; provides adhesion; creates a matte finish; offers weather resistance,eco-friendly wall paint
Flax-reinforced composite materials,reinforce-composite; provide-sustainability; replace-fibreglass,sustainable surfboard construction
Flax wall core,provide insulation; offer fire resistance; support construction,interior wall panels for buildings
Flax wallpaper,absorb moisture; release humidity; provide insulation; ensure durability; offer tear-resistance,natural wall covering
Flax,absorbent-properties; high-durability; tensile-strength; tear-resistant; eco-balance,high breathable roofing membrane
Flaxco flax composite,reinforce-composite; absorb-vibration; absorb-noise; provide-strength; provide-stiffness,automotive interior panels
Flaxcomposites,absorb-water; release-water; create-lightweight-panels; provide-acoustic-properties; enhance-aesthetic-properties,decorative acoustic panels for home interiors
Flaxline,provide rain barrier; act as housewrap; resist water; allow vapour permeability; offer insect protection,roofing underlay for buildings
FlaxTape,enhance-vibration absorption; provide-mechanical properties; reduce-weight; improve-aesthetic aspect,composite parts for automotive structures
Fleece ’n ’Flex,provide stability; enable shaping; reduce costs,multi-dimensional veneered surfaces
Flex-Plain CS S-2003,covering-non permanent deformation; projecting-light orchestrations; stitching-fabric; cutting-fabric; welding-ultrasound,partition wall coverings
Flex-Plain CS S-2004,provide elasticity; offer flame retardance; enable flexible coverings,partition wall coverings for events
Flex-Plain CS Typ 03,permit design; allow malleability; create curving walls; enable backlighting; provide sharpness,covering for partition walls
Flex,guarantee-high technical performances; combine-comfort; provide-fast drying times; resist-atmospheric agents; resist-UV rays,outdoor cushion for seating
Flexene,offer-thermal insulation; offer-sound insulation; allow-bending; allow-twisting; provide-lightweight structure,curved wall and ceiling cladding
Flexglass Decor,provide strength; offer resistance; enable printing; allow bending; support durability,decorative glass panels for interior design
Flexible Sandstone,bond-noun; decorate-noun; design-noun,wall and floor coverings
Flexible Wood Covering,provide adhesive; allow flexibility; offer resistance,interior wall covering
Flexint,offer-good structural properties; provide-elasticity; suit-laying flexible surfaces,rubber-like flexible sports flooring
Flexipan,fit-noun; install-quickly; create-joint-free,curved wall paneling
FlexSandStone,create-nature look; follow-contours; lay-seamlessly; process-3D shapes,decorative wall surface
Flexwood,shape-bending; glue-treatment; cut-easy,footwear components
Flexzorb activated carbon cloth,adsorb-liquid; adsorb-gas; custom-manufacture-structure; laminate-composite; impregnate-chemical,air and water purification filters
Floating Nature collage,encapsulate-plant material; create-wall panel; provide-translucence,decorative wall panel with plant inclusions
Flock,create decorative surface; provide waterproof characteristic; impart fire-resistant property; offer abrasion resistance; apply antibacterial finish,waterproof automotive interior
Flocked with textile,enhance-wall coverings; customize-logos; resist-impact; meet-standards; washable-surface,customized wall coverings with embossed designs
Flocus kapok fleece,insulate-fabric; reduce-synthetic products; provide-soft touch,natural insulation fabric for bedding
Flood,collect-water; filter-runoff; allow-drainage; accommodate-rainwater,water filtration and storage tile
Flosing glass,superimpose-glass; decorate-glass; manufacture-fusing,decorative glass panels
Flotex Vision,absorb sound; provide comfort; protect against mildew; prevent odours,acoustic flooring for hospitality spaces
Flow,create wall; provide surface; enhance aesthetics,sculptural wall panels
Flower Massionite,embed-organic decoration; create-new look,decorative hardboard panel
Flower Power wall paint,reduce carbon footprint; eliminate titanium dioxide; biodegrade without microplastics; provide natural pigments; dry opaque,sustainable interior wall coating
Flowing Art,provide-flooring; allow-installation; resist-UV; offer-flexibility; ensure-durability,seamless poured flooring for public buildings
Flowstone,binds aggregates; provides fluidity; ensures self-compaction; achieves strength,self-compacting concrete structures
Fluor Band,enable-colours; illuminate-works; bring-spaces; interplay-colour-light,fluorescent decorative band for art installations
Fluxus,cover-surface; create-structure; provide-lighting,handmade glass lighting sculpture
foam Andrea Valentini,hold-textile; protect-textile; caress-textile; washable-textile; lightweight-textile; durable-textile,sculpted textile for protective coverings
Foam Inventions,manufacture-product; provide-durability; ensure-lightweight; resist-vandalism,lightweight durable storage solutions
Foam Railing,provide-structure; offer-resilience; enhance-aesthetics,safety railing for public spaces
FOAMALITE®,provide print substrate; offer dimensional stability; deliver colour fidelity; ensure scratch resistance,display board for exhibition booths
Foamglas,insulate-waterproof; resist-heat; resist-acid; resist-insect; resist-verm; resist-rot,thermal insulation for building walls and roofs
Foglizzo Folds,folded-structure; permanent-shape; three-dimensional-texture,pleated upholstery for furniture
Foldcore,manufacture-structure; offer-stiffness; provide-strength,structural sandwich core for lightweight panels
Folded Concrete,break down-noxious substances; transform-harmful pollutants,textured external facade tiles
Folding A-Part,create-sculptural shapes; allow-curved designs; enable-folding patterns,three-dimensional textile wall coverings
Foldtex,coat-tear-proof layer; score-flexible layer; transform-foldable structures; combine-stability; allow-customization,foldable furniture design
Food Waste Pigment,create-pigment; transform-dye; combine-dye; make-pigment; apply-pigment,natural alternative inks for graphic workshops
Foodmeshes,provide-n protection; offer-n reusability; ensure-n economic efficiency,food transport and handling mesh
For Greener Pastures,transforming-waste; retaining-quality; recycling-loop,hard building material for furniture design
For the sea,adsorb carbon dioxide; neutralise pH; regenerate ecosystems; deacidify marine environments,beach activity objects for marine ecosystem restoration
Force wallpaper,provide aesthetic; create texture; offer design flexibility,decorative wall covering
Forestlines®,combine-noun; promote-noun; achieve-noun; minimise-noun; support-noun; allow-verb,timber cladding for building facades
FOREX®,provide substrate; offer surface properties; focus on economic considerations,signage and display boards
Forj Thermoplastic Tape-Ribbon,repair-tools; create-grips; fix-equipment; self-bonding; hardens-bond,repairing fishing rods
Formcard,melt-reshape; reuse-modify; stick-plastic; stick-wood,customized repair tools
ForMetal Varius,transform-noun; shape-noun; reshape-noun,three-dimensional decorative objects
Formica® Color Laminates,provide-surfacing; enhance-aesthetics; offer-durability; resist-scratching; withstand-chemicals,interior door surfaces
Formica® Doors Collection,offer-solution; provide-resistance; feature-colours; include-sizes,interior door design
Formica® Washroom Collection,offer-durability; provide-hygiene; resist-stains; resist-water; enable-easy cleaning,toilet and shower cubicles
Fortis Arbor Wood Mosaics,provide warmth; offer durability; create unique installations,decorative wall and floor mosaics
Forza recycled fabric,weave-textile; produce-upholstery; save-water; reduce-CO2,colorful upholstery collection
ForzGlaze,customise-colour; customise-gloss,ceramic glaze for building projects
found space tiles,encourage interaction; provide support; stimulate pressure points; fit like a garment,interactive wall tiles for physical engagement
Fractal Aluminium sheets,design-noun; manufacture-noun; create-noun,decorative interior panels
Fractalis Effect Paints,apply-wall; create-effects; provide-finish,decorative wall coating
Fractalis Glass collection,provide-high hardness; create-metallic texture; offer-translucent texture; enable-sandblasted texture; produce-iridescent finish,architectural glass components
Fragments of the Past,reduce-need for virgin aggregates; promote-sustainable resource use; allow-molding into various shapes,decorative objects and furniture
Fraké Noir,provide-durability; enhance-aesthetics; resist-impact; allow-personalization,exterior façade cladding
Framax laser cutting technology,cutting-edge; engraving-fabric; highlighting-characteristics,customized fabric designs with laser cutting
Framilon,provide elasticity; improve fit; allow movement; enhance comfort,elastic seam binding for garments
Freek Outdoor Carpet,provide-comfort; resist-weather; facilitate-cleaning,outdoor carpet for terraces and balconies
Freestile Venice,enhance-acoustics; reduce-particulate matter; provide-slip resistance,acoustic carpet tiles for flooring
Fringe fabric,provide-acoustics; serve-as-wallcovering; add-visual-interest,acoustic wall panels
From Ash,increase mechanical properties; act as binder; create economical material; provide thermal resistance,alkali-activated geopolymer concrete
From banknotes to textiles,recycle-fibres; produce-textiles; sustain-usage,sustainable textile production from recycled banknotes
From Insects: Wooden Leather,create material; layer paper; apply varnish,furniture design
From Stone to Glass,resistant-shocks; undergo-temperature changes; recyclable-colours; sustainable-alternative,high jewellery components
From the Underground tiles,recycle-waste; cast-tiles; refurbish-tiles,tiles for metro station walls
Fruit & veggie paper,create-paper; provide-texture; offer-biodegradability; allow-customization,handmade decorative paper sheets
Fruits,adapt-covering; resist-sunlight; washable-machine,high-end upholstery for indoor and outdoor use
Fruitwood,provide strength; offer smoothness; resist scratching,3-layer wooden panels for furniture
Frumo,self-healing material; biodegradable; repairable; three-dimensionally moulded,self-healing furniture and flooring
Fucina,create-tile surfaces; provide-iridescent effect; resist-frost; withstand-breakage load,decorative wall and floor tiles
Fujifu wisteria fabric,weave-fabric; spin-yarn; combine-yarns; manufacture-obi,high-end kimono sash
Fun Fur New,provide softness; offer flammability resistance; enable visual appeal,soft faux fur for clothing and accessories
Fun Fur,soft-nature; flame-resistant-property; textile-application,handbags and cosmetic bags
Fungi Force,block-solar radiation; protect-wood; regulate-moisture; repair-biofinish,matte black protective layer for exterior wood
FUR concrete wall tile,create-surface; invite-touch; provide-durability,textured wall cladding for interiors and exteriors
Fused glass,create-panel; add-colour; design-abstract,architectural glass panels for interior design
Fusion Metal,provide anti-slip; enhance aesthetic; resist weather; offer durability,floor and wall tiles for raised floor systems
Fusion Wood Panels,provide aesthetic; offer durability; enable customization; create texture,architectural wall panels
FuturePrint,transfer-image; dissolve-ink; create-individual-look,custom printed automotive parts
Fuzioglas,laminate-noun; withstand-noun; cover-noun,interior wall tile design
FytoPanel,convert-waste streams; create-sheet material; laminate-sheets; cut-shapes,decorative wall finishes
G.tecz Floral Print,transform-look; create-imprint; provide-strength; offer-insulation,decorative concrete wall panel
Gagecast,provide decorative surfacing; feature high luster; offer pattern depth; ensure durability; allow cost effective installation,elevator cab interior surfacing
Galaxy,provide compression; enhance vibrancy; offer soft touch,fashionable athleisure leggings
Galaxy,provide-quality; ensure-cleanability; resist-stains; resist-chemicals; resist-bacteria; perform-durably,contract grade wall covering
Gama Duo Collection 2020-2022,create-nonuniform spaces; provide-textural variety; offer-personalization options,interior wall paneling design
Gama Duo Nude Texture,provide-matt finish; offer-soft touch; inspire-natural aesthetics,interior wall panels
Garmento Boards,provide flame-retardant properties; offer water-resistant features; create wall panels,decorative wall panels for interiors
Gaudenzi,manufacture-plates; punch-perforations; create-decorative elements,mechanically stamped decorative panels
GECKO adhesive textile,adhere-surface; provide-privacy; offer-glare protection; allow-removal,window privacy screen
Gel Pal,relieve joint pressure; provide body support; offer comfort; remain soft,cushioning material for joint support
Gelatine Bioplastic,create-jewellery; offer-solution; transform-shapes; assume-colours; recycle-material,biodegradable jewellery
Geni-us,control-moisture; purify-air; improve-acoustics,three-dimensional wall covering
Geo Slate,rethink-usage; create-material; show-potential,modular facade tile system
Geocell Glass foam,insulating-material; load-bearing-capacity; moisture-resistant; fire-resistant; lightweight-structure,thermal insulation layer under floor slabs
Geocomposite geogrid-geotextile,filter-fluid; drain-water; substitute-material,geodrain system for environmental works
Geodesia,provide warmth; offer resilience; create geometric designs,three-dimensional decorative fabric
Geofil-Bubbles,improve-concrete properties; provide-heat insulation; provide-sound insulation; add-fire resistance,insulation in hollow walls and foundations
Geology,cut-veneer; reinforce-backing; bend-cover,interior wall and ceiling panels
Georiflessi,glazed-tile; resist-scratch; resist-UV; resist-weather,decorative bathroom wall tiles
GeoStylistix Stone Strips,support-facades; reduce-environmental impact; provide-dimension stability; require-limited maintenance,architectural cladding for building façades
GetaCore solid surface,create-smooth surfaces; offer-hygienic properties; resist-heat; allow-thermoforming; enable-seamless joints,free-form desk surfaces
Giant Hogweed wallpanels,transform-wasted material; handcraft-wall tiles,biological interior wall tiles
GIRIA Tree bark biocomposite,create-object; recreate-colours; evoke-textures; foster-connection,small-scale furniture facades
GKD Crystal,provide-transparency; create-mesh; enhance-aesthetics,decorative architectural screens
GKD,support-noun; provide-flexibility; achieve-transparency,architectural mesh facades
Glacier and Honeycomb glass,create-textures; achieve-colour; form-objects,wash basins and tables
Glam-Glass panels,provide-light; offer-strength; allow-customization,structural laminated panels for interior and exterior use
Glamé,provide scenic effects; create lightweight structures; offer fire resistance,theatrical stage backdrops
Glamorous leather,laser-cutting-leather; brushing-leather; embossing-leather; finishing-leather,luxurious upholstery for furniture
Glamour,improve fit; provide comfort; resist stains; protect against UV rays; retain qualities,activewear garments
Glare,enhance-damage tolerance; improve-corrosion resistance; reduce-weight; tailor-material properties,aircraft structural components
Glasio acoustic glass,absorb-acoustic energy; attenuate-sound; bond-heat; shape-bent,acoustic panels for indoor spaces
Glass Beads,grinding-medium; dispersing-process; minimizing-wear,grinding media for paint and ink production
Glass block,bond-noun; create-noun; stand-noun,cylindrical memorial structure
Glass brick by Poesia,provide-structure; offer-translucence; enable-light-diffusion,decorative wall partition
Glass Brick,provide-translucence; resist-weather; resist-scratch; absorb-water,translucent wall feature
Glass Colors,protect-noun; allow-easy maintenance; absorb-zero; covering-wall; covering-flooring,waterproof wall and flooring tiles
Glass Foam,insulate-sound; insulate-temperature; absorb-water; retain-water; resist-fire,acoustic insulation panels for interior spaces
Glass full colour,apply-coating; decorate-image; provide-alternative,decorated shower wall panels
Glass Inspiration,reduce solar heat gain; reduce glare; add textile structure,facade or roof element
Glass mosaic,create decorative surfaces; provide aesthetic appeal; resist weather conditions,mosaic wall tiles for indoor and outdoor use
Glass Polymer,offer-design; provide-clarity; ensure-impact-resistance; enable-easy-processing,cosmetics and personal care packaging jars
Glass with Shells,integrate-shells; laminate-glass; provide-translucency; create-glossy-effect; seal-edges,decorative glass tabletops
Glass2,resist-weathering; clean-easily; repair-scratches; resist-stains; resist-bacteria; resist-heat,kitchen countertops and bathroom vanities
Glass2Style,embed-materials; print-designs; provide-durability; allow-customization,kitchen backsplash
Glassiled,block-UV light; enable-light integration; protect-LED connections; provide-adhesion; absorb-UV light,laminated glass with embedded LEDs
Glassique,replace-noun; isolate-verb; save-verb,replacement glass for historic windows
GlassKote,fixing-colour; screen-graphics; providing-durability; offering-strength; retaining-colour,splashbacks in kitchens and bathrooms
Glassworks,reflective-qualities; textured-tiles; translucent-tiles; abstract-designs; iridiscent-effect,decorative interior wall tiles
GLASSX crystal,insulate-heat; protect-overheating; convert-energy; store-thermal,energy-efficient double-glazed window
Glazed Ceramic Iridescent,add-colour; create-gloss; provide-frost resistance; enhance-durability,building facade cladding
Glazed Ceramics in Various Blue,create-glass layer; adhere-finished clay; provide-frost resistance; pass-impact tests,decorative wall tiles
Glitter,provide-stretch; offer-protection; ensure-breathability; resist-stains; resist-pilling; dry-quickly,swimwear and activewear fabrics
Global Collection and Mosa Colors,unlocking creativity; empowering designers; transforming interiors; ensuring flexibility; enhancing aesthetics,wall and floor tile surfaces
Globo-X,create-textured surface; design-custom forms; provide-lighting elements,textured wall coverings
Glossop & Girmo fabric,resist-abrasion; resist-tear; provide-bending strength; provide-tensile strength; resist-chemicals,waterproof outdoor clothing
Glow-in-the-dark coatings,apply-waterproof; provide-breathability; repel-water; glow-in-the-dark,waterproof breathable sportswear
Glow In the Dark,emit light; glow persistently; activate color,glow-in-the-dark toys
Glowway,illuminate-tile; guide-people; blend-escape routes; mark-surface,self illuminating safety tiles for emergency exits
Gluetex Biovate Wallcovering,self-adhesive wallcovering; easy to mount; scratch resistant; impact resistant; hygienic material,biobased contract wallcovering
Gold Mosaic,fuse-nonmetal; create-visual effects; resist-water; resist-heat; resist-shock; resist-chemical,decorative wall and floor tiles
Golden Tile,provide aesthetic; offer durability; create luxury,luxury wall and floor tiling
Golf Romeo small,provide-aesthetic design; cover-facade; protect-sun; decorate-interior,architectural mesh for facade covering
GoodCatch,self-adhering fastening; soft texture; silent operation; strong grip,temporary fastening solutions in apparel
Gounda fabric,provide water repellency; offer moderate fire resistance; ensure good UV resistance; maintain light weight,water-resistant outdoor clothing
Govaplast,replace-wood; produce-profiles; improve-durability; provide-non-slip,decking and fencing systems
Gradient,provide firmness-textile; create gradient-effect; enable embroidery-yarn; enhance beauty-textile,decorative textile for rituals
Graepel,perforate sheets; provide unique look; manufacture custom pieces,safety stairs with perforated design
Gramitherm®,extract-juices; secure-utilisation; offer-protection; absorb-sound; produce-concentrate,insulation material for roofs
Limas Mango Grand Pyramid,provide-naturality; create-coziness; offer-durability; enable-easy maintenance; allow-easy application,decorative wall panels
Grandezza Antique brass,create-designs; produce-effects; apply-coating; achieve-luster,decorative wall and ceiling finish
Grandezza Corten steel,create-designs; produce-effect; apply-coating; achieve-lusters,metallic wall and ceiling finish
Grandezza Seamless Metal-Effect Coating,create-surface; enhance-aesthetic; provide-durability; allow-customization; achieve-textured-finishes,metallic-effect wall finish
Granite Deep Mat,provide structural support; resist weathering; offer aesthetic appeal,external cladding for buildings
Granite Quartz,reflecting-light; resisting-scratch; providing-texture,countertops with crystalline finish
Granite Silky Shine,enhance-visibility; provide-scratch resistance; allow-easy cleaning,high-gloss façade systems
Granite,provide-noncombustible cladding; offer-aesthetic finishes; enable-durable roofing,building exterior cladding system
AmbientPro+ graphene paint,decomposes contaminants; retains CO2; reduces odours,photocatalytic paint for building façades
Graphic Concrete,apply-patterned finish; manufacture-textured surfaces; enable-architectural design,patterned exposed-aggregate concrete surface
Graphic Relief – Photographic Detail,create-surface reliefs; produce-photographic detail; cast-metallic finishes,luxurious surface reliefs for interior design
Graphic Relief,create-surface reliefs; pour-liquid material; alter-colours and finishes,luxurious surface reliefs for interior design
Graphical Facade Coating,apply-noun; design-noun; coat-noun; spray-noun,decorative building facade
Grass & Leaves,laminate-glass; create-atmospheres; transmit-light,decorative glass panels
Grass rug,provide warmth; offer comfort; enhance aesthetics,decorative area rug for living spaces
Gravel Floor,create seamless surface; add after glow effects; provide safety features,photoluminescent gravel flooring
Gravity Mosaic,offer-aesthetic strength; provide-textured finish; combine-with ceramic tiles,decorative wall mosaic design
Green Blade veneer,replace-wood veneer; provide-sustainable alternative; utilise-waste product,interior wall paneling
Green Cast®,offer-color; provide-thickness; enable-innovation; combine-elegance; prioritize-sustainability,architectural panels with customizable colors
Green Panel,combine-strength; provide-stability; reduce-weight; comply-conditions,lightweight structural panels for interior use
Greenful Panel,load-bearing panel; waterproof material; mould proof surface; durable construction,load-bearing construction panel for walls and flooring
#GREENGRIDZ,reduce-CO2 emissions; create-furniture panels; upcycle-active carbon,desk and table tops
Greenpanel Negro,provide-weight-resistance; combine-strength-stability; allow-use-standard-fittings; create-aesthetic-element,wall panels for interior decoration
greenSand,reduce-CO2; provide-sand; create-paving stones,paving stones for outdoor surfaces
Greensulate,provide insulation; reduce environmental impact; support construction,above-ground exterior insulation panels
Grei line,reduce sound; bonded fabric; insulate floors,insulation for floating screed in buildings
Grey MDF – Fibracolour Gris,create-board; provide-aesthetic-effects; ensure-strength; guarantee-colour-consistency,office furniture and dividing walls
GRIP Metal,bonding-mechanical; providing-durability; distributing-load,metal-clad laminate panels
GRP Profiles,resist-corrosion; resist-weather; reduce-weight; provide-strength; enable-rapid machining; minimize-maintenance,structural profiles for building facades
Gum-tec®,recycle-noun; process-noun; manufacture-noun,waste gum disposal receptacles
Gyproc A plasterboard,create-nonload bearing walls; provide-fire protection; offer-acoustic insulation; allow-painting or wallpapering,interior walls and ceilings
H-bite Sailcloth,provide strength; ensure durability; maintain shape; offer lightweight,high-performance sailing sails
H13/013,provide aesthetic; achieve magnetic effect; enhance durability,interior design elements for shops
Haava & Uni,provide insulation; offer durability; enhance aesthetics,knitted fabric curtains
Habitus Cork Mosaic,insulates surface; resists water; provides sound-proofing; creates non-slippery finish,bathroom floor and wall tiles
Hairexcel® – 60,provide durability; resist ultraviolet radiation; maintain color stability; offer abrasion resistance; enhance aesthetic appeal,exterior facade cladding for buildings
Hairy,provide decorative element; resist liquids; resist dirt; allow customisation,decorative upholstery for furniture
Halusite,allow filtered light; provide stability; offer rigidity; enable shaping options; resist UV exposure,glare-free sun protection panels
HAND CRAFTED LIME PLASTER,apply-noun; design-noun; adapt-architecture,custom lime stucco plaster for facades
Hand loomed leather & silk,weave-noun; dye-noun; cut-noun,handwoven textile for upholstery
Hand-marbled fabrics,apply-patterns; biodegrade-material; create-unique-designs,decorative wall hangings
Hand woven Fabric,create fabrics; use fabric,three dimensional room dividers
Handmade elephant dung paper,provide jobs; create paper; reduce waste,sustainable stationery products
HANDMADE NATURAL RUGS,minimize-impact; provide-decoration; harvest-manually; weave-by-hand,biodegradable area rugs
Haptic 2.5D printing,create-embossed effects; allow-customisation; enable-on-demand printing; provide-UV resistance; ensure-waterproofing,textured wall designs with dimensional effects
HaRiMex tube,provide grip; indicate color; offer aesthetic effect,handrail tube for public spaces
Havvalon,embed-nature; provide-decor; resist-heat,decorative wall panels
Haze,provide-structure; offer-durability; enable-processing,custom metal panels for building finishing
Healthcare & transportation fabrics,create-fabrics; meet-requirements; provide-waterproofing; ensure-flameproofing; offer-stainproofing; resist-germs,dementia friendly healthcare upholstery
HeartFelt,provide-nice acoustics; create-visual appeal; offer-sustainability; allow-flexibility,modular acoustic ceiling system
Heat Treated Carpet,manufacture-board; produce-waste; resist-staining; provide-durability; ensure-waterproofing,interior and exterior wall panels
Heated fabric,provide-heating; control-temperature; resist-washing,heated gloves for cold weather
Heath Tiles,glazed-noun; designed-noun; manufactured-noun,decorative wall and floor tiles
Piezoelectric Haptic Actuator,create-haptic feedback; provide-tactile feedback; generate-haptic patterns; control-sensation intensity,haptic feedback system for handheld devices
HelenAmyMurray,hand-dyeing colour; upholstering furniture; creating custom designs,upholstered furniture and wall coverings
Helicone HC,create colour effects; lend individual look; offer colour design possibilities; maximize ease of processing,decorative coatings for consumer products
Hemp concrete,provide insulation; remove carbon dioxide; offer fire resistance,thermal insulation for building walls
Hemp fiber nonwoven mats,absorb-water; release-water; provide-reinforcement; act-as-growing-medium; serve-as-underlayment; offer-erosion-protection,composite reinforcement mats
Hemp fur,provide warmth; offer vegan alternative; create soft texture,lining for winter coats
Hemp insulation,provide-thermal insulation; provide-acoustic insulation; treat-fire resistance,thermal and acoustic insulation rolls for buildings
Hemp panels,replace-wood; replace-plastic; provide-lightweight; provide-strength,lightweight structural panels
Hemp Shag,provide warmth; offer comfort; absorb sound; resist scratches,hand woven carpet in various colors
Hemp,infuse-acrylic polymer; fill-surface voids; machine-fabrication; apply-topcoat,countertops and wall paneling
HempFlax Nature Insulation,absorb-water; release-water; provide-insulation; generate-climate,acoustic insulation mats for buildings
Hempstatic®,improve acoustics; reduce emissions; enhance durability; support reusability; provide fire resistance,modular wall and ceiling panels
HempWood® Natural Flooring,bind-adhesive; compress-form; cut-veneer; adhere-veneer; install-ease,engineered flooring with tongue and groove profile
Hévé textile,coating-textile; providing-structure; enhancing-aesthetics,upholstered furniture for interior design
Hexaben,bonded-panel; light-weight; high-stiffness; transparency-value; aesthetical-finish,indoor architectural design panels
Hexal,provide deformation resistance; reduce thickness; maintain strength,light fixtures for showrooms
Hey Jute fabric,provide cushioning; obtain structure,long cushion for seating
Heytex Sign,provide-nontransparent; enable-digital printing; ensure-optimum presentation,large format advertising banners
HI-MACS Nederland,create-smooth surface; meet-hygiene requirements; allow-seamless joints; enable-ease of repairability,solid surface countertops
Hiendl NFC,reinforce-plastics; achieve-rigidity; create-property-profiles; provide-formability,lightweight structural components
High Gloss Poured Surfaces,create-smooth surfaces; provide-waterproof performance; offer-UV resistance; ensure-high gloss,waterproof high gloss wall finishes
High-Tech Stone,replicate-process; resist-wear; resist-abrasion; resist-frost; resist-chemicals,flooring and wall tiles
Himalayan Salt Block,ionize air; clean air; regulate blood pressure; create bacteria-free environment,interior air purification system
Himalayan Salt,release-negative ions; create-bacteria-free environment; regulate-blood pressure; balance-blood sugar; purify-skin,sauna wall tiles
HIPEX®,extrude-sheet; form-sheet; bend-cold; thermoform-complex,UV-resistant outdoor signage
Historical Tiles,provide-flooring; offer-design; seal-surface,historical tile flooring
Hollandfelt Wool felt,improve-acoustics; repel-moisture; provide-insulation; reduce-flammability,acoustic wall coverings
HoloPro,enable-projection; create-information-areas; structure-room,front projection mirror screen
HoloSign,break up white light; divert spectral components; illuminate fixed motifs,holographic facade displays
HolyPan Finished,reinforce-panel; lightweight-structure; protect-surface,thermoplastic sandwich panel for architectural design
HolyPan Composite,reinforce-panel; lightweight-structure; environmentally-friendly-material,thermoplastic sandwich panel for architectural design
Holz in Form relief panel,embossed-panel; developed-veneer; resin-bonding,interior design wall paneling
Holz100,recycle-noun; biodegrade-noun; construct-structure,building elements for homes and offices
Homastone,bend-forms; coat-surface; decorate-interior,wall panels for interior decoration
HONEXT® Panel,absorb-sound; resist-moisture; resist-fire; reinforce-bonds,acoustic interior wall panels
Honeycomb core,provide-light-transmission; offer-high-stiffness; ensure-light-weight; allow-isolation,transparent facade panels
Honeycomb Paper Board,reinforce-structure; increase-efficiency; conserve-resources; save-costs,lightweight structural panels for walls
Honeycomb,hide-ceilings; respect-security-standards; integrate-public-spaces,decorative ceiling panels for indoor use
Horsehair Weaving,weave-fabric; manipulate-bunches; create-textures; develop-techniques,woven upholstery fabric for installations
Hot Stamping Foils,transfer-lacquer; activate-adhesive; produce-bond; serve-transport,decorative finishes on greeting cards
HOTwood essen Uni line,support-cladding; enhance-appearance; simplify-installation; improve-stability; allow-reusability,timber cladding for building façades
HP Nylon Plastic,fuse-noun; produce-noun; print-noun; strengthen-noun,drone parts and mechanical fixtures
HPL and HPL veneer full colour,create-niche designs; provide-personalization; enhance-aesthetics,customized interior wall panels
HSB Bioboards,create microclimate; reduce moisture accumulation; silence rooms; provide thermal insulation; bond with protein glue,lightweight dry construction panels
HT coating for ceramic tiles,make surfaces easier to clean; prevent formation of pathogens; eliminate unwelcome odours; create self-washing effect,high-temperature baked ceramic tile coating
Hugging Clayrolls,invite-people; reinforce-effect,tactile paving tiles with patterns
Huguet recycled terrazzo,replace-aggregates; create-unique product; last-hundred years; repair-product,flooring tiles for architectural spaces
Human hair rope,reduce waste; create objects; provide insulation; absorb oil,utilitarian tools and objects
Husk,reduce-waste; provide-insulation; create-surface,mosaic tile and solid surface countertops
Husque,grind-particles; meld-shapes; form-objects,handcrafted decorative bowls and trays
Hybrid collection,reduce-noise; provide-comfort; offer-easy maintenance; create-visual effect,biophilic flooring for commercial spaces
Hybrid insulation,provide-thermal performance; protect-dust; reduce-air movement; offer-thermal resistance,thermal insulation for walls and roofs
Hybrix Flexible,offer-stiffness; provide-formability; enhance-durability,lightweight aircraft components
Hybrix,bind-fibres; weigh-light; form-shape; resist-fire; resist-UV,interior components for aircraft and trains
Hydro Chromic White,change-colour; provide-water-resistance; ensure-fastness,colour changing textile coating
Hydro sustainable aluminium,reduce-carbon footprint; enable-recycling; support-sustainability initiatives,low-carbon structural components for buildings
Hydrophobic & Oleophobic Coatings,create layer; bond surfaces; repel water; repel oil; repel dirt,anti-smudge layer for eyeglasses
Hygroscopic Mortar,bonding-aggregates; filtering-water; retaining-water; draining-properties,environmentally friendly paving stones for pedestrian networks
Hyper Wood,create-material; forge-new-life; replicate-structure; blur-boundary,customisable solid matter for furniture
Hyperion wood composite,provide durability; offer anti-slip; resist fungal decay; enable low-maintenance,decking and cladding systems
Hyperrealistic concrete,create-furniture; provide-durability; enable-flexibility; allow-drainage,outdoor garden seating
Hyperwave,customizable-wall cladding; provide-finish; suitability-exterior use,interior and exterior wall cladding
I Frammenti,create-tile; provide-aesthetic; reduce-grout,jointless mosaic flooring
I Glassati,insulate-nature; resist-water; resist-fungus; enhance-texture; smooth-surface,decorative wall panels
i.light,transmit-light; capture-light; allow-seeing; create-transparent-effect; maintain-transparency,light-transmitting architectural panels
I-Mesh,provide-dividers; cover-ceilings; react-light; create-shading,custom panels for coworking spaces
IAS Wasted Paper,create-novel material; industrialize-sustainable product; biocompostable-material,sustainable packaging solutions
Ibena Technodeco,demonstrate tensile strength; provide flame retardancy; offer tear resistance; stretch under tension,theatrical backdrop and curtain systems
Ice Cubes,create-nonload bearing structures; provide-impact resistance; allow-partitioning,partition walls and shelving systems
Ice Lighting,diffuse-light; blend-colours; transmit-light; eliminate-glare; create-textures,LED lighting system with diffusion lens
Iced Barn and Frosted Barn,enhance-nature; protect-surface; add-depth-structure,indoor furniture and wall panels
iCell Skiva,insulate against cold; insulate against heat; attenuate unwanted sounds; absorb moisture; release moisture,flexible insulation batt for walls and roofs
IceStone,provide-surface; offer-durability; enable-sustainability; resist-staining; achieve-strength,kitchen countertops
Iconic Panels,create-panel; form-laminate; carve-core; mount-wall,decorative wall panels
IDEApaint,transform-surface; create-surface; apply-coating,dry-erase writing surface
IDUN,provide durability; offer customization; enhance comfort,hand woven carpet for retail spaces
IGP-DURA®mix,provide impact-resistant surface; offer good light resistance; enable low baking temperatures; allow easy application; support overcoating,durable surface finish for metal components
IGP-DURA®xal,enable-matte surface finish; provide-UV resistance; offer-weather resistance,architectural façade coating
Illuminated Textiles,integrate-lighting; allow-washability; allow-drapability; develop-displays; apply-3D-shapes,textile display for events and trade shows
Illumination Panels,reveal details; adjust illumination; apply designs,decorative wall panels with adjustable lighting
Ilum,allow-light; improve-mechanical-characteristics; reduce-weight,translucent concrete structures
Imagic Weave,create-lighting effects; maintain-transparent look; enable-video content; allow-easy connection; provide-fast setup,programmable LED façade system
Imagine / Vibe,provide durability; offer abrasion resistance; enable antimicrobial properties; allow fire retardance; facilitate lightweight design,upholstered wall panels
IMAR Singular Metal Solutions,allow-customisation; reduce-energy-consumption; provide-light-entry; minimize-environmental-impact,custom façade systems
Imaz,encapsulate-materials; provide-UV-resistance; offer-strength; resist-flammability; create-custom-combinations,bulletproof glass panels
IMI-Altholz,coating-mineral; processing-conventional tools; painting-matte varnish; protecting-additional coat,vertical decorative wall panels
Imi-beton (concrete),design-noun; reduce-cost; increase-flexibility,concrete-look interior surfaces
Imi-rost,coat-surface; process-tools; apply-paint; seal-varnish,coated composite board for furniture
Imibeton,coat-panel; create-surfaces; reduce-weight,interior wall panels with concrete finish
Immersion,create-experiences; stimulate-interiors; enhance-productivity,textured flooring tiles
Imperfection,provide-sound-dampening; contribute-wellbeing; bring-natural-colours; create-organic-textures,office and hospitality carpet tiles
IMPEX®,provide-impact strength; show-optical properties; resist-weathering; fabricate-easily; perform-at high temperatures,safety glazing for public buildings
RECYCLED CURTAIN VIGO,connect-nature; provide-comfort; block-light,in-between curtain for interior spaces
In-fusion embossed,provide fire resistance; enable electromagnetic shielding; allow for interior design,metal textiles for interior design
Inax Lascaux,provide-aesthetic; create-relief; allow-grouting,decorative wall tile installation
Inax Luster color,create-wall; provide-glossy-finish; enhance-aesthetic,decorative wall tiles
Inax Sentousai,provide aesthetic wall covering; create textured surface; offer variety in thickness,decorative wall strips for bathrooms
Inbusta,enclose-element; create-product; suit-outdoors,dividing panels for indoor and outdoor use
Inconspicuous Matter,visualize energy flows; change colours,ambient display for visualizing energy flows
Incubo,provide cushioning; offer durability; enhance comfort; reduce environmental impact,floor covering for residential spaces
Indigo leather,dyeing-noun; tanning-noun; resilience-noun,indigo-dyed leather garments
Inducon,absorption-ink; distribution-ink; coating-surface; adjusting-hardness; avoiding-yellowing,ink storage and distribution system
Indupoint,provide anti-slipping characteristics; leave textile character unaffected; be breathable; be flexible; be formable,non-slip equipment for cushions in wheelchairs
Industrial Craft,utilise-niche plastic waste; create-durable composite material; cast-diverse 3D forms; cut-sculptural tables; sand-finish possibilities,sculptural tables and vessels
Hemp & Mycelium Sandwich Panel,offer-strength; provide-insulation; reduce-carbon,thermal and acoustic insulation panels for building construction
Industrial Micro Systems,create-lighting; control-lighting; combine-colors,energy efficient architectural lighting system
Industrial Textiles,cover-niche markets; manufacture-fabrics; produce-composite textiles,woven fabric for bulk bags
Inflatable wood,transform-panel; inflate-structure; customize-pattern,inflatable decorative wall panels
Ingeo,create-fabric; fuse-fabric; emboss-fabric; die-cut-fabric,lightweight architectural fabric panels
Inner Skins,transform-leather; create-unique objects; preserve-original shape; enhance-flexibility,distinctive leather objects
INNO-X,flame retardant; stain resistant; anti-microbial,upholstery for healthcare environments
Inorganic Polymer Concrete,replace-cement; provide-strength; offer-aesthetic,sustainable wall tiles
Inox spectral coloured,coloring-surface; masking-areas; treating-surface,decorative architectural elements
Inox Tile,provide aesthetic; allow installation; fulfill sanitary requirements,stainless steel wall and floor tiles
Inoxtile,resist wear; maintain hygiene; provide anti-static properties,kitchen splash board
Insulated Glassblock,optimize-energy; insulate-heat; assemble-panels; facilitate-recycling,multi-functional translucent building facade panels
Insulation with ECOSE Technology,reduce-heat transfer; provide-sound insulation; enhance-comfort; minimize-dust; improve-cutting ease,partition wall insulation
Intaglio embossed lampshade material,filter-light; create-pattern; support-structure,lampshade design
Intelligent sun shading glass,change-opacity; reduce-transmittance; block-solar-energy,temperature-responsive glass facade
Interactive Sensory Design Applicate 0.5,create-nature; accommodate-resilience; provide-acoustic properties; enable-maintenance ease,3D acoustic wall panels
Interactive Sensory Design Applicate 1,create-narrative; enhance-aesthetics; provide-acoustics; offer-resilience; facilitate-maintenance,3D decorative wall panels with woven effect
Interwoven,manipulate-root system; interweave-fabrics; channel-forming; conform-patterns,textile-like material for fashion
Intexmo Wallart,simulate fabric; finish surface; mount easily,interior wall design panels
InvariLux,reflective-finish; textured-surface; fire-resistant-property; low-maintenance,architectural wall panels
InvariMatte Walnut,provide corrosion resistance; allow for welding; create textured finish; support structural integrity,wall panels for interior design
Invision,link-decorative elements; create-transparent fabric; manufacture-custom designs,decorative architectural panels
Ipachrome design,reflecting-nature; decorative-use; insulating-coating,façade cladding and shop interior designs
IPC,provide protection; improve hygiene; offer waterproofing,protective coating for metal and concrete surfaces
iQ PRO Custom,provide-sound insulation; offer-sound absorption; allow-customisation; enable-unique design,closed soundproof partition system
IR Relief,absorb-background noise; create-peaceful space; provide-acoustic relief; suit-public spaces,acoustic wall panels for meeting rooms
Iron Corten,provide colour; offer durability; resist stains; allow easy cleaning; withstand heat,countertops and cladding
Iscreen,assemble-unit; arrange-unit; divide-room; decorate-wall,modular room divider and wall decoration
Iso-Cork,provide-insulation; coat-surfaces; add-colour,sprayable cork coating for walls and façades
Isoflam,fireproof-panel; lightweight-panel; easy-to-work-with,boat bulkheads and furniture
Isoglas,provide-insulation; provide-strength; provide-safety,thermal insulation for industrial equipment
Isolcell and Isolkenaf,provide-soundproofing; offer-thermal insulation; enhance-fire resistance,soundproofing and thermal insulation panels
Isolgomma,absorb-sound; insulate-impact noise; adapt-surface; lay-precision,sound-absorbing underlay for floors
Istrenn,reduce waste; create objects; customize designs; manufacture furniture,custom-made furniture and lifestyle objects
Iznik Print,resist-time decay; provide-durability; create-patterns,decorative wall and floor tiles
Iznik Full Colour Tiles,enhance-durability; resist-time decay; provide-aesthetic appeal,decorative wall and floor tiles
Jacquard Denim,weave-fabric; stretch-fabric; design-fabric,denim clothing for casual wear
Jacquard Lancé-Découpé,weave-pattern; clip-threads; suction-fringes,decorative textile for upholstery
Jacquard mesh,increase-breathability; enhance-moisture absorption; provide-soft hand feel; improve-comfort; support-body movement,activewear clothing
Jacquard with Metal/Lurex,create-yarn; provide-metallic-appearance; enhance-texture,decorative textile for fashion garments
Japanel,provide-translucence; enhance-aesthetics; support-structural-integrity,sliding door panels with decorative inlay
Japanese knotweed material,provide strength; offer lightness; biodegrade safely,design pieces for indoor environments
JB Glass Edition,provide-texture; offer-patterns; enable-reproduction,textured glass panels for architectural design
Jelly Tiles,provide safety; allow decoration; enable adhesion; offer softness,decorative wall tiles for interior design
Jersey riga fuxia + lurex,elasticised-fabric; blended-material,elastic clothing for activewear
Jesmonite composite,replicate surface; mimic texture; resist impact; reduce weight; provide fire resistance,decorative architectural elements
JEWEL BRICK – Knit brick,add-texture; create-walls; stimulate-perception; evoke-sensations,decorative brick walls for urban development
JEWEL BRICK – Storm,create-surface; add-texture; deliver-experience,relief brick facade design
Jewel,cut-tile; add-dimension,decorative mosaic in residential spaces
Jolie,provide coverage; enable quick drying; allow transfer printing; offer breathability; ensure comfort,activewear and beachwear garments
Jotun powder coating,protect-naturality; preserve-beauty; provide-durability; replace-layers,one-coat finish for engineered wood furniture
JRC REFLEX,reflect-light; produce-stylistic effects; enhance-safety,retroreflective textile trimmings for sportswear
JUHLA – pine needle textile,weave-textile; provide-biodegradability; replace-traditional tree,biodegradable Christmas carpet
Juicyglass,fuse-glass; color-customize; hand-make-glass,architectural glass panels
Jungle,capture-imagination; finish-sanding; treat-preservative,wooden wall panelling
Jute Wall tiles,transform-noun; create-noun; resist-noun,handcrafted wall tiles
K-bench,modular-bench; extendable-bench; shape-bench,modular outdoor seating solution
K-Briq,reduce carbon footprint; minimize energy input; enable recycling; allow customization,masonry bricks for construction
Kabekobo Shikkui Plaster,absorbs CO2; kills bacteria; regulates humidity; reflects light evenly; prevents dust accumulation,interior and exterior wall finishes
Kairatin,purify air; absorb sound; act as barrier,acoustic design panel for indoor spaces
Kalesinterflex,covering surfaces; cladding exterior; decorating interiors; flexing under stress; resisting fire; cleaning easily,ventilated facade cladding system
KAPA®,create lightweight board; provide aesthetic surface; serve as mounting substrate; support visual communication,presentation board for advertising displays
Kappa,improve-scratch resistance; provide-chemical resistance; offer-flexibility; serve-decorative purpose,decorative profile for doors and windows
Kareline,combine properties; offer customization; comply with requirements; improve characteristics,biodegradable injection molded components
Karma,show-depth; create-original-combinations; cover-surfaces,decorative wall and countertop tiles
Karta-pack Bagasse,create-biodegradable material; provide-environmentally friendly alternative,biodegradable packaging solutions
Karta-Pack bagasse-cotton mix,provide-nesting; offer-safety; enable-compostability; ensure-biodegradability,compostable packaging for products
Karta-Pack Bamboo,provide-environmentally friendly alternative; offer-compostable packaging; enable-moulded pulp technology,biodegradable packaging for consumer products
Karuun,transport-water; inject-bulking agents; shape-boards; sand-surface imperfections,semi-finished weaving materials
Kaumera,recover biopolymers; provide unique characteristics; support circular product,biobased gel for wastewater treatment
Kauri,create-nonrepeatable pattern; provide-resilience; offer-good acoustics; allow-custom sizing,hand woven decorative rug
Kaurit® Light technology,reduce-weight; achieve-strength; replace-wood,lightweight particle board for furniture construction
Kayar,provide flooring; resist scratching; support high traffic; accommodate wall surfaces,high-performance flooring for commercial spaces
Kaynemaile architectural Mesh,reduce-heat; manage-solar gain; provide-airflow; allow-daylight; create-structures,custom architectural screens for building facades
Kebony Character,provide-naturality; deliver-durability; offer-sustainability,wooden cladding for buildings
Kebony Clear,impregnate-wood; engineer-decking; create-cladding,sustainable wood cladding for buildings
Kedroplast,reduce fatigue; increase muscular efficiency; improve mind clarity; relieve irritability; alleviate allergic symptoms,interior panels for spas and saunas
KEIM Lignosil-Verano,simulate-colour; change-surface; equalise-visual; treat-surface,exterior wood facade treatment
Kenetix Spacer,provide insulation; allow stretch,thermal insulation fabric for casual wear
Kepla-coat,improve-corrosion resistance; provide-wear protection; ensure-anti-friction properties; prevent-infiltration of gases; resist-mechanical stress,high-precision rotors in turbo molecular pumps
KerAion,decompose-micro-organisms; reduce-air-pollutants; prevent-growth; ensure-creative-freedom; provide-invisible-fastening; allow-rapid-installation,facade panels for large buildings
Keralpor,support-noun; diffuse-gases; reduce-strain; avoid-adherence,sintering base for ceramic components
Kerama facade cladding,provide weather-resistant; offer low-maintenance; support acoustic performance; ensure fire-resistant,exterior façade cladding system
KeraTwin,decompose-microorganisms; reduce-air-pollutants; provide-design-freedom; enable-easy-installation,facade system for buildings
KERLOC,provide-facades; enable-recycling; ensure-colour-stability,sustainable building facade panels
Kerrigan Architectural Tile,create-tile; provide-aesthetic; resist-weather; offer-durability,large format architectural wall tiles
Kerto Laminated Veneer Lumber,provide structural support; offer dimensional stability; enable construction versatility,beams and joists for building structures
Kevlar,provide-high strength; offer-thermal stability; resist-chemical degradation,protective clothing for industrial workers
Ki-Kern,provide fascia cladding; offer low maintenance; ensure durability; maintain form stability; resist impact,fascia cladding for buildings
Ki-ori Tennâge,combine-nature; weave-textile; adapt-technology; create-fabric,Japanese Kimono textile
Kilkenny,render fireproof; biodegrade naturally; protect skin,fireproof soft furnishings
Kiln cast glass,transform-surface; enhance-textures; produce-textured; cut-complex shapes; drill-countersunk,architectural decorative panel
Kilolux Glass,provide-weather-seal; comply-specifications; offer-compressive-strength,weather-sealed glazing system for buildings
King W,weaving-yarns; resisting-UV; withstanding-water; furnishing-areas,outdoor carpet for terraces and balconies
Kingskin,create-textile; soften-leather; stiffen-cardboard,textile for traditional clothing
Kintyre,create texture; provide comfort; match interiors,comfortable sofas and armchairs
Kirei Board,construct-panel; heat-press-adhesive; reduce-emissions; provide-revenue,interior architectural millwork panels
Kisho,create-dimensional appearance; suit-upholstery; provide-soft texture,upholstered cushions and chairs
Klimatec,regulate-heat fluxes; prevent-mold; absorb-sound; bridge-cracks,interior insulation system for energy conservation
KLP-Greenmatter,provide UV resistance; ensure longevity; enable recyclability,artificial turf replacement
KLP Recycled Panels,provide durability; resist weather; allow maintenance-free use; enable easy cleaning; support natural appearance,exterior wall cladding panels for buildings
3d textiles knitted and woven,provide cushioning; reduce noise; support seating,office chair upholstery
Knitted steel fabric,provide-protection; feature-dampening; offer-shielding; be-washable,protective garments for fire safety
Knitted Walls,provide-nontraditional texture; create-tactile value; suggest-woollen appearance,tactile ceramic wall finish
KNOFtex,provide-sound insulation; provide-heat insulation; create-decorative wall panels,soundproof wall panels
Knotty,create-surface; allow-drainage; increase-functionality; embody-materiality,outdoor and indoor furniture
KNOxOUT,convert gases; generate free radicals; break down pollutants; provide self-cleaning properties; offer anti-bacterial properties; deliver de-odorizing effects,air cleaning paint for exterior surfaces
Ko-Bol,support-structure; divide-space; accent-architecture; create-lighting,window and wall treatments
KO-SI natural fibres,provide comfort; regulate moisture; insulate heat; absorb water; prevent discomfort,padding material for mattresses and upholstered furniture
Kollamat,provide-comfortable feel; regulate-humidity; insulate-heat; offer-natural optics; create-lively surfaces,injection moulded components with high quality feel
Komanda,provide-breathability; offer-durability; ensure-softness; resist-abrasion; maintain-strength,arc flash protective clothing
Decorated Lava Stone,highlight-nature; provide-drainage; resist-thermal-bridge; offer-mechanical-resistance,surface drainage systems for outdoor foot paths
Freehand drawing,enable decoration; apply colour; create patterns,hand-decorated stoneware tableware
Silk screen printed lava stone,create pattern; provide anti-slip; enhance surface finish,floor tiles with decorative patterns
Koraflex,replace-noun; conform-noun; guarantee-noun; resist-noun; recycle-noun,roof waterproofing membrane
Koroseal,manufacture-wallcoverings; activate-fire-detection; provide-protection; resist-scratch; suit-high-traffic,fire-detection activated wallcovering
Koskilaser,provide-smooth surface; offer-durability; enhance-translucence,kitchen fittings and cabinetry
Koskisound,reduce sound; insulate air-borne sound; damp structure-borne sound,sound reduction boards for transport vehicle floors
Koukoutsi,manufacture-furniture; coat-surfaces; resist-water; apply-easily,coated indoor and outdoor surfaces
Kova Textiles,create fabrics; pass light; provide translucence; offer flammability resistance; demonstrate lightfastness,translucent wall hangings and room dividers
Kovalex,provide-resistance; enable-construction; allow-recycling,interior wall and floor panels
Koyo Ibushi Arare,absorb-moisture; release-moisture; regulate-humidity; absorb-smells; emit-far-infrared-rays,humidity-regulating wall panels
Koyo Ibushi Tiles,absorb moisture; release humidity; regulate smells; emit far-infrared rays,humidity-regulating wall tiles
Koziol,combine-module; tailor-installation; create-decoration,modular interior design elements
Kraftplex relief,provide stability; enable flexibility; allow shapeability; offer electrical insulation; support biodegradability,3D-shaped wooden sheeting for interior design
Kraftplex,transform-noun; cut-noun; treat-noun; create-noun; cover-noun,decorative wall covering for interior design
Aluminium chain links,facilitate integration; allow light flow; enable customization; provide durability; maintain spaciousness,interior design installations
KristalPrint,print-noun; resist-UV; resist-scratch; ensure-durability; merge-aesthetics-functionality,bespoke wall finishes
Kromatafor,morph-colour; crossfade-colour; create-visual intrigue,colour-shifting leather goods
Krystal Weave,combine-novelty; provide-translucence; offer-fire resistance; create-aesthetic,commercial window coverings
Kugelgarn,provide wear resistance; absorb sound; conduct warmth; allow easy repair,floor covering for high-traffic areas
Kuii,mouldability-noun; flexibility-noun; versatility-noun; laser cutting-noun; hand sewing-noun; machine sewing-noun,faux leather accessories
KuiperFoam,reduce weight; provide stiffness; offer hardness; resist water; insulate electrically,lightweight structural panels for vehicle construction
Kuipertec,provide lightweight panels; offer high stiffness; resist water and detergents; enable easy bonding; allow sawing and drilling,bulkhead material for partitions
Kumiko,assemble-nails; fit-individually; make-adjustments,decorative sliding door
KUMPU,fire-retardant-fabric; knitted-surface; acoustic-insulation,high-end home decoration textiles
Kunrader® stone,load-bearing wall; interior detail,architectural stonework for buildings
Kuori,create-naturally biodegradable granules; minimise-environmental impact; reduce-carbon emissions; support-circular economy; integrate-into production lines,footwear components
Kurz Foils,provide-brand-name-protection; increase-security; offer-design-possibilities; create-metallic-effects; allow-precise-registration,decorative packaging for consumer products
Kynol Fibres and Textiles,provide flame resistance; emit minimal smoke; offer electrical insulation; offer thermal insulation,fire-resistant textile for protective clothing
L-SIM,provide structural support; offer reflective appearance; resist chemical degradation; withstand high impact; allow translucence,decorative curved surface panels
Lace 3D print on tulle,mimic-look; mimic-feel; 3D-printing-pattern,decorative textile for fashion accessories
Lace & Latex,coat-lace; manipulate-characteristics; produce-drape; maintain-stretch,decorative fashion fabric
Lace Paving Slabs,reveal-noun; convert-noun; aid-noun,decorative wall and floor tiles
LaceFence,prevent climbing; hide surroundings; enhance aesthetics; deal with weather; provide custom look,decorative fencing for residential and commercial use
Lacquered Strié,create-pattern; provide-durability; enable-washability,interior wall covering with embossed pattern
laif®,improve air circulation; enhance water vapour transmission; provide comfort; reduce stickiness,upholstered soft furnishings
Lama color,create-panel; accentuate-shape; stain-film; decorate-textile,decorative interior wall panels
Laminate Edition 1,provide-flooring; protect-surface; enable-quick-assembly,interior flooring solution
Laminated glass,laminate-fabric; provide-safety; allow-drilling; enhance-aesthetics,decorative glass panels for interiors
Laminated Linoleum,create-plate; resist-scratch; resist-water,table tops and chair seats
Laminated series,laminate-panel; color-match-facings; provide-lightweight-structure,translucent feature wall panels
Laminil,provide thermal protection; offer lightweight packaging; enable die-cutting; allow direct printing,luxury packaging for cosmetics
Lam’Slab,resist-organic solvents; resist-inorganic solvents; prevent-bacterial growth; resist-scratching; resist-fire,surface for commercial kitchens
"Lana Lumière, Fil & Ruban",create-transparent; emboss-sharp; deboss-create; enhance-appearance,high-quality greeting cards
Lana wool mycelium composite,repurpose-wool waste; create-composites; promote-circular use; address-waste issue; contribute-local economy,mycelium-based composite panels for architecture
Lana,create atmosphere; provide insulation; absorb sound; resist stains; offer comfort,in-between curtain fabric collection
Langotec,provide insulation; reinforce structures; emit temperature,dimensionally-stable heating sleeves
Lanisor,absorb sound; enhance acoustics; dissipate noise,acoustic wall panels
Laricross,bonding-core; producing-structure; providing-resistance; maintaining-conductivity,lightweight structural panel for durable projects
Lariks Hollands Hout facade cladding,resist-fungi; resist-insects; optimize-stability; allow-untreated-mounting,exterior facade cladding
Las Vegas Rock,facilitate LEED certification; customize design; provide durability; offer aesthetic appeal; enable polishing; allow honing,exterior facade cladding for buildings
Lasertec,cut-component; drill-component; texture-surface; shape-mold,precision tools with defined cutting edges
Lateral lighting fibre elements,transmission of light; managed emission of light; increased mechanical resistance; sewing into textile garments,light-emitting textile piping
Latho Relief Panels,press-structure; finish-lacquer; create-look; provide-fire-retardant; offer-moisture-resistance,decorative wall panels with unique structures
Lattice Structures,provide flexibility; support loads; filter liquids,architectural support structures
Laucork,provide insulation; offer sound absorption; create decorative surfaces,cork wall tiles for interior design
‏Lava Tiles (Flower print),create-wall covering; create-floor covering; provide-moisture resistance; provide-thermal insulation; withstand-high temperature,decorative wall and floor tiles
Lava Tiles (glazed),create-non-slip surfaces; provide-thermal insulation; resist-moisture; withstand-high temperatures,decorative wall and floor coverings
Lava Tiles (Natural),create-wall covering; create-floor covering; provide-moisture resistance; provide-thermal insulation; enhance-texture,textured wall and floor coverings
Lava tiles,solidify-surface; pave-pathways; colonize-vegetation,outdoor paving tiles for pathways
Le Pavé® recycled plastic panel,provide versatility; offer creative capital; ensure fire resistance; allow customization; enable easy cleaning,worktop for interior design projects
Leadax Roov,reflective-nature; temperature-regulation; fire-resistant-properties; recyclable-material,flat roofing membrane
Leap,upcycle-material; customize-product; reduce-emissions; minimize-water-use,small leather goods
Leather Belt Floor Tiles,create-surface; provide-durability; offer-aesthetic,luxury flooring tiles
Leather Floor Tile,provide-dimension; resist-water; enhance-aesthetics; offer-durability,water repellent floor tiles
Leather Floor Tiles,maintain-durability; provide-insulation; offer-sturdiness; deliver-warmth,flooring for meditation rooms
Leather floor tiles,provide flooring; decorate surfaces; offer colour shades,residential and nautical flooring
Leather look tiles,provide-nature; simulate-leather; offer-durability,interior wall and floor tiles
Leather-Tiles,provide insulation; absorb sound; offer comfort; create aesthetic designs,insulated flooring tiles
Leather Tiles,laser-engraved pattern; debossed texture; maze-layered design,luxurious wall tiles for interior spaces
Leather tiles,provide-durability; muffle-sound; offer-softness; improve-aesthetics,textured floor covering
Leather W-all Fashion,create-design; dress-surface; attach-panels; remove-panels,modular wall paneling system
Leather Wall Tile,provide aesthetic; allow natural markings; adhere to surfaces,decorative wall covering
Leatherlike paper,resemble-leather; provide-style; offer-tactile-experience; enable-luxury-printing; facilitate-packaging,luxury packaging for fashion products
LeatherLOK,provide-noun; conceal-noun; create-noun; make-noun,woven wall surfacing system
LeatherTile,provide-sound absorbency; provide-heat insulation; improve-age,sound-absorbing wall tiles
Leatherweaves,reduce overheating; offer treatment; provide creativity; create unique aesthetics,woven leather upholstery for luxury vehicles
LED-ART,create-installations; combine-light; enhance-effect; react-environment,interactive light installations
Transparent LED Film,embed-LEDs; laminate-glass; produce-custom-designs,laminated glass tables with embedded LEDs
LED Gallon,integrate-light; provide-luminescence; enable-washing; allow-stitching,illuminated textile tape for garments
LED Light Sheet,deliver-illumination; transport-light; stay-cool; provide-lighting-solution,backlighting panel for retail displays
LED Wallpaper,illuminate-rooms; create-atmosphere; provide-customization,ambient lighting wall covering
Leech,weave-skin; fabricate-chair; design-furniture,handcrafted modern chair
Leek paper,make-paper; wrap-vegetables; explain-nutrition,biodegradable vegetable wrapping paper
Léém clay plaster & paint,provide-finish; create-texture; offer-breathability,internal wall and ceiling coating
Leemsteen (Dutch clay bricks),regulate-climate; retain-heat; neutralize-pollutants; prevent-mould,load-bearing and non-bearing walls
Legno-Legno,provide warmth; offer sound absorption; create a smooth texture,laminated wooden carpet
Lemonpack,neutralizes-bacterial agents; enhances-objects; provides-soundproofing,customized decorative glass block
Leno & Knitted reinforced film,provide-cover; enhance-lifetime; offer-protection,temporary protective cover for scaffolding
Lenpur,absorb moisture; release humidity; provide comfort; resist odour; reduce static,high fashion knit fabrics
Lenstile,produce optical effect; feel soft; be plastically deformed,decorative wall tiles
Lenticular sheets,create-image; provide-depth; enhance-visuals,3D visual display panels
Lenz,create depth; shift color; change shape; provide translucence; offer design variation,semi-transparent architectural panels
Levitiles,reflective-surface; textured-surface; high-resolution-printing; customized-sizes,decorative wall and floor tiles
LEXAN film,provide-scratch resistance; offer-light diffusion; maximize-light transmission; enhance-clarity; ensure-flame retardancy,anti-fog lenses for eyewear
Lexan,create-nonstandard shapes; provide-transparency; offer-lightweight properties,semi-transparent façade panels
Hi-MACS,adopt forms; enable aesthetic realizations; meet quality standards; ensure functionality; provide hygiene,solid surface countertops
Liapor,reduce-weight concrete; control-size granules; create-lightweight panels,lightweight concrete bricks
LiCrete,maintain-strength; allow-translucency; enable-stacking; facilitate-quick-construction,translucent architectural building blocks
LifeLine,bind-polymers; resist-fire; produce-energy,flooring for schools and hospitals
Light diffusers collection,diffuse-light; transmit-light; ensure-quality,light-diffusing sheets and tubes
Light Emitting Film,produce-bright light; show-uniformity; control-brightness; combine-with backlit film,3D animated display panels
Light montage,interact-user; change-patterns; play-sensorial,interactive indoor textile installation
Light paper,integrate optical fibres; create smooth surface; emit light,light emitting wallpaper
Light tape,produce-light; activate-system; backlight-signage; wrap-around-corners; consume-energy,flexible light-emitting lamp for signage
Light transmitting veneered panel,transmit-light; enhance-aesthetics; provide-solidarity,backlit decorative wall panel
Lightben Acoustic,enhance-acoustic performance; provide-stiffness; create-partitioning,acoustic partitioning panel for interiors
Lightben Mini,create-transparency; allow-colour-shading; provide-light-weight; offer-stiffness; enable-easy-cutting,translucent interior paneling
Lightben,reacts with light; creates semi-transparent effect; provides fire resistance; offers UV protection,backlit partition wall
LightBeton,bond-noun; demonstrate-adjective; equip-noun; transform-verb,lightweight acoustic flooring panels
LightBlocks,transmit-light; resist-impact; adapt-application,translucent room partitions
Lightfader,displace-fluid; hold-weight; resist-scratch,interactive light floor system
Lightweight Acoustics,absorb sound; reduce noise; provide fire resistance,sound-absorbing wall panels for offices
Lightweight Boards,minimize-weight; provide-bending-strength; resist-moisture; offer-decorative-finish,lightweight wall panels for interior design
Lightweight Concrete,provide-acoustic protection; bonding-panel surfaces; coat-horizontal applications; support-cut sheets,acoustic wall panels for retail spaces
Lightweight natural stone,bonding-panel; enhancing-edge finish; mounting-system; creating-seamless walls,lightweight stone wall panels
Lignacore Premium,produce-finish; offer-consistency; apply-lacquer,prefinished wood veneer sheets on MDF boards
Lignasil,manufacture components; replace plastics; mold surfaces,precision molded components for various industries
LIGNIFY OAK,provide-flame retardancy; offer-antibacterial properties; absorb-UV light; ensure-durability,leather alternative for fashion accessories
Ligno Foam Material,provide lightweight structure; offer good weather resistance; ensure moderate chemical resistance,lightweight furniture components
LigNo Leather,serve-alternative; be-biodegradable; consist-biobased,sustainable shoes for fashion
LigNo Plastic,offer-sustainable alternative; maintain-compostability; integrate-renewable resources,shoe soles
Lignoloc wooden nails,drive-nail; weld-nail; provide-alternative,wooden fastening system for construction
Lignostone,stacking layers; compressing sheets; joining with resin,structural insulation for electrical apparatus
LignoTUBE,produce-tubes; create-hollow body; enable-processing flexibility,lightweight structural tubes for furniture design
Limix,absorb VOC gasses; kill bacteria; regulate humidity; provide customized textures; achieve hardness comparable to marble,high-pressure wall tiles with customized effects
Line-X,create-barrier; protect-equipment; bond-materials; resist-abrasion; dampen-vibration,secondary containment system for hazardous materials
Linear Diffuser Lenses,diffuse-light; elongate-light,glare-free window lenses
Linear,provide structural support; resist weathering; allow for aesthetic design,exterior masonry wall
Linen textile,weave-fabric; dye-fabric; embroider-fabric,high quality curtain and upholstery fabrics
LinoPulpo,reduce waste; optimize resources; provide sound absorption; allow wet moulding; create unique aesthetics,acoustic sound panels
Liquid Crystal “Color-Change” Collection,change color; laminate substrates; encapsulate chemicals,color-changing wall panels
Liquid Glass,resist-dirt; make-surfaces easier to clean; prevent-bacterial growth; apply-coating,anti-graffiti surface treatment
Liquidmetal,optimize-properties; tailor-composition; exceed-strength-limits,high-performance sports equipment
Liquidwood,combine-properties; process-thermoplastics; produce-materials,architectural components using injection moulding
Liquifloor,move-liquid; swirl-liquid; seal-tile; provide-colour,tough floor tiles with dynamic effects
Lisbon,provide-toughness; offer-flexibility; resist-moisture; resist-mould; ensure-low-maintenance,weatherproof tile for high-traffic areas
Liscio,create-brick; polish-surface; minimize-joints,lightweight concrete brick with natural stone layer
lisocore®,provide-lightweight construction; ensure-high-strength bonding; create-material-efficient structure,lightweight structural panels for furniture
Lithoplast,create-material; shape-material; transform-waste,experimental composite for sustainable design
Litracon pXL,create-nontransparent surfaces; design-patterns; form-3D objects,illuminated wall panels
LiTraCon,transmit-light; illuminate-darkness; create-shadows; adjust-mixture; produce-aesthetic-effects,light-transmitting architectural blocks
Living Colour,produce-dyes; colour-textiles; reduce-water; reduce-energy; eliminate-hazardous-chemicals,biodegradable dye for textiles
Living Colours,resist-UV-light; resist-sea-water; provide-durability; offer-colour-variety,outdoor artificial grass carpet
Living Pavement tiles,promote-biodiversity; provide-rainwater infiltration; support-spontaneous growth,pavement tiles for urban landscapes
Loam construction panel,regulates moisture; provides thermal insulation; neutralises air pollutants; absorbs odours; protects against fungi,moisture-regulating wall panels for wet rooms
Loam and hemp panels,regulating-moisture; attaching-panels; cutting-size,moisture-regulating building panels
Local textile,handwoven-textile; used-curtains; used-lamp shades; used-wall panels,indoor decorative wall panels
LockTiles,interlock-tile; replace-tile; prevent-fraying-edge; install-surface,interlocking carpet tile flooring
lokaReboon,provide strength; offer abrasion resistance; preserve colour,recycled balloon-based decorative items
Lokta paper,provide strength; offer durability; resist insects; enable printing,handmade decorative paper products
Loops,manipulate-weaving; create-texture; reflect-light,decorative wall hanging
Louverscreen,block-sunrays; offer-shade; provide-ventilation; reduce-reflection; require-minimized maintenance,solar control window shading system
LOVR™,minimise dependency; capture CO₂; reduce waste; support sustainable supply chain; return to soil,biodegradable textile for fashion
Luccon Veneer,form-noun; conjure-noun; resist-noun,backlit architectural panels
Luccon,conduct-light; provide-strength; allow-translucence,architectural wall panels
LUCEM Label,transmit-light; create-patterns; design-signs; form-panels; provide-water-repellency,light transmitting wall panels and floor tiles
LUCEM Line,transmit-light; provide-translucence; resist-heat; resist-cold; resist-UV-rays,translucent wall cladding
LUCEM Starlight,transmit-light; create-visual-effect; provide-durability; ensure-easy-installation,backlit architectural panels
Lumaglass,generate-light; highlight-architecture; illuminate-interior,electroluminescent glass wall system
LUMEX®,ensure printing results; offer resistance to weathering; provide impact resistance; enable coldbending applications; facilitate vacuum forming,transparent and translucent display panels
Lumi-Onyx,provide-noun; decorate-noun; create-noun,decorative wall panels
Lumi-tiles,provide-non-slip layer; save-energy; meet-ISO standards; deliver-durability,emergency lighting in public spaces
Lumiblade Oled,emit light; produce constant light; seal layers,embedded lighting system in furniture
Lumicast,capture-objects; provide-translucence; create-decorative panels,decorative wall panels for interior design
Lumicor,embed-textiles; transmit-light; form-variety; accommodate-curves,light diffusion panels
LumiGram,emit-colored light; produce-luminous effect,high tech fashion accessories
Lumine,filter-light; insert-optical fiber; provide-structure,light-filtering wall panels
Luminescent Textile,integrate-yarn; provide-design-opportunities; allow-braiding,safety clothing with photoluminescent features
Luminex,illuminate-LEDs; distribute-light,light-emitting textile for interior design
LuminOre on Glass,coat-glass; enable-mixing; achieve-border,thermopane glazing outer layer
LuminOre on Tiles,create-patterns; apply-coating; enhance-durability; improve-heat-transfer,decorative tiles with metallic finishes
Luminoso,conduct-light; provide-strength; embed-fibre optical waveguides,decorative lighting panels
Luminous Concrete,reinforce-fibreglass; resist-water; glow-photoluminescent,facade cladding with luminescent features
Luminous Glass,emit-luminous energy; provide-visual appeal; enable-custom designs,luminous wall tiles
Luminous Patterns,create-light; enhance-space; infuse-pattern; stimulate-senses,dynamic lighting panels for architectural features
Lumiscopic,create-illuminated surfaces; vary-colour; apply-decorative graphic,large-scale lighting panel
Lumistone,emit afterglow; ensure durability; provide flame resistance,emergency exit signage with photoluminescent features
Lumisty,scatter-light; transmit-light; control-view; enhance-appearance,view control window film for retail displays
Luna® trout leather,minimize-impact; easy-to-use; innovative-material,ornamental leather goods
Luna,highlight-nesting; encourage-exploration; invite-participation,handcrafted glass and aluminum tile collection
Lupine fibreboard,stabilise-soil; decompose-biodegradably; remove-bitter compounds,biodegradable insulation board for construction
Lustralite,create-surface; add-sheen; provide-texture; create-pattern,decorative laminates with textured finishes
Lustre,resist-wear; adhere-quality-standards; provide-durability; offer-hygiene; resist-chemical-stains,floor tiles for high traffic areas
Luxalon Multi-panel BXD Ceiling,create-designs; provide-visual-effects; highlight-versatility,directional ceiling system
Luxar,reduce-reflectance; provide-durability; allow-handling; enable-invisibility,anti-reflective glass for facades
Luxepad,create-insulation; maintain-properties; reduce-waste; blend-fibres; transform-materials,high performing insulating pad
Luxurious Lycra,provide elasticity; enhance comfort; offer durability; resist chloride,swimwear and active sports apparel
Luxury Fabric,provide softness; offer fire resistance; enable upholstery,upholstered furniture
Luxury Vinyl,provide-floor covering; offer-patterns; play-with-eyes,durable floor covering solution
Luxury walls,apply-noun; cover-noun; weave-noun,decorative wall coverings
LW Light Weight Board,provide-non-combustibility; enable-ease of handling; allow-smooth painting; offer-durability; ensure-sound proofing,non-combustible internal lining for partitions
Lycra with ceramic,prevent-transparency; enhance-durability,swimming wear that remains opaque
M-EcoDeck,provide-decking; offer-non-slip; enable-repair; allow-recycling,eco-friendly outdoor decking solution
M2uur,produce-wall panels; install-facing panels; incorporate-digital images,custom printed wall and façade coverings
Mactan tiles,create-tile; provide-aesthetic; offer-customization,decorative wall and floor tiles
Mad,provide-structural support; offer-aesthetic appeal; resist-water damage; protect-surface integrity,interior wall panels
Madeira,provide decoration; serve as wall covering; maintain aesthetic appeal,indoor decorative wall mosaic
MADOCA,apply-nontransparent; manufacture-panel blinds; create-lampshades; enable-UV ink printing,panel blinds and vertical blinds
Madras,modify-glass; corrode-surface; deliver-panel,shower enclosure panels
Mafi Fresco,act-massage; provide-flooring; finish-natural-oil,wellness area flooring
Magic Motion,create-non-static images; visualize-linear movement; switch-images; zoom-in-out; morph-images,three-dimensional display technology
Magic Panel,provide-heat; ensure-efficiency; secure-protection,energy-efficient heating panel
Magink,change-color; compress-spring; expand-spring; create-design; provide-range,digital display system
Maglia Metallica,enable flexibility; provide durability; offer strength,flexible metal mesh for architectural facades
Magma,conserve-wood; charred-character; combine-accent; develop-structure; create-pattern,charred wood paneling for interiors
Magna Glaskeramik,reduce-waste; enhance-aesthetics; provide-durability; support-sustainability,custom-cut architectural panels
Magnetic Floor,reduce-emissions; provide-easy-removal; ensure-safety,magnetic floor tiles
Magnetic leather wall and floor tiles,covering-wall; covering-floor; mounting-magnets; demounting-magnets; cleaning-easily,indoor wall and floor covering tiles
Magnetic zipper,magnetically attach; automatically align; lock into place,one-handed closing zipper for winter wear
Magoxid-coat,improve-surface properties; provide-wear protection; provide-corrosion protection; meet-hardness requirements; ensure-dimensional accuracy; allow-lubricant absorption,coating for automotive clutch components
Magpaint,allow magnets; transform wall; build layer; strengthen receptivity,magnetic receptive wall surface
Mainox,resist-wear; be-waterproof; be-easy to clean,interior wall tiles
Majestic Gemstone,manufacturing-surfaces; cutting-processed; designing-home,inlaid stone tabletops
Makrofol,provide clarity; offer impact resistance; enable light diffusion; allow easy thermoforming; support excellent ink adhesion,automotive instrument panels
Makustik,generate-acoustic value; achieve-absorption values; integrate-insulation,acoustic panels for sports halls
Makustik,absorbent-element; transparent-element; prevent-sound-propagation; absorb-sound,acoustic ceiling lamps and screens
Malabar,provide-fire-resistance; create-texture; enhance-acoustics,acoustic wall panels
Malai biocomposite,provide flexibility; offer water resistance; serve as leather alternative; enable seamless moulding,biocomposite sheets for sustainable fashion accessories
Maldives,recycle-glass; create-mosaic; reflect-light; transmit-visuals,decorative wall tiles
Manulatex,weaving-mail; producing-luxury material; providing-protection,protective clothing and curtains
Manureality,provide structural support; offer sustainable building; replace traditional materials,interior wall panels
Mappy foam,sound-insulating material; self-extinguishing foam; chemical-resistant material; moisture-resistant material,sound insulation in partition walls
Mar-Carbon Diago/Cot,provide-waterproofing; offer-durability; ensure-flexibility,boat coverings and gym mats
Mar-Pol 1000 Piramidi,create-tarpaulin; provide-waterproofing; offer-fire resistance,technical waterproof bags
Marble,provide warmth; create texture; prevent shedding; offer resilience,hand-woven carpet with unique structure
Marbon,join-using adhesive; offer-natural look; provide-hygienic surface,integrated countertop design
Marbré,provide-non-slip surface; offer-durability; resist-scratching; support-high-traffic use,custom marbled floor covering
Marinedeck,reduce heat loss; provide non-skid surface; offer fire resistance; allow easy cleaning,non-skid deck surface for boats
Marinex Bearings,provide mechanical strength; resist shear; resist creep; resist marine growth; machine without dust; maintain dimensional stability,marine shaft and rudder bearings
Markspelle textiles,provide-fire resistance; offer-wash-ability; ensure-durability; enable-climate control,interior textiles for climate control in modern architecture
Marlan,resist-water; resist-temperature; resist-stains; provide-hygiene; allow-repair,bathroom vanities and sinks
MARMODUR Marble Composite Flooring,withstand-traffic; create-floor; resist-wear; revitalize-floor,seamless flooring for laboratories and factories
Marmoleum CO2 neutral,reduce-CO2; provide-sustainability; create-beautiful-environment,CO2 neutral flooring solution
Marmoleum Marbled,provide-nature; enhance-aesthetic; combine-surface,sustainable floor covering
Marmoleum Modular,create-floor; sustainability-enhance; design-allow,sustainable flooring tiles
Marmoreal,engineered-noun; suitable-noun; customisation-noun,architectural surface tiles and slabs
Marmoroc,provide aesthetic appeal; enable easy replacement; offer weather resistance; create façade patterns,facade cladding for multi-storey buildings
Marquetry,create patterns; apply designs; enhance aesthetics; incorporate textures; combine materials,decorative wall panels
Marwoolus,create unique products; coat walls; form table tops,indoor wall coating and table tops
Masa,reduce transmission; increase hydrophilicity; achieve adhesion; control thermal; provide anti-bacterial,washable sports apparel
Mastalmond,colorant-pigment; enhance-sustainability; additive-filler,biodegradable plastic masterbatch for toys
Master lens,create-modern effect; provide-translucence; enhance-aesthetics,decorative wall paneling
Masterfoam,seal-water; isolate-vibration; insulate-acoustic; insulate-temperature,self-adhesive sealing strips for windows
Matt Lacquer,create-smooth finish; reduce-reflectance; allow-brilliant colors,decorative laminate panels
Matterpieces,reduce reliance; divert waste; lower emissions; enhance aesthetics,premium cladding material for building facades
MATTR™,offer-alternative; reduce-reliance; enable-biodegradation; withstand-abrasion; allow-adaptability; provide-customization,upholstery for automotive interiors
Matude Woodline Graphite Random,absorb-sound; create-dynamic-effect; facilitate-assembly,acoustic wall panel system
MBI Concrete facing bricks,provide-structure; offer-aesthetic; ensure-durability; simplify-installation,interior wall cladding with textured finish
MD Expanded Metal façade cladding,create-facade; provide-sun-control; allow-transparency; enable-fixing; reduce-waste,sun-resistant facade cladding
MD lighting elements,emit light; illuminate dynamically; resist scratches; display colours,illuminated glass panels for interior lighting
Meadow Board,provide-acoustical qualities; offer-fire resistance; ensure-dimensional stability; allow-custom molding,interior wall paneling
The meat project,recycle-material; decellularise-process; shape-object; dry-object; glue-material; dye-material,lighting objects inspired by bacteria
Mechnochromic material,change colour; change transparency; respond to stimuli,smart window technology
MediaMesh,integrate-digital imagery; display-full video quality; control-LEDs remotely; install-transparent system,transparent media façade for advertising
MedTextra,manage moisture; deliver active ingredients; shed excess moisture; hold moisture,self-moisturising textile for drug delivery
MEFTEX,achieve-parameters; retain-characteristics; maintain-properties,metallized nonwoven fabric for high-load applications
Megawood,bind-polymer; cultivate-sustainably; resist-UV; resist-weather; resist-scratch,outdoor terrace deck
Melatone polycarbonate,integrate-natural-elements; provide-translucence; offer-smooth-texture,translucent decorative panels
Melatone woven wood,create-sheets; weave-patterns,decorative wall panels
Mellanyl,serve-substitute; resemble-sheets; printable-sheets; cut-sheets; bend-sheets; mill-sheets,point of sale displays
Mellow Face,create-skin; finish-impermeable; provide-hygiene; allow-customization,waterproof outdoor furniture
melt to wealth,develop-novel fabric; grind-discarded clothing; mix-fabric pieces; press-new cloth,non-woven fabric for sustainable clothing
Melting works,create-art; melt-structure; laser-etch,textile art forms for galleries
Merck Effect Pigments,create-colour effects; provide-lustre; support-conductive properties,automotive paint with iridescent effects
Merdacotta,mix-noun; extract-noun; bake-noun,odourless ceramic tiles and tableware
META-COAT,improve-temperature resistance; improve-wear resistance; improve-chemical resistance; enhance-solderability,metal-coated plastic components for soldering
Metafuse,apply-nanocrystalline layer; manufacture-lightweight components; improve-strength and stiffness; add-wear resistant coating; enhance-conductivity and stability,lightweight structural components with complex shapes
’METAL’ Collection,create depth; show fine structure; reflect light,contract loop carpets with metallic appearance
Metal Gres,coat-tile; resist-scratch; resist-fire; resist-UV; resist-weather,bathroom and kitchen wall tiles
Metal Grills,create-components; achieve-solutions; provide-utility; offer-beauty,decorative metal trim
Metal Laminate,laminate-surface; connect-layer; deposit-layer,fronts for carcass furniture
Metal Mesh systems,reduce solar heat gain; provide fall protection; enhance safety; serve as a space divider; cover walls,building facade with shading capabilities
Metal Meshes for Architecture,increase transparency; decrease density; create optical effects; provide toughness; support structures,architectural facade elements
Metal Meshes,provide-safety; enhance-soundproofing; offer-insulation; enable-transparency; facilitate-easy-cleaning,laminated glass panels with metal meshes
Metal structural surfaces,create-surface; provide-waterproofing; offer-durability; allow-customization,interior and exterior cladding panels
Ignorance is Bliss ceramic tiles,recover value; apply pigment; produce tiles; ensure colours; create variations,interior and exterior ceramic tiles
Metal woven textiles,provide flexibility; offer stain resistance; ensure non-flammability; deliver anti-static properties,room dividers and wall coverings
Metalbrick,provide durability; offer aesthetic appeal; resist weathering; enable customization,metal-accented wall panels
MetalCast,create-surface; provide-finish; customize-appearance,decorative door casing
Metalkern,provide-nonstructural support; offer-weather resistance; enable-easy installation; ensure-impact resistance; allow-low maintenance,decorative exterior cladding panels
Foin Metallic Mesh,reflect-light; create-play; provide-protection,protective gloves and aprons for food processing
Metallic wood,create-panel; control-noise; diffuse-sound,modular wall tile for noise control
Metallismo,prevent conductivity; provide fire resistance; support wet environment use,decorative wall and floor tiles
Metalresin,provide-metal-like finish; allow-form freedom; resist-oxidation,decorative architectural elements
Metalspray,coat-surface; oxidize-exterior; simulate-metal-feel,decorative metal-like finish for objects
Metawell,bonding-cover sheets; adapting-characteristics; developing-lightweight panels; providing-high rigidity,lightweight sandwich panels for transportation
Metile,reflective-surface; anti-slide-properties; anti-scratch-properties,decorative floor tiles
Metis seagrass,repurpose-waste; create-panels; provide-aesthetic-appeal; bond-bio-based-materials,wall coverings made from seagrass panels
Métisse recycled textile insulation,regulate moisture; provide insulation; reduce energy bill; improve acoustics,thermal and acoustic insulation for buildings
Metpore Metal Foam,provide heat-exchange; support filtration; enable infrared burner,heat exchanger for industrial processes
MevoCem,reduce carbon emissions; enable sustainable construction; ensure superior performance,ready-mix concrete for construction
mFLOR LVT design floors Authentic,mimic-wood; mimic-stone; provide-durability; offer-design-variety,interior flooring solution
.MGX,create-object; add-slice; harden-material,3D printed lamp
Miacore,provide rigidity; offer fire resistance; support heavy coverings,lightweight wall panels for boats
Mica laminates,provide-translucent infill; bind-fiberglass; allow-thermoforming; enable-recyclability,translucent infill panels for food environments
Michelangelo print,achieve high-resolution printing; allow printing on rigid media; control contour recognition; provide homogeneous colour results,decorative glass and metal surfaces
Micro Perforated Veneer,absorb-sound; create-patterns; form-panels,acoustic wall panels with decorative designs
Micro-Perforation panels,absorb-sound; reduce-sound vibrations; improve-aesthetics; provide-appearance,acoustic wall panels for office spaces
MicroCemento,renovate-floor; replace-carpet; apply-on-surfaces; customize-room,floor and wall renovation system
Microfiber Plus,create-texture; integrate-structure; provide-softness; offer-supple-feel,synthetic suede upholstery for furniture
Microfibre Vinyl,replace-noun; resist-noun; clean-verb,upholstery for public seating areas
MicroLouvre,control-solar radiation; reduce-solar heat gain; regulate-light transmission; act-glare reduction; mitigate-fire spread; provide-privacy,ventilated façade systems
Micromoulded biocomposites,change-material qualities; mould-raw material; automated-joining layers; 3D-shaping sheet,functional parts in furniture design
Micronal PCM,absorb-energy; release-energy; increase-thermal-capacity; dampen-temperature-swings,interior temperature management system in buildings
Barrisol MICROSORBER®,reduce sound reflexion; convert sound energy; reduce reverberation times; reduce sound levels,acoustic panel for sound optimization
Microthin,create-panel; reduce-weight; enable-translucency,lightweight wall cladding system
Mikado,create-module; cover-floor; cover-wall,laminated wood flooring and wall tiles
Mikor,provide strength; create lightweight structure; exhibit chemical resistance; enable dimensional stability; extend versatility,composite structural panels for aerospace
Milkofil,stimulates blood circulation; absorbs humidity; is a natural antibacterial agent; allows skin to breathe,underwear and bedding textiles
Mill Finished Zinc,develops patina; provides algaecidal properties; requires little maintenance,architectural countertops and ornamentation
Millad NX8000,enable-substitution; increase-beauty; provide-clarity; offer-flexibility; ensure-lightweight,food storage containers
Millboard Envello Facade Cladding,provide-nature; resist-weather; reduce-maintenance; enhance-aesthetics,sustainable outdoor facade cladding
Millennium – Full,provide durability; offer lightweight structure; enhance impact resistance,high-performance footwear linings
Mineral System Honeycomb panel,provide-cladding; bond-structure; support-weight; resist-weather; finish-surface,large-size lightweight cladding solutions
Minimal art – Recycled PET felt,absorb sound; laminate backing; provide acoustic insulation,acoustic wall covering
Mirabilia Wallcovering,transform-surface; catch-light; stimulate-interaction; resist-water; ease-cleaning,3D textured wall covering
MiraWall,withstand-deformation; allow-bending; produce-even-color,exterior wall cladding panels
Miro Silver,enhance-reflectivity; increase-illumination efficiency; provide-UV stability,highly reflective lighting reflectors
Mirox 3G,reflective-mirror; ecological-mirror; resistant-corrosion; resistant-scratches,safety mirror for bathrooms
Mirror & Metal Glazes,create-coloured surface; maintain-reflecting function; apply-cold-spraying technique,coloured mirror surface design
Miscanthus Biopolymer,absorb-sound; insulate-thermal; reduce-weight,biodegradable flower pot
Mithos,provide aesthetic decoration; enable indoor-outdoor use; resist weather elements; allow easy cleaning,mosaic wall covering for indoor and outdoor spaces
M&M,allowing flexibility; rendering atmosphere; providing texture,decorative packaging panels
MNML 101,provide resilience; allow outdoor use; enable indoor use; create flat structure; offer medium texture,outdoor and indoor hand-braided rugs
ModCraft,create-tile; provide-durability; allow-customization; lend-texture,handmade decorative wall tiles
Modular Dimension,provide-diversity; offer-modularity; support-sustainability; allow-creative-expression,modular carpet tile flooring
Modulari,provide-partitions; act-decorative element; offer-UV stability; enable-easy cleaning; return-original shape,modular room dividers for offices
mogu Acoustic,maximize-sound absorption; provide-acoustic comfort; slow-down-flame spread; improve-fire reaction,acoustic wall panels for noisy environments
mogu Floor Flex,replace-pigments; support-circular approach; provide-soft touch; allow-customisation; enable-continuity,flexible flooring for high traffic areas
Mogu PLUMA,absorb-sound; provide-insulation; create-customization; enhance-aesthetics,modular acoustic wall panels
Mogul Illuminious,absorb-light; luminous-dark,light-emitting fabric for safety clothing
Mogul Softflex,convert-polymer; produce-nonwoven fabric; bond-thermal,bedding products
Mohair collections,maintain-craftsmanship; renew-design; develop-composition; finish-texture,textiles for interior decor
Mohair & Kaschmir paper,provide softness; enable printing; offer texture; support die cutting,business card printing
Mohair,provide warmth; offer softness; exhibit sheen; enhance durability; create unique textures,luxury upholstery fabric for furniture
Mojave leather,create-patterns; showcase-beauty; provide-backdrop,decorative wall covering
Molded Pu,combine-noun; customize-verb; resist-abrasion; endure-hydrolysis; provide-flexibility,sports shoes and bags
Molelk,recycle-noun; aggregate-noun; surface-noun,table tops and furniture surfaces
Molly,create-fabric; combine-textiles; provide-comfort,upholstered seating solutions
Momi and Yanagi Lokta Paper,provide strength; resist insects; offer texture; allow dyeing,handmade decorative paper for crafts
Mondaplen,absorb-bumps; adapt-product; protect-packaging,protective packaging for fragile items
Mondoturf,optimize alignment; improve resistance; safeguard color,artificial grass for sports fields
Moniflex,provide-insulation; resist-humidity; resist-vibrations; reduce-weight,insulation for passenger rail vehicles
Monocolor / Bicolor,provide aesthetic; serve as flooring; offer weather resistance,outdoor decorative tile installation
Monterey,provide-durability; ensure-flame resistance; minimize-yarn loss,residential and commercial carpet flooring
Moonless Night,provide decorative; create luxurious look; enhance tactile structure; offer glossy finish,high-quality decorative wall panels
Moonlight,provide wall cladding; create unique textures; offer aesthetic appeal,decorative wall tiles
Morning Ritual,reduce-waste; bind-materials; create-containers,biodegradable coffee containers
Morphogenese,knitted-material; resilient-texture; smooth-surface,textile for fashion garments
MORTEX® microcement,replicate-natural materials; provide-waterproofing; offer-durability; ensure-easy maintenance; adapt-to design styles,seamless flooring and wall finishes
Mosaic Moon,create-texture; provide-durability; enhance-aesthetics,handmade decorative wall tiles
Mosaic Panels,create-nature-inspired designs; provide-visual texture; offer-custom patterns,decorative wall panels for interiors
Mosaic Tiles by Mozenzi,provide-fire resistance; enable-self-adhesion; allow-easy cutting; support-durable design,self-adhesive mosaic wall tiles
Mosaico,create-tile; apply-tile; resist-UV; flexible-application,custom digital image tiles for interior and exterior use
Mosaico Dados,decorate-walls; adapt-surfaces; form-curves,mosaic wall decoration in swimming pools
Mosaico D’Asolo,provide aesthetic; ensure waterproofing; offer UV resistance; allow precision fitting,decorative wall and floor mosaic
Mosaico Moon Glacier Metallic,decorate-walls; cover-surfaces; adapt-large-areas,interior wall and floor decoration
Mosaico,reflective-panel; decorative-element; curved-surface-application,decorative wall panels for interiors
Mosaik Böden,create-mosaic; fill-resin; provide-color,decorative wall panels
MOSO Bamboo Industrial Flooring,provide-nature; create-floor; enhance-sustainability; support-thermal; offer-durability,industrial flooring for heavy duty projects
MOSO® Bamboo N-durance® cladding,provide durability; enhance weather resistance; offer fire safety; facilitate secure installations,exterior cladding for building facades
MOSO Bamboo N-finity,replace-aluminium; support-structures; join-strips,indoor construction beams for structural elements
MOSO® Bamboo N-vision,laminate-beam; carbonise-colour; close-end; strengthen-insert,hollow structural beams for interior design
MOSO Bamboo Solid Beam,provide structural support; replace tropical hardwood; offer dimensional stability; ensure durability; enable easy processing,window and door frames
MOSO Bamboo Solid Panel,create-panel; provide-stability; offer-durability; enhance-aesthetics,staircase railing and furniture surfaces
MOSO Bamboo Tiger Panel,compress-nature; provide-appearance; act-alternative; contribute-sustainability,interior wall paneling and furniture
Moso Bamboo Veneer,facilitate-pressing; enable-use; provide-sustainability,interior wall paneling
MOSO Bamboo X-treme cladding,provide-durability; increase-stability; enhance-density; achieve-fire-safety; allow-installation,exterior wall cladding for commercial buildings
MOSO Flexbamboo,provide-aesthetical; offer-sustainability; ensure-renewability; enable-flexibility; facilitate-easy installation,customized flexible flooring solution
Moss concrete,foster-biodiversity; enhance-aesthetics; retain-moisture; support-moss-growth; cool-structures,moss-covered building facades
Moss & Lam Finishes,create-artwork; install-finishes; supervise-projects,custom interior finishes for spaces
Mother of pearl concrete tiles,create contrast; enhance glossiness; customize design,decorative wall tiles
Mother of Pearl Mosaics,provide luxurious finish; offer lightweight structure; ensure good weather resistance; allow for external use,decorative wall cladding in luxury residences
Mother of Pearl,create-wallpaper; install-easily; resist-stains; turn-corners,wall covering with inlaid shell tiles
Mother of pearl mosaic tiles,decorate-walls; finish-surfaces; resist-fire; resist-UV; resist-weather,decorative wall and floor tiles for wet areas
Mould Texturing,reproduce logos; create unique patterns; increase gloss; simulate aesthetic impact; improve functionality,textured molds for product design
Moulded Felt,maintain-strength; vary-softness; create-3D-shapes; add-prints,custom-shaped acoustic panels
Moulded wood,create-products; be-recyclable; be-fire-resistant,fire-resistant furniture design
MR Fluid,change-nature; enhance-lubricity; modify-viscosity; inhibit-wear,active suspension system for vehicles
MSD Panels,provide-strength; create-lightweight; enable-reversibility,interior wall panels for decoration
mujō,provide-fat-resistance; create-oxygen-barrier; enable-biodegradability,biodegradable packaging materials
Mulberry Paper,recycle-material; emboss-leather-look; wrap-gifts; cover-walls,decorative wall coverings
Multiline-Infinity,provide durability; offer waterproofing; ensure stability; enhance aesthetics,floating floor tiles for residential use
Multiple Reading Glazes – complexity,provide-novel aesthetics; enhance-durability; offer-light reflection; enable-custom design,glazed ceramic façades in buildings
Muratto cork bricks,provide insulation; absorb sound; offer resilience; resist fire; enhance aesthetics,interior wall cladding panels
Mushroom Materials,digesting-crop waste; self-assembling-glue; producing-environmentally responsible materials,home-compostable packaging solution
Mushroom Textile,permit-light; provide-finish; serve-packaging,sustainable wall covering
Muskin,stop-bacteria proliferation; absorb-moisture; release-moisture; provide-breathability; offer-soft feel,hygienic shoe insoles
Mute Flow PET Felt Acoustic Panels,minimise sound; decrease reverberation; demonstrate acoustic performance,acoustic panels for open-plan offices
Mute Fit PET Felt Acoustic Panels,absorb-noises; ensure-continuous-pattern; serve-acoustic-purpose; serve-aesthetic-purpose,acoustic panel for commercial interiors
Myceen,bind-organic waste; create-biodegradable materials; store-CO₂; absorb-sound; reduce-waste,sound-absorbing building panels
Mycelium design,bind-biomass; grow-structure; stabilize-product; decompose-fertiliser,biodegradable packaging material
Mycelium Foam,provide-cushioning; offer-structural stability; support-biodegradability,lightweight cushioning foam for packaging
Mycelium (root structure of fungi),provide insulation; block particulates; reduce damp; improve air quality; absorb sound,thermal and acoustic insulation panels
MyCera,increase-structural performance; allow-bio-welding; substitute-cement-based binders,3D printed building components
MYCL™ Composite,minimise-environmental impact; provide-thermal insulation; withstand-force load; offer-acoustic insulation; achieve-strength-to-weight ratio,thermal insulation panels for buildings
Myco Board,bind-particles; replace-wood; deliver-biocomposites; form-shapes,structural biocomposite boards
MycoLutions Acoustic Panels,absorb-sound; reduce-echoes; maintain-air-quality; provide-fire-resistance,sound-absorbing wall panels
MykoFoam,provide-thermal insulation; offer-acoustic insulation; resist-fire; absorb-sound,thermal and acoustic insulation panels
Mylar bags,remove-oxygen; protect-contents; resist-gas permeability; block-light; withstand-impact,food storage bags with oxygen absorbers
MYLEA,exhibit-brownish hue; create-durable bond; reduce-carbon footprint; lower-water usage; ensure-low emissions,biodegradable leather alternative
Mysterious Earth,weave-carpet; cut-pile; twist-yarn; create-loop-pile; provide-soft-surface,loop pile carpet for interior flooring
MYX,grow-stabilization; provide-flexibility; create-textile; enable-compostability,lightweight biodegradable packaging material
Móz Decorative Metals,create-pattern; provide-color; offer-finish,wall and ceiling panels
Móz Metals,create-column covers; design-wall panels; manufacture-ceiling applications; produce-room dividers; fabricate-signage; construct-furniture,decorative wall panel system
Móz Tides,add-dimension; create-depth; provide-sustainability; enable-installation,feature wall panels for interior design
Na_No Leather,resist dirt; provide fire retardance; ensure durability,upholstered seating for public spaces
Nabasco,create-naturally biobased composite; reduce-CO2 footprint; provide-dimensionally stable sheet material; enable-engraving techniques; allow-laser cutting,cladding for building facades
Naltex,offer-pleat support; provide-separation nets; serve-spacer component,spiral wound filtration system
Nanai Salmon Leather,retain pigmentation; provide texture; enable eco-friendly tanning,custom leather goods
Nano silver materials,provide-antimicrobial surfaces; enable-transparent coatings; enhance-electrical conductivity,hygienic surfaces in protective clothing
Translucent aerogel,restrict gas conduction; restrict convection; diffuse light; provide thermal insulation,daylighting system for buildings
NanoStitch Extreme & Air,provide-compression; ensure-comfort; enhance-breathability; offer-lightness; create-second-skin-feel,medical grade compression garments
Nanotecfilm,change-opacity; adjust-transparency; hold-liquid-crystals,adjustable transparency window film
Nap Core,form-nap structure; adapt-properties; enable-design; integrate-ducts; create-sandwich constructions,lightweight sandwich panels for aerospace
Native Bamboo,provide-structure; enhance-durability; offer-flexibility,outdoor privacy screens
Natura,mimic natural appearance; provide structural support; resist weathering,decorative outdoor paving stones
Natural dye,coloring-fabric; enhancing-textiles; sourcing-local,dyed organic cotton fabrics
Natural Felt,provide insulation; offer fire resistance; absorb moisture,filling for eco-friendly mattresses
Natural Fibres,provide-comfort; resist-mildew; block-ultraviolet light; conduct-heat; absorb-moisture,bedding and upholstery materials
Natural Footprint,combine-noun; create-noun; distort-noun; decompose-noun,textured architectural surfaces
Natural Freshwater Pearls,adheres-resin; combines-back lighting; covers-wall,translucent wall tiles for indoor and outdoor use
Natural Hair,provide warmth; control humidity; offer breathability; resist flames; insulate effectively,high quality sleep solutions
Natural stone and concrete textures,create-spaces; provide-comfort; offer-alternative; bring-appearance,decorative faced panels for interior design
Natural Stone Composites,bonding-granules; enhancing-aesthetic; providing-durability; offering-ease of maintenance,floor tiles for surfacing
Natural textile dye,enhance-colour fastness; reduce-pollution; save-processing time,natural dye for textile coloring
Natural Wallcovering,weave-noun; dye-verb; clad-noun,handwoven wall covering
Naturally Clean,eliminate-aggressive treatments; optimise-clean surfaces; maintain-original characteristics,smooth-touch textile for clothing
3D Engineered Wall Hangings,create-pattern; ensure-sustainability; provide-softness; offer-breathability; enhance-strength,modern tapestry and wall covering
Nature Squared,combine-skill; customise-dimension; apply-surface,decorative wall panels
Nature & Textile collection,reduce-waste; provide-sustainability; offer-style,sustainable decorative wall panels
NatureWorks biopolymer,reduce-greenhouse gas emissions; provide-heat sealability; offer-moisture management; exhibit-tensile strength; resist-grease and oil; offer-flavour barrier,high-performance synthetic fiber for carpets
Naturing,grow-textile; eliminate-production lines; adapt-structure; create-biogradable textile,biodegradable textile formed by living plant material
Navi Floor,embed-noun; provide-noun; indicate-noun; determine-noun,invisible landmark flooring system
NCell Natural Fibre reinforced Thermoplastics,reinforce-plastics; reduce-tool wear; lower-molding temperature; retain-strength; adjust-surface properties,injection molded components with natural fibre reinforcement
ND 600hdsv Drainage System,withstand-compressive strength; prevent-hydrostatic pressure; retain-shape; ensure-optimal filtration; install-quickly,drainage system for inverted roofs
NedZink NUANCE Brown,provide protection; offer aesthetic appeal; ensure recyclability,high-quality building facades
Neoflex,provide flooring; ensure safety; reduce noise; resist wear; maintain freshness,durable flooring for high-traffic areas
Neolith Mar del Plata,offer texture; create effect; provide resistance,countertops and cladding for indoor and outdoor use
Neolith Mont Blanc,create-texture; deliver-original; evoke-beauty,interior wall cladding
NeoParies and NeoClad,provide-wall-cladding; resist-scratching; resist-abrasion; allow-reforming,interior and exterior wall panels
Neostone,reduce environmental impact; utilize industrial waste; mimic geo-processes; create alternative materials,sustainable building material for construction
NeptuTherm,insulate-structure; resist-fire; store-heat; resist-mould,thermal insulation in building cavities
NET – 6280,provide flame-retardant; offer soft texture; create transparent design,flame-retardant interior partition fabric
Nets & foils,protect-nets; cover-foils; reinforce-ropes; repair-ropes,weather-resistant covering for outdoor structures
Netting,filtering-air; supporting-crops; protecting-products; containing-materials,agricultural crop protection system
Nettle & cypress fabric,reduce-bacterial growth; provide-thermal insulation; deodorise-fabric; relax-fabric,anti-bacterial textile for clothing
NeverEnding Furniture,transform-waste; produce-furniture; reduce-waste; furnish-offices,circular office furniture made from waste materials
New Conductive Tape,combine-narrow fabrics; provide-conductivity; insulate-conductors; create-textile sensors; enable-heat transfer,textile-based heating systems
New ICONICA Collection,provide-non-fading finishes; support-design insights; withstand-weather conditions,architectural paint for durable surfaces
New marble,recycling-tiles; producing-building materials; creating-sustainable solutions,high quality marble-like tiles for construction
NewspaperWood,upcycle-material; cut-wood; mill-wood; sand-wood,wood-like furniture components
Acoustic curtain fabrics,absorb-sound; create-privacy; provide-aesthetics; washable-fabric,floor-to-ceiling acoustic curtains
Nichestones – Metallized serie,offer-n personalization; express-n decorative forms; install-v on floors; install-v on walls,decorative wall and floor panels
Nichestones,produce-decor; carve-art; emboss-decor,indoor decorative wall panels
Nickel / Copper Ripstop fabric,provide-shielding; offer-corrosion resistance; enable-conductivity,electromagnetic shielding drapes
Nidaplast,reduce CO2 emissions; provide thermal insulation; offer sound insulation; enable lightweight construction; support lamination,lightweight sandwich panels for construction
Niemann high gloss laminate,provide non-slip finish; ensure antibacterial properties; allow easy cleaning,non-slip kitchen countertops
LED Wallpaper,provide-ambient lighting; create-aesthetic quality; serve-spatial marker,decorative wall covering with integrated lighting
Nipa Hut Envi Slat,create panels; provide texture; offer eco-friendliness; enable easy installation,interior wall cladding panels
No Waste Tracks,visualize-sustainable goals; modular-design; sand-top layer; lay-floating,modular floor tiles for sustainable design
NobelWood Equal Weathering,imitate appearance; weathered look; provide maintenance-free finish,outdoor furniture with weathered appearance
NobelWood,improve-durability; provide-fire-resistance; reduce-maintenance; enhance-aesthetic,fire-resistant cladding system
Noeplast,create-surface; maintain-properties; allow-designs,specialized concrete structures
Noir® thermodified wood,provide cladding; offer durability; enable blind fastening,façade cladding system
Nomex Decore,provide structural rigidity; reduce weight; increase elasticity,interior fittings for yachts
Non-Woven Basalt Fabric,provide insulation; maintain strength; reduce vibration; absorb sound; resist fire,fire protection material in high-rise buildings
Non-Woven Interlinings,insert-fabric; fix-fabric; shape-garment; supple-garment,interlining for garment construction
NonWovens,dye-noun; create-noun; embody-noun,unique interior decoration textiles
Nordic Form,create-nonload bearing surfaces; modulate-texture; provide-transparency; resist-weather conditions,architectural cladding and space dividers
NOVA®️ sturgeon leather,minimize-environmental impact; inspire-creations; provide-uniqueness,luxury fashion accessories
NoviBrick stone strip system,provide-facade cladding; mount-mechanically; reduce-material loss; clamp-structure,demountable facade cladding system
Novifil™ – PLM20,modify-transparency; tint-mass; enable-3D printing,3D printed objects with variable transparency
Novijec™ – PLM20,provide strength; enhance aesthetics; enable injection moulding,injection moulded consumer products
Novofibre OSSB panel,lower impact; ensure stability; provide UV-resistance; ensure low-maintenance; offer heat resistance; provide dimensional stability,sound-absorbing surface panels
Noxite,convert-NOx; neutralise-pollutant; purify-air,air-purifying roofing membrane
NPSP Composites,manufacture-products; combine-durable materials; recycle-materials; burn-waste,biobased composite components for automotive interiors
NRP,combine-substrate; provide-abrasion resistance; offer-flexibility; ensure-lightweight; resist-hydrolysis,customized molded components
Nuatan,biodegrade-90 days; withstand-high temperatures; form-injection moulding; form-3D printing,disposable straws and single-use bags
Nursa Alva,provide warmth; offer comfort; enhance aesthetics,"gentle, snuggy carpet"
NUVI Creta,provide-durability; offer-sustainability; enable-dyeing,coated textile for interior design
NXT Brick,reduce energy demand; absorb carbon dioxide; support façade work,masonry unit for building construction
O-Pur,identify-product; authenticate-product; mark-anti-counterfeit; integrate-production; verify-offline-online,product authentication system for packaging
Oberflex,offer-decorative solutions; combine-innovation; provide-technical solutions,laminate wall panels for interior design
Obex,offer-matting; remove-dirt; allow-drainage; protect-floor,entrance matting system for high traffic areas
Objectile,create-panel; customize-design; apply-finish,decorative wall panels
obomodulan,retain-product qualities; manufacture-checking fixtures; create-test units,model and tool making
Ocean Articulated,load-bearing material; recyclable object; water dissoluble paste; additive manufacturing,structural stools and tiles
Oceanic,combat pollution; achieve waste-free environment; create durable textile; enhance interior design,upholstery for modern interiors
BLUE,reduce energy use; resist freeze and thaw; provide high breaking strength; offer chemical resistance,mosaic tile installations for indoor and outdoor use
Ocragela,create-textile; customise-leather-like; customise-rubber-like; customise-plastic-like; provide-water-repellent,biodegradable textile material
Octolux Spektre,engraving-patterns; reflective-appearance; scaling-patterns; tiling-areas,illuminated wall or ceiling
Odour absorbing fabric,absorb-odours; washable-fabric,anti-odour footwear lining
Oer Tiles,produce-noun; color-noun; develop-noun,decorative wall tiles for sustainable architecture
Oesterplat,filter-water; show-shine; create-tiles,decorative wall tiles
Off the wall,form-shelves; form-lamp shades; decorate-wallpaper,3-dimensional wallpaper with integrated shelves and lamp shades
Okagel,provide-thermal insulation; enable-light distribution; reduce-thermal transition; prevent-convection; stop-thermal conduction,insulating glass system for buildings
Okatech,insulate-light; disperse-light; protect-sun; offer-view,insulating glass with metal insert
Okavanga,provide flooring; create aesthetic; offer durability,natural oiled wooden flooring
Okite Collection,maintain-natural characteristics; provide-surface durability; offer-aesthetic appeal,kitchen countertops
Old boat wood mosaic,provide aesthetic; offer durability; resist corrosion; prevent insect damage; ensure waterproofing,mosaic wall panels for interior design
Old bricks,minimise-CO2 emissions; provide-character; match-existing walls,building renovation projects with rustic aesthetics
Old Saddle,breathes; is warm; is water-resistant; is oil-resistant; reproduces antique finish,high-end leather goods and furniture
Old World,provide-protective seal; maintain-texture; vary-surface; characterize-authentic flooring,handcrafted engineered wood flooring
OLFactive™,trap-odours; neutralise-odours; absorb-odours; cover-walls,self-adhesive wall covering material
Ombrae system,reflect-light; sculpt-image; transform-surface,dynamic image display on building facade
Omo Niha cocomosaic,create-wall coverings; provide-3D effect; offer-irregular texture; enable-easy installation,eco-friendly wall panels
Ondo,reduce sound; absorb sound; improve comfort; enhance aesthetics,acoustic panels and decorative wall coverings
Onduclair,reinforce-sheet; provide-resistance; transmit-light; facilitate-installation,daylight-transmitting roof panels
ONE-DNA™ artificial grass,simplify-recycling; reduce-carbon emissions; enhance-quality; meet-safety standards; provide-durable surface,eco-friendly play surface for children
One Yarn of Plastic,print-surface; adapt-surface; create-pattern,custom wall coverings
ONYX HPL by Forner,provide strength; offer impact resistance; ensure scratch resistance; allow easy removal of micro scratches; retain vibrant hues; guarantee durability,kitchen countertops and wall panels
Onyx Solar Thin Film,generate energy; cool space; maximize light entry,building integrated photovoltaic glazing
Opt Alpha Gel,optimize-contrast; improve-luminescence; decrease-reflection; enhance-shock resistance; release-stress,LCD display enhancement
Optical Micro Prisms,light guiding; de-glaring,office lighting fixtures
Opto4D,provide-depth-effect; resist-abrasion; withstand-UV-light; allow-outdoor-use; enable-printing,decorative lighting lampshades
Opulent wall covering,provide insulation; enhance acoustics; create 3D effect,decorative wall panels
Opus Romano,provide aesthetic; resist wear; enable customization,mosaic tile flooring in public spaces
Orange Fiber,nourish-skin; provide-softness; offer-lightweight; allow-opacity; enable-shininess,silk-like clothing made from citrus byproducts
Orb (organic refuse biocompound),convert-waste; create-sheets; mould-products; replace-wood-based materials; maintain-breathability,dry lining for interior construction
ORCA 270,provide strength; resist weather; enable flexibility,inflatable flooring for recreational use
Orca T Fabrics,provide durability; offer weather resistance; ensure UV protection,outdoor signage material
Orca Tech 290 Foamed,insulate-surface; coat-fabric; protect-structure,insulated outdoor fabric cover
Organic Blocks,moulding-technology; mass-pigmentation; cutting-pieces,decorative wall panels
Organic cotton,provide softness; enable breathability; allow moisture absorption,organic fabric for clothing
Organic Line of Decos and Liners,change color; enclose designs; blend with materials,decorative wall cladding
Organic linen,provide-fibre; ensure-sustainability; minimize-waste,organic fabric for clothing
Organic Photovoltaic (OPV),convert-light; adapt-shape; absorb-light,flexible solar panels for various surfaces
Organoid® CARPE DIEM,regulate temperature; cancel noise; regulate moisture; support indoor climate,natural wallpaper for interior design
Organoid® KORNBLUME BLAU,create-surface; induce-calm; regulate-temperature; cancel-noise; regulate-moisture,decorative wallpaper for interior design
Organoid® MOOS MIX,regulating-moisture; improving-indoor climate; providing-freshness; creating-natural design,decorative wallpaper for interior spaces
Organoid® SKELETTBLÄTTER,create-lightness; provide-privacy; enhance-aesthetics; adhere-to-surfaces,decorative wall covering with light effects
Organoid® WILDSPITZE GOLD,create-surface; provide-fragrance; enhance-aesthetics; support-sustainability,decorative wallpaper for interior design
Organza with latex,create-objects; design-three-dimensions; allow-colors-to-play; produce-bright-colours,three-dimensional silk paintings
Origins,minimize waste; provide decoration; create unique patterns,restroom and shower partitions
Orimetric,shock absorption; sound absorption; expandable structure; collapsible form; shape memory,foldable sound-absorbing panels
Ornilux Bird Protection Glass,reflective-coating; transparent-characteristics; energy-efficiency; bird-strike-protection,bird-safe window glazing
ORO collection,provide-elegance; offer-durability; enhance-aesthetics,countertops and vanity tops
Oscuro,create-carpet; treat-surface; provide-acoustics,natural fiber carpet for interior spaces
Osis technique,draw-water; absorb-liquid; create-patterns,decorative wood treatment
Ostrich Leather,provide softness; offer flexibility; ensure durability; prevent cracking,luxurious handbags and accessories
Ostrich Leather,enhance-flexibility; preserve-texture; provide-aesthetic,luxury handbags and accessories
"Ott (natural resin, lacquer) porcelain",glaze-noun; evaporate-verb; recycle-verb; reuse-verb,domestic ceramic objects
Ottan Materials,upcycle-noun; cover-noun; support-noun,eco-friendly kitchen worktops
OurCarbon Black,sequester-carbon; reduce-emissions; colorant-pigment,black pigment for 3D printing filament
OurCarbon,sequester-carbon; neutralize-footprint; divert-landfill,carbon neutral structural concrete
Outdoor Carpet Tiles,create-pattern; form-pavement; provide-durability; resist-weather,pavement tiles for outdoor spaces
Outdoor fabric,provide shade; resist wind; offer flame retardancy,marine boat windscreen mesh
Outdoor hemp fabric,filter-UV rays; resist-weather conditions; protect-climate exposure; provide-transpiration capacity,outdoor furniture upholstery
Ovatta,create-bespoke interiors; customize-furniture; affect-mood; combine-colours; tailor-design,floor-to-ceiling wall closet
Oxydum,control-oxidation; create-timeless shapes; enhance-style,decorative architectural elements
Oz Wall of Light,absorb-sound; resist-fire; transmit-light,translucent indoor wall panel
Ozeon® façade panels by Verometal®,provide lightweight panels; apply real metal surface; engineer environmentally friendly design; create metal appearance,exterior façade cladding
PACK’ON Classic,offer-transparency; ensure-integration; provide-smooth texture; maintain-rigid structure,heat-sealable packaging bags
PACK’ON Shrink,provide sustainable packaging; shrink around products; offer high-quality finish,biodegradable packaging for consumer goods
Padded wall tile,decorate-wall; provide-cushioning; maintain-ease,decorative wall tiles
Palazzo Collection,enrich-nature; result-designs,waterstruck ceramic brick
Palm fibre packaging,decompose-packaging; renewable-material; compostable-packaging,disposable food packaging
Palm Panels,secure-noun; provide-noun; create-noun; fill-noun,interior wall cladding
Palm Veneer,transform-nature; reduce-emissions; support-local-market; empower-workers; contribute-soil-fertility,sustainable interior paneling
Palmleather Filigree Rug,provide comfort; offer durability; create aesthetic appeal,decorative area rug for living spaces
Palmleather,softening-leaves; providing-alternative; reducing-pollution,biodegradable slippers for hospitality industry
Palmwood,provide-structure; offer-durability; support-construction,wooden furniture frames
Pampas Grass paper,create-materials; develop-strong; develop-flexible; highlight-attributes,biodegradable paper production
Pandomo wall,finish-noun; colour-verb; clean-verb; render-verb,decorative wall and floor finishing
Pandomo Loft,provide flooring; resist abrasion; offer UV stability; ensure fire resistance; create smooth texture,large-area seamless flooring for public spaces
Panelite,bonded construction; high strength; excellent resistance; lightweight composites,partition walls for interior spaces
Panelox – Double Anodized Haze pattern,reduce glare; mitigate reflection; preserve appearance; achieve finish,façade panels for architectural projects
Panespol “ETNA”,provide insulation; resist flames; allow customization; facilitate installation,decorative wall panels
Panespol Kioto,seal-walls; insulate-walls; customize-panels; resist-flames; resist-water,decorative wall panels for interiors and exteriors
Panespol,imitate-nature; provide-insulation; resist-chemicals; adapt-fit; cut-easily,decorative wall paneling
Pantoni,extend service life; provide sustainability; offer decor freedom,sheet materials for furniture surfaces
Paola Lenti,developed-textile; resistant-yarn; durable-textile; anti-bacterial-material; UV-resistant-colours,outdoor collection rugs and furniture
Paper Architextile,provide-acoustic performance; create-decorative effect; serve-as wall covering,acoustic wall covering for interior design
Paper bricks,turn-pulp; combine-wood glue; press-shape; create-sturdy bricks,building material for walls
Paper Carpet,provide-non-slip; offer-fire resistance; ensure-stain resistance; allow-easy cleaning; maintain-flexibility,washable carpet for public spaces
Paper Clay,reduce-waste; enhance-aesthetics; integrate-designs; manufacture-materials,interior design materials from waste paper
Paper Factor,provide-sound insulation; provide-thermal insulation; resist-moulds; resist-parasites; resist-fungi; repel-water,surface covering for walls and ceilings
Paper Objects & Structures,absorb-sound; decorate-wall; construct-structure,decorative acoustic wall covering
Paper Range,create-non woven; provide-luxurious finish; support-sustainable practices,sustainable wall covering
Paper sculptures,create-sculptures; upgrade-quality; combine-techniques,artistic paper sculptures
Paper textiles handmade,create-structures; provide-covering; enable-dividing; offer-decorative-use,autonomous interior objects and wall coverings
Paper Textiles 1,weave-textile; expand-fiber; shrink-fiber; wash-textile,room dividers made from woven paper textiles
Paper touch,provide softness; offer washability; simulate paper texture,textile for clothing with a paper-like feel
Paper Waste Panel,reduce waste; maintain durability; provide functionality; ensure minimal impact,sustainable wall cladding panels
PaperForms,create-patterns; install-temporarily; install-permanently,3D wallpaper tiles for interior design
PaperLite,provide packaging; enable food contact; allow flexo printing; support graphic reproduction,sustainable food packaging solution
Papermilk,provide tactile feel; enable printing techniques; offer environmental certification,high-quality printed communication materials
Paperstone,reduce energy consumption; provide compressive strength; offer water resistance,sustainable countertop surface
Paperworks,produce-paper; hand-dye-colours; enhance-textures,handmade paper for architectural installations
PapierTile,create-surface; provide-durability; ensure-waterproofing,wall covering or continuous flooring
Paptic paper,replace-plastic; biodegradable-material; recyclable-material; heat-sealable; stretchable-material,biodegradable carrier bags
Paraglass,bonded-layers; impregnated-resin; compressed-rebound; mechanically-strong; chemically-resistant,sandwich structures for marine vessels
Parallel,provide warmth; offer softness; resist fire; resist UV; resist weather,3D jacquard textile for apparel
PARAPAN,provide durability; resist moisture; enable thermoforming; allow machining,high gloss kitchen cabinetry
Parchment,preserve-manuscripts; enhance-interior; treat-skins,restoration of historical documents
Pattern Design,create pattern; provide finish; fill kerf,laser-cut decorative wall panels
Pattern,provide-noun; interpret-noun; form-noun,structured carpet tiles for workspaces
Patterned aluminium and stainless steel,provide-aesthetic finishes; eliminate-defects; hide-damage; reduce-friction; increase-strength,cladding systems for buildings
Kokoboard Peanut Shell,reduce CO2 emissions; resist moisture; resist flame,biocomposite particle board for interior walls
Pearl Perfect,optimize-resin flow; minimize-surface blemishes; increase-colour intensity,high-quality flooring with white effects
Pearlescent blue glazes,create-tiles; enhance-experience; design-geometry,public space tiles for urban environments
Pearlnera,enhance-optical appearance; create-transparency; provide-smooth surface; evoke-associations,kitchen countertops and bathroom surfaces
Peat acoustic panel,absorb-sound energy; improve-room acoustics,acoustic panel for wall and ceiling
Pebble Mosaic black sumatra,create-surface; provide-aesthetic; suit-light-curved-surfaces,seamless floor or wall covering
Pebble Mosaic Mix Flat,create seamless surface; provide natural look; suit light curved surfaces,decorative wall or floor covering
Pebbles,provide comfort; offer durability; enhance decor,deep-piled domestic carpet
PEELSPHERE®,reduce carbon footprint; design for circularity; create biodegradable sheets,vegan leather alternative for fashion accessories
Perch Leather,provide durability; offer flexibility; allow customization; exhibit glossiness,handcrafted leather goods
Perclax®,provide optical clarity; resist atmospheric agents; protect against UV,facade panels for buildings
Perforated Façade Systems,create patterns; provide ventilation; support structures,back-ventilated facade systems
Perforated Metal,provide-lightweight; offer-strength; create-transparency; enable-reflection,wall and façade cladding system
Perforated wood,create designs; vary size; provide privacy; illuminate patterns,light shade with decorative patterns
Perlrochenleder,provide durability; offer abrasion-resistance; enhance aesthetic appeal; increase rigidity,high-end fashion accessories
Perltec Colibri,transform-noun; combine-noun; press-noun; cut-noun; create-noun,decorative glass panels with custom designs
Perltec Cottone Superbo Cordoni,transform-noun; combine-noun; cut-noun; slice-noun,decorative glass panels
Permali,provide insulation; offer stability; resist water; support mechanical strength,insulating flooring for electrical installations
Persiskin persimmon leather,create-textile; emboss-material; print-material,vegan leather for fashion accessories
Perspective Tiles,create-tile; enhance-perception; cover-wall,3D decorative wall tiles for indoor and outdoor use
Perspex Coral,block-UV light; alter-colour; resist-damage; reduce-optical distortion,outdoor fencing panels
Perspex Fluorescent,provide-non-glare; offer-fluorescent-edge; enable-cutting; enhance-aesthetics,in-store point of sale displays
Perspex Impressions Linear,add-texture; resist-wear; provide-depth; appeal-retail,textured wall panels for retail interiors
Perspex Sparkle,provide shimmering effect; resist UV damage; offer weather resistance; allow for customization,interior signage and display panels
Perspex Spectrum LED,improve visibility; diffuse light; eliminate hotspots,LED illumination panels
PERSPEX®,transforming-creative ideas; matching-colours; creating-bespoke hues,customized display panels for retail environments
PET Felt Acoustic Panels,decrease sound reverberation; cover walls; cover ceilings; divide rooms,acoustic wall and ceiling panels
PET Felt Acoustic Panels Arcs,decrease sound reverberation; demonstrate acoustic performance; process in various ways,acoustic wall or ceiling panels
PET Felt Acoustic Panels Dots,decrease sound reverberation; improve acoustic effect; cover walls; cover ceilings; create room dividers,acoustic wall and ceiling panels
PET Felt Acoustic Panels Parallel,improve-acoustics; decrease-sound reverberation; create-patterns; mount-easily,acoustic wall panels
PET Felt Acoustic Panels Rainbow,decrease sound reverberation; demonstrate great acoustic performance; allow tileable design,acoustic wall panels
PET Felt Acoustic Panels Streets,decrease sound reverberation; demonstrate acoustic performance; mount on surfaces,acoustic wall or ceiling panels
PET Felt Acoustic Panels Stripes,decrease sound reverberation; provide acoustic performance; cover walls and ceilings; create room dividers; allow custom installations,acoustic wall and ceiling panels
Acoustic PET Felt,absorb-sound; insulate-thermally; reduce-noise; provide-design-freedom,acoustic wall panels
PET Felt Wall Shingles Half Cove,decrease sound reverberation; create unique expression; mount on walls,acoustic wall treatment
PET Felt Wall Shingles Round,decrease sound reverberation; demonstrate great acoustic performance; add elegant touch,acoustic wall design panels
PET felt,improve acoustics; reduce reverberation; provide sound insulation; create wall decoration,acoustic wall panels
Pet Textile,provide-waterproof; offer-breathability; ensure-flame-retardance; resist-oil,backpack raw material
Petersen Tegl,create-bricks; produce-tiles; customize-sizes; enhance-colour,facade bricks and floor tiles
PHA,biodegrade-nature; store-carbon; produce-plastic,biodegradable 3D printed components
Phee seagrass board,compress-noun; clean-noun; dry-noun,flat panel for interior design
Phellem collection,protect-nature; preserve-material; create-barrier,decorative wall panels
Phenol Sodium Ascorbate Developer,reduce-silver ions; adjust-pH; stabilise-image; halt-action,eco-friendly photographic developer solution
PHENOMENON – Honeycomb,provide-wall covering; express-originality; resist-acid; facilitate-cleaning,decorative wall tiles for interior spaces
PHENOMENON – Rain,express-nature; resist-acid; cover-wall; maintain-ease,decorative wall covering
Phoenix Leather Collection,replace-wood veneer; create-decorative panels; reuse-leather belts,interior decorative wall panels
Phoenix,create-panel; improve-acoustics; design-wall; provide-texture,acoustic wall panels
Phonika Steel,provide-EMI shielding; enhance-durability; support-home decoration; assist-upholstery,upholstered furniture with EMI shielding
Phonstop,absorb-sound; form-tiles; install-easily,rigid sound-absorbing ceiling tiles
Phosphorus in Concrete,mixing-particles; giving-light,light-emitting concrete surface
Photo Engraving Formliner,create-surface pattern; transfer-image data; recreate-image; contribute-aesthetics; enhance-economic efficiency,decorative concrete surface
PhotoCast,create-tile; provide-durability; suit-sealer,bas-relief wall tiles from photographs
Photochromic Pigments,change colour; offer advantage; combine with colourants,photochromic lenses and sunglasses
Photoglas,unify- photography; integrate- light; transform- space; produce- shadows,light-transmitting architectural sculptures
Photopia AQ Ink,change colour; activate with UV light; mould into resin,light adjusting film for windows
Piavetro,protect-noun; embed-noun; create-noun; illuminate-noun,laminated safety glass partition walls
Pierreplume,reduce-noise; enhance-aesthetics,acoustic wall coverings for interior spaces
Pillow Black & White,resistant-weather; durable-material; hardness-coefficient; wear-resistant,high-end flooring tiles
Piñatex,provide texture; serve as a textile; offer sustainability; act as a leather alternative,vegan-friendly handbags and accessories
Pine needle paper,create-paper; produce-textiles; provide-insect-repellent,scented paper for interior design
Pine needle textile,harvest-fibres; make-yarns; dye-yarns; print-textiles; keep-insects-at-bay,natural fiber textiles for clothing
PineSkins,preserve-softness; coat-finishing; enrich-colour,leather-like material for fashion accessories
Pintark surfaces,create-surface; offer-solutions; celebrate-technology; enable-innovation,ornamented wall panels for interior design
Pintria,pack-noun; form-verb; take-screw; allow-sanding; coat-noun,decorative sculptures and functional objects
Pinwool,enhance-acoustic; filter-toxic substances; insulate-humidity; repel-dirt; clean-self,self-adhesive acoustic wall panels
Pipe & Drop,provide-partition; allow-backlighting; support-lighting; fold-minimally,self-standing decorative partition
Piramid,provide-grip; offer-customization; ensure-anti-slip,anti-slip flooring material
PIRARUCU (ARAPAIMA GIGAS) FISH LEATHER,produce-noun; preserve-noun; increase-noun; protect-noun; biodegrade-noun,luxury fashion accessories
PIRROUET® carbonated facing bricks,absorb-CO2; create-carbonates; harden-brick; reduce-raw materials,sustainable facing bricks for construction
Pitted Spatulata,create-finish; improve-working characteristics; apply-coats; polish-surface,decorative wall finish
Piumafil,regulate-temperature; absorb-humidity; provide-filling,filling for cushions and pillows
PIURO biodegradable leather,create-eco-friendly products; showcase-natural beauty; provide-soft texture,eco-friendly fashion accessories
Pivot Origami,create-appearance; offer-comfort; provide-breathability; ensure-flame-retardance,three-dimensional upholstery for furniture
PL Building insulation,removes-CO2; stores-CO2; regulates-temperature; regulates-moisture; insulates-building,passive house insulation system
Hydrospan,enlarge-shape; increase-size; produce-molds; absorb-water; stretch-matrix,enlarged museum exhibit replicas
Pladec,design-noun; manufacture-noun; cover-noun; create-noun,architectural and decorative wall panels
Plain fabric TU 23N,provide flexibility; offer decoration; serve as wall covering; create room divider,flexible wall covering for interior spaces
Plana wood (Husk Plastic Composite),offer durability; resist water; resist termites; resist rot; support sustainability,outdoor decking and cladding
Plant-based paint,replace-fossil resources; provide-durability; reduce-harmful substances; offer-sustainability; ensure-quality,eco-friendly interior wall coating
Plant-Based Wood Coatings,reduce carbon footprint; provide wood protection; enhance environmental sustainability,eco-friendly wood finishing solutions
Plant Culture,thermoform-panel; recycle-panel; biodegrade-panel,interior space-dividers and partitions
Planterial panels,develops-panel; manufactures-materials; uses-by-products; binds-organically; biodegrades-harmlessly,biodegradable panel materials for interior design
Plantics bioresin composites,act as binder; enable plastic-free cultivation; create wood-like composite; produce biobased chipboard; serve as raw material for insulation,recycled paper-based plant pots
Plarix,reduce waste; create patterns; provide colors; enable cladding; allow sculpting,cladding panels for buildings
Plasma Rock Tilbury tiles,reduce landfill waste; create dense tiles; provide low carbon solution,sustainable flooring tiles
Plastic and natural Raffia,stitching-noun; joining-noun; applying-noun,textile art panel for wall decoration
Plastic Soup Future | PSF©,make-sustainable products; press-sheet material; resist-damage; provide-coating,tables and tile floors
Plastic Stone Tiles,create-novel material; increase-perceived value; reduce-natural resource consumption,aesthetic flooring tiles that mimic natural stone
Plasticiet,create-non-constructive panels; provide-rock-like appearance; enable-furniture making; allow-interior design,stone-like decorative panels
Plastilight,react-UV light; collect-light; increase-luminosity,luminous signage and displays
Platinox,create-pattern; enhance-stiffness; provide-rigidity; improve-sound-absorption,decorative wall panels with leaf patterns
Platinum,regulate-temperature; absorb-humidity; maintain-heat; provide-comfort; offer-freshness,summer and winter garments
Platonised wood,acquire-tint; weather-gray; ensure-compatibility,outdoor facade cladding
Plaw,copying-grain; creating-identical pieces,translucent wood-like decorative panels
Play,mimic-doughs; form-glue; combine-production; create-freedom,colorful adhesive sculptures
Playful,create-environment; evoke-joy; stimulate-senses; lift-mood,vibrant patterned carpets
Pleated Seat,provide strength; create structure; offer visual effect; enhance tactility,pleated seating design
Plectere,dampen sounds; introduce texture; improve wellbeing; demarcate spaces; absorb sound waves,acoustic room dividers
Plexwood – Acoustic,provide-sound insulation; absorb-sound; expose-veneer,acoustic wall panels with decorative finishes
Plexwood,customized-application; stronger-structure; sustainable-material,architectural panels for interior design
PLUMA KIWI,reduce-noise; enhance-sound quality; increase-durability; provide-comfort,acoustic wall panels
Plunge Reflective textile,reflective-print; water-repellent,reflective outdoor clothing
Formica® Plus Color,mixing-colour; offering-textures; tapping-trends,interior wall panels
Ply Project – FLEX,sandwich-layer; supporting-structure; flexible-partition; lightweight-furniture; manipulable-design,flexible chair series
Ply Project Wavy,absorb-sound; diffuse-sound; improve-acoustics; transform-space; provide-aesthetic,acoustic wall panels for interior design
PLY Wall Element,absorb-sound; diffuse-sound; translucent-panel; acoustic-element,acoustic wall panels for restaurants
Plyben,support-structural element; finish-aesthetical materials; customize-external layer,partition walls in interior spaces
Plynyl floor tile,allow installation; increase sustainability; leave no residue; improve feel,removable flooring tiles for raised access floors
POLAR,reflect-heat; enhance-durability; provide-aesthetics; ensure-stability,architectural powder coating for metal surfaces
Polaris,resist-shock; resist-scratches; resist-heat; resist-fingerprints; provide-smoothness; provide-durability,anti-bacterial table tops
Polimarble,provide-alternative; ensure-resistance; allow-moulding; enable-post-processing,decorative surface panels
Polyester Textile,produce-fabrics; create-upholstery; design-decoration,jacquard upholstery fabrics
Polygood,offer-sustainable choice; create-distinctive patterns; contribute-unique story; provide-environmental certification,decorative surface material for furniture
Polygrow,act as substrate; provide drainage; buffer water; reduce weight; decrease irrigation needs,green roof system
Polyhedra,adapt-indoor and outdoor environments; resist-water and humidity; provide-flame retardant version; allow-easy cleaning,outdoor upholstery fabric
Polyjet Digital Materials,combine-nouns; simulate-nouns; provide-nouns; create-nouns,haute couture dress with varying material properties
PolyMarble – Recycled PS,imitate marble; create products; blend with styles; add luxurious touch,decorative surfaces and fixtures
Polymer concrete ‘coins’,reinforced-fibreglass; non-capillary-water-attraction; polished-metal-disc-integration,facade cladding and floor covering
Polymer concrete glass,reinforced-non capillary; attract-water; polished-translucent,facade cladding and floor covering
Polymorph,transform-into shape; mould-into components; reheat-thermoplastic; fuse-into clear material,orthopaedic splints
Polyrey Collection,create-decorative boards; manufacture-interior fittings; market-decorative products,interior wall paneling
Polyurethane fake leather,provide durability; simulate leather; offer flexibility,upholstered furniture covering
Pomastic,improve-mechanical properties; enhance-aesthetic qualities; generate-patterns,bio-based molded decorative panels
Ponda BioPuff®,offer-thermal performance; support-wetland restoration; reduce-agricultural emissions; provide-structured padding; maintain-water resistance,high loft insulation for garments
POP Panel,provide decoration; facilitate cleaning; offer durability,interior wall paneling
Poraver,provide lightweight aggregate; offer thermal insulation; offer acoustic insulation; ensure chemical resistance; prevent silicosis,lightweight concrete for construction
Porocom Stones,reduce sound pollution; provide decorative surface; absorb sound,decorative sound-absorbing wall panels
Porocom,reduce sound pollution; absorb noise; provide aesthetic wall cladding; create floor tiles; form roof tiles,noise absorbing fence
Porofoam-ac,provide-lightness; offer-stiffness; enable-acoustic-ability; ensure-recyclability,acoustic panels for architectural lighting
Positive Plastics Kit,reduce-footprint; enable-communication; support-injection-moulding,high quality consumer electronics
Post-consumer recycled denim,recycled-fabric; woven-upholstery; color-mixing,upholstery fabric for furniture
Post-Fuel Project,transform-image; enclose-carbon-dioxide; provide-finish,tiles for architectural design
Potato cork,prevent-weed growth; provide-water repellence; offer-fire resistance; isolate-heat,covering material for plant containers
Powder Coating,provide-scratch resistance; reduce-carbon footprint; allow-reuse of overspray; apply-durable finishes,automotive exterior coating
Power Glass,combine-LED chips; apply-transparent conductive coating; protect-components; create-lighting patterns,illuminated glass panel with embedded LEDs
Power Plastic,generate electricity; enable flexibility; reduce weight; provide versatility,lightweight solar energy harvesting devices
Pral,resist-scratches; resist-heat; resist-shocks; provide-translucence; create-polished surface,kitchen and bathroom sinks
Prambanam mahogany bark,provide texture; offer durability; create 3D effect; allow easy installation; protect against fungus,decorative wall panels for indoor spaces
PreBeam,support-thin plates; manufacturing-curved surfaces,curved surface support structure
Prefa-Design,increase-value; offer-resistance; provide-visual-attraction,façade cladding for buildings
Prefa Solar,integrate-solar cells; maintain-structure; reduce-visibility,solar roof panel system
Premier modular flooring,provide strength; ensure sound insulation; offer scratch resistance; allow flexibility; enable recycling,durable flooring solution with lifelike designs
Preserved Pillow and Flat moss,provide-aesthetic; offer-durability; ensure-maintenance-free,interior design elements with natural aesthetics
Press mouldings,produce-moulded parts; adapt-technical behaviour; form-free-form surfaces,cladding and decoration elements for furniture
Pressed Colour Glass,create-play of light; change-colour; provide-relief,decorative wall panel
PressLoad Aluminium,provide-strength; deform-predictably; offer-high-tech-solution; enable-mass-production,exhibition stand structure
PressLoad Plastic,absorb energy; provide strength; deform predictably; enable design versatility,energy absorbing structure for vehicles
Pretty Plastic Plant,recycle-plastic; sort-plastic; wash-plastic; grind-plastic; mould-plastic,pavilion built from recycled tiles
Second High tile,offer-solution; match-regulations; provide-ventilation; enable-design-flexibility,ventilated facade systems
Pretty Plastic tile,protect-noun; resist-fire; resist-weather; resist-UV,sustainable façade cladding tiles
Primofiore,soft-surface; tactile-texture; vertical-application; horizontal-application,interior furnishing elements
Primordial Pigments,produce-pigment; multiply-bacteria; develop-colours; reveal-patterns,textile block printing with microbial pigments
Printed and relief tiles,create-patterns; print-images; connect-tiles,decorative wall surfaces with patterns
Printed Cement,screen-printing; decorating; cleaning air,textured wall panels for indoor and outdoor use
Printed concrete,create-slab; achieve-effect,decorative concrete flooring
Printed electronics,allow electronics; improve electronics; offer designer freedom,wearable electronics with integrated lights
Printed floors,support-routing; provide-durability; embed-design,floor covering for commercial spaces
Printed relief on glass,create-structure; apply-coating; print-decorative,kitchen cabinets with printed surfaces
Printed relief on wood,apply-print; create-texture; decorate-surface,decorative wooden panelling for indoor use
Printhane R,provide elasticity; maintain shape; offer flame retardancy,technical parts for security systems
Printing Film,enable-printing; suit-complex shapes; finish-lacquer,decorative object printing
Printtapijt,apply-pattern; create-coherence; print-design,textile flooring with custom patterns
Prior,remove-dirt; allow-maintenance; efficient-drainage; store-moisture; sustain-traffic,outdoor matting for high traffic areas
Priplak Karat,cut-sheet; print-sheet; assemble-packaging,high-gloss packaging solutions
Prism Commodities,diffusing-light; guiding-light; moulding-precision parts; embossing-optics,advanced corridor lighting design
Prism Customized,diffusing-light; guiding-light; moulding-parts; embossing-parts,precision optical sheets for lighting design
Prismatic Sheets,reflect-sunlight; transmit-light,light-diffusing panels
Priva-Lite,laminate-glazing; diffuse-light; prevent-seeing; reorientate-crystals; connect-power,smart privacy glass partition
Pro Clima,provide-vapour barrier; protect-structure; enhance-timber frame; resist-condensation risk; allow-humidity-variable diffusion,timber frame wall assemblies
Pro Climate,absorb-CO2; reduce-CO2 pollution; provide-fire resistance; offer-waterproofing; enhance-durability,sustainable roofing membrane
Profile Series,provide wall; create roof; offer aesthetic; enable installation,vertical or horizontal wall system
Progetto L-14,enhance-aesthetic; provide-surface; offer-durability,decorative wall tiles
Proshield graphene paint,shield-noun; protect-noun; amplify-noun; strengthen-noun,electromagnetic shielding paint for interior spaces
Proud Plastics,enrich-aesthetic quality; extend-product life span; stimulate-designers,rotation moulded design elements
Proyecta,provide-durability; offer-resistance; fulfil-anti-slip requirements,indoor and outdoor flooring solutions
PSYCHEDELIC TEXTILES,introduce textures; support sustainability; expand biomaterials; provide sensory experiences,acoustic panels in luxury hotels
PU Gel,adjust hardness; provide UV resistance; customize colors; offer soft feeling,sports shoes and bags
PU logos,customize-thickness; ensure-accuracy; provide-colors,sport shoes and bags
Puffy coating,create-dimensional effect; provide-bright colors; ensure-lasting adhesion; activate-with steam,decorative fabric designs
Pulpis,provide aesthetic appeal; resist stains; offer durability; ensure hygiene; withstand heat,countertops and cladding
Pure,reinforce-material; mould-component; create-panel; process-fabric; transform-panel,lightweight protective panels for vehicles
Pure Copper,conduct electricity; shield electromagnetic interference; provide flexibility; resist tarnish,drapes and wall coverings
Pure metal tiles,provide-surface; resist-scratch; allow-cleaning,decorative wall tiles
Purebond hardwood plywood,provide adhesion; offer water resistance; deliver strength; ensure flexibility,non-toxic cabinetry and furniture
Putek Mini Hexagon,provide rubbing resistance; offer weather resistance; ensure UV protection,high-performance outdoor gear
Puzzle tile,interlocking-tile; glazed-edge; decorative-wall,interlocking wall decoration tiles
PVD coating,coat-noun; personalise-noun; substitute-noun; enhance-noun,luxury product personalization service
Pyrogel,insulate-high temperature; reinforce-non-woven batting; provide-flexibility; retain-thermal performance,thermal insulation blanket for complex surfaces
Pyrus,mimic qualities; drive deforestation; provide non-toxic substitute; regenerate waste,sustainable wood alternative for furniture
Q-TE-C,absorb-liquid; store-liquid; swell-gel; seal-joints,sealing of pipe connections in sewerage systems
QISO,increase damage tolerance; improve energy absorption; reduce inter-laminar stresses,composite tooling materials
Qmilk felt,provide antibacterial effect; combine natural fibers; bond without plastics; offer softness; ensure flame retardancy,natural fiber fabric for clothing
Quantz,bonding-material; cost-effective-solution; ecological-building; self-cleaning-finish; water-proof; gas-proof,high-tech building material for construction
Quartzite Mosaic,covering-wall; covering-floor; decorative-tiles,decorative wall and floor tiles
Quertec,enhance-design; re-sand-panel; re-varnish-panel,interior sliding doors and decorative panels
R-cast ICE,simulate-appearance; diffuse-light; resist-UV; resist-weather; provide-thermoforming-properties,ice-like decorative panels
R-IRIS Acoustics,absorb sound; resist abrasion; resist flame; maintain structure,recyclable acoustic panel
Radiant,allow light-noun; transform light-noun; highlight qualities-noun,decorative wall panels with light features
RadioScreenTM,offer transparency; provide corrosion resistance; enable RF shielding; allow air circulation; cut easily,window shielding for RF protection
Radiusbelt,modular-belt; high-pulling-force; low-collapse-factor,modular conveyor belt for food processing
Rapid Manufactured Textiles,create-object; interlink-mails; add-colours,protective textile for armor
Rastra,provide-framework; afford-insulation; enable-soundproofing; ensure-fire-protection; resist-frost; reduce-heat-radiation,load-bearing wall system
Raw Paint RWP100,provide adhesion; dry quickly; allow painting,interior wall paint for living spaces
Ray x,support-noun; produce-noun; gain-noun,architectural statement carpet
Raytent recycled acrylic fabric,water-repellent fabric; stain-resistant fabric; light fastness fabric,cushions for sun loungers and chairs
Re-Chipped – Recycled brass/alu with PS,recycling-material; upcycling-material; combining-material; creating-product; enhancing-durability,decorative sheet material for furniture
Re-engineered Paper Residual,reform clay-like; produce granite-like material; incorporate organic blooms; enhance structural resilience,granite-like building material
Re-Value,reclaim-value; create-design,contemporary furniture made from residual stone
Re-veneer,press-noun; cover-noun; shape-noun; gain-noun; arrange-noun,unique furniture pieces
RE-Y-STONE,provide strength; offer stability; resist scratching; support gluing,biocomposite panel for interior surfaces
Real-metal coatings by spraying,create-coating; provide-durability; resist-strain; enhance-aesthetics,metallic surface coating for artwork
Real Wood Origami Veneer,folded-noun; backed-noun; combined-noun,wall art and furniture coverings
Rebound,provide strength; maintain dimensional stability; allow stretch; create web,compression fit in disposable diapers
Recell®,reduce CO2; serve feedstock; add properties; reinforce materials,biocomposite wall cladding
Recemat foam,provide rigidity; offer strength; allow machining; enable conductivity; support humidification,passive humidifier for indoor environments
Reclaim,create-customised; process-wall tiles; produce-lighting; make-interior surfaces; develop-furniture,customised wall tiles and lighting
Reclaimed bricks,reduce-CO₂; provide-sustainability; offer-aesthetic-options; ensure-quality,facing bricks for construction projects
Recoflex,produce-rounded surfaces; reduce air-borne sound; moulding in a moulding press,rounded mouldings and partitions
Recoma recycle board Basic,reduce CO2 emissions; laminate panel; process easily; create furniture; form shapes,partition walls and ceiling finishes
Recoma recycle board Design,reduce CO2 emissions; provide sustainable alternative; enable versatile application; allow easy processing,partition walls and ceiling finishes
Recot,save-resources; biodegrade-fabric; recycle-material,biodegradable knitwear for clothing
Recurf,combine-noun; process-noun; reuse-noun,furniture for retail spaces
Recy-Block,pressing-rectangle; decorating-element; providing-sitting; forming-wall,outdoor sitting elements
Recy Screen,provide structural support; allow translucence; enable artistic decoration,decorative wall panels for lighting
Recycled acoustic Panel,absorb-sound; provide-acoustic; offer-fire-resistance,acoustic panels for soundproofing
Recycled acrylic: Greencast® & Ecocrylic® XT,recycle-noun; maintain-quality; produce-sheets,custom-colored acrylic sheets
Recycled boucle upholstery fabrics,create upholstery; inspire comfort; achieve durability; pass flame retardancy tests; resist abrasion,upholstered furniture for commercial spaces
Recycled collection,create-nonflat wall panels; apply-surface materials; provide-ecological interior products,ecological wall panel system
Recycled Fabric,laminate-fabric; proof-water; provide-comfort,waterproof outdoor clothing
Recycled glass tiles,recycle-noun; create-noun; process-noun,decorative wall tiles
Recycled Glass,minimize waste; recycle materials; conserve energy,mesh-mounted mosaic tiles
Recycled Glaze,replace-ingredients; reduce-dependency; enhance-sustainability,ceramic tiles and tableware
Recycled HDPE,customize-panel; collect-plastics; shred-plastics; wash-plastics,customized multifunctional panels
Recycled HIPS filament,recycle-material; glue-structure; paint-finish,scale model components
Recycled Jeans on The Wall,create-non-toxic coating; provide-aesthetic appearance; enable-easy removal,textile plaster for wall decoration
Recycled Leather,recycle-material; bind-scraps; upholster-furniture; cover-walls,upholstered furniture and wall coverings
Recycled PET blend,recycle-plastic waste; create-fabrics; increase-breathability; develop-finished textile products,high-end fashion fabric for blouses and dresses
Recycled PET felt wall-cover,absorb sound; regulate reverberation; increase comfort; resist impact; counter reflection,acoustic wall panels for sound insulation
Recycled PET,save-bottles; create-fabric; provide-water-repellency; offer-durability; ensure-weather-resistance,outdoor cushions and functional bags
Recycled PIR insulation,reduce-energy consumption; provide-thermal insulation; improve-environmental sustainability,insulation for floors and roofs in buildings
Recycled plastic custom shapes,recycle-materials; create-objects; customize-shapes,bespoke interior objects
Recycled plastic waste upholstery,provide-durability; ensure-flame retardancy; offer-soft touch; enable-color mixing,eco-friendly upholstery fabrics for contract market
Recycled Plastic,prevent moist; allow natural ventilation; provide anti-slip surface; dry rapidly,ventilated mat for outdoor cushions
Recycled rubber tile,provide-non-slip surface; offer-durability; resist-extreme temperatures; ensure-environmental safety,indoor and outdoor flooring tiles
Recycled Terrazzo,reduce CO2; reduce air pollution; provide design freedom,customized sustainable floor finish
i-did felt,produce-acoustic panels; create-bags; manufacture-accessories,sustainable acoustic panels
Recycled vinyl wallcovering,improve-environmental impact; blend-waste; create-synergic interiors; minimise-energy consumption; minimise-water consumption,sustainable wallcovering for interiors
RECYCLED WALL PAINT INDOORS,reuse-non-toxic materials; provide-matte finish; reduce-environmental impact,indoor wall coating
Recycled wood laminate,reuse-nature; repurpose-nature; biodegradable-glue,sustainable flooring solution
Recycombi,provide-vibration absorption; act-vapor barrier; reflect-sound diffusely; enhance-aesthetic appearance,thermal and sound insulation for engine rooms
Recycrom fabric dye,create-pigment powders; apply-suspension; filter-water,dyeing fabrics and garments
Refil,print-noun; reduce-waste; create-filament; provide-strength; ensure-flexibility,3D printer filament made from recycled materials
Reflections,reflective-panel; light-refractive-panel; surface-application; custom-color; edge-polishing,elevator cab interior cladding
Reflective fabrics,make-reflective; improve-visibility; allow-ventilation; enhance-comfort,custom reflective patterns for active sportswear
Reflective,enhance-visibility; provide-breathability; offer-reflectivity,safety apparel for outdoor activities
Reflexions,reflecting-light; fusing-decorative surfaces; creating-durable surfaces,high gloss wall panels
REGABOND-S,provide non-slip; enable temporary fixation; offer cushioning,temporary mounting solution for flat surfaces
Regupol,attenuate impact sound; resist mechanical loads; provide long-term elasticity,soundproofing flooring system
Reholz,prepare-veneer; form-3D; glue-layers; stabilize-laminate,3D formed wood mouldings
Releaf® (PEF),preserve-carbonation; extend-shelf-life; reduce-material-usage; support-recycling,sustainable beverage bottles
Relief Textile,create-complex structures; provide-breathability; offer-lightness; ensure-abrasion resistance; allow-variable thickness,automotive upholstery
Relief,absorb impact; provide comfort; offer resistance; attenuate noise,high-traffic area flooring
RELIEFGLASS,provide thermal insulation; offer solar control; enhance safety; create decorative panels,double glazing for windows and doors
Remake Ceramics,reuse-noun; save-noun; encourage-noun,set of tableware for sharing food
Remake: leather paper,reuse-noun; create-noun; replace-noun; upcycle-noun,luxury printing and packaging paper
ReMoss©,craft- designs; provide- solution; retain- colour; install- easily; repair- holes,sustainable wall cladding
Renew Plus,recycling-yarn; UV protective-fabric; shape retention-fabric; chlorine resistant-fiber,comfortable shapewear items
Renewal,create-furniture; combine-materials; design-accessories; produce-art-installations,custom conceptual furniture and accessories
Renolit 3D,provide decorative surface; enable lamination; create realistic woodgrain prints,laminated decorative surfaces for furniture
REPEAT® Panels,recycle-noun; impact-resistance-noun; waterproof-noun; thermoform-verb,bathroom wall panels
RePit,transform-noun; harness-potential; reimagine-noun; offer-alternative,3D printed decorative tiles
Replex,join-resin; finish-oil; finish-varnish,furniture made from recycled materials
Repreve fibres & fabric,transform-fibres; embed-properties; conserve-water; reduce-emissions,athletic and fashion apparel
Reprint Ceramics,reduce waste; improve ecological footprint; create lamps,3D printed lighting fixtures
RepTILE,create-surface; highlight-form; fit-edges; arrange-tiles,irregularly shaped wall tiles
Resistant tiles,create flooring; resist chemicals; provide anti-slip,chemical resistant flooring
Resopal,impregnate-paper; transform-laminate; integrate-image; provide-scratch-resistance,decorative laminate for kitchen worktops
Resysta,provide durability; offer wood-like appearance; resist weather conditions; require minimal care,outdoor furniture and floor coverings
Revolutional Mild,provide-breathability; ensure-fit; offer-elasticity; resist-pilling; protect-against-UV,lightweight athletic wear
Revolutional,deliver stretch; provide recovery power; resist chlorine; resist UV rays; allow edge-to-edge seam work,competition swimwear and fashion garments
Rezign® Veneer,create-veneer; process-high-quality design applications; deform-heat and pressure; reform-shredded material; compost-combined with natural fibers,veneer in custom interiors such as kitchens and cupboards
Rheinzink Roof and Facade,resist-weathering; provide-structural-support; allow-customization,roofing and facade cladding system
Ri-acoustic,provide-fire-resistance; enable-sound-absorption; conceal-perforations,acoustic wall panels for soundproofing
Ribella terrazzo sink,customizable-sink; repairable-product; recyclable-material,custom terrazzo washbasin
RiBoard,provide-acoustic absorption; offer-fire resistance; accept-varied surfaces; allow-custom dyeing,acoustic wall panels
Richlite Cascade,provide weather resistance; offer aesthetic appeal; allow customization; ensure durability,weather-resistant architectural panels
Richlite Northwest,resist-weather; sustain-manufacturing; provide-durability; develop-patina,weather resistant architectural panels
Richlite Rainshadow,provide weather resistance; offer aesthetic appeal; ensure durability; allow for aging characteristics,weather-resistant architectural panels
Rícino resin (castor oil based),adhere-to porous materials; provide-waterproofing; enhance-aesthetic qualities; offer-sustainable substitute,decorative resin lamp
Ridge,depict-nature; sculpt-patterns; customize-designs,textured wall surface treatment
Rietgoed reed textile,extract-fibres; spin-yarn; weave-textiles,drying cloth for textiles
Riflessi,accentuate-colour; create-effect; apply-lacquer,decorative wall panels
Ringmesh,create-nonflammable curtain; provide-flexibility; resist-corrosion; allow-color customization,fireproof decorative curtain
Ripietra,provide durability; resist weather; support vehicle traffic; require no maintenance; offer anti slip,outdoor flooring tiles
Riverstone,improve-flooring; protect-surface; create-structured-wall; hide-piping; add-lighting,sinuous designed wall system
Rivets,add-latex ink; screen print-pattern; create-relief pattern,decorative wallcovering
Rivuletta,distort-view; transmit-light; provide-privacy,privacy glass partition
RIWOOD Rice Husk Composite,combine-materials; create-alternative; engineer-durability; ensure-sustainability,outdoor architectural elements
Robus embossed leather,provide soft feel; offer good strength; ensure wear resistance; deliver tear resistance; allow embossing characteristics,cases and inlays for personal leather goods
Rocco,hand woven; fire resistant; customized design,interior wall finishes and furniture surfaces
Rockpanel Chameleon,refract-light; change-colour; impact-perception,facade board for buildings
Rockpanel Stones,provide-fire-resistance; offer-dimension-stability; enable-curving; ensure-lightweight-handling,exterior cladding panels for buildings
Rollout Custom Wallpaper,design-noun; apply-noun; represent-noun,custom residential and commercial interior decoration
Rondolo,absorb-sound; install-easily; reflect-light,acoustic wall panel for sound absorption
Root Textile,grow-textile; weave-structure; create-lamps; form-wall hangings; bind-material,acoustic wall hangings and lamps
Roots,mould-stool; evolve-shape; create-continuity; increase-details,evolving stool design
Rosae,create-wallpaper; remove-petals; stick-petals,decorative wallpaper made from flowers
Juta,combine-metal; create-balance,decorative wall panels
Rotterdam Fruitleather,reduce waste; create material; develop products,handbag made from fruitleather
Round rod Ghost,conduct light; make glow,lighting rod for display windows
Roxipan,combine-adaptability; provide-aesthetics; offer-resistance,decorative wall panels for interior design
Royal Grass EcoSense,maintain upright stance; ensure comfort; provide stability; match actual turf,recyclable artificial grass carpet
RT247 ReClay EcoBlend #1,reduce-CO2 emissions; conserve-natural resources; recycle-building materials,sustainable brickwork for construction
Rubia Red,bonding-textile; colouring-paint; dyeing-wool; dyeing-leather; colouring-make-up,natural dye for textiles and coatings
Rubio Monocoat oil Plus 2-C,provide-durable protection; ensure-saturation; reduce-consumption,single-layer wood finish
Rubitherm,store-thermal energy; release-thermal energy; improve-temperature retention,temperature-controlled food delivery system
Rudiments,celebrate-nature; inspire-design; provide-comfort; enable-mix; enhance-aesthetics,random lay mix and match carpet tiles
Rumen,provide durability; offer aesthetic appeal; allow translucence; ensure resilience,upholstery for furniture
Rust Harvest,prevent-nuisance; create-patterns; transfer-colour; capture-moment,decorative interior panels
Rustic Window & Quilted Cloud,allow light; provide rustic effect; cover walls,wall covering for residential spaces
RUSTICORK cork tiles,combat noise; retain temperature; create aesthetic,wall covering for buildings
Rustiles,provide-fire resistance; reduce-smoke density; enhance-stain resistance; improve-abrasion resistance,decorative wall tiles
S.Café coffee fabric,combine-yarn; add-properties; absorb-odours; reflect-UV-rays; dry-faster,fast-drying athletic wear
S-Flute,provide rigidity; enhance compression; allow perforation; enable printing; support coating; facilitate lamination,facade reinforcement panels
S-LEC Sound Acoustic Film,improve-sound insulation; dampen-sound; reduce-noise,laminated glass for soundproofing
S-tilestone flexible,transfer-veneer; adhere-fibreglass; cover-surface; decorate-wall,flexible wall coverings for indoor-outdoor use
S-Tilestone thin,covering walls; adhering to surfaces; providing flexibility; enhancing aesthetics,thin veneer for indoor-outdoor wall cladding
S2 High Tech-Wood,bonding-agent-thermoplastic; resistant-bending; moulded-heated; processed-like-wood; watertight-flexible,weather-resistant outdoor furniture
Sabic Engineering Plastics,offer-color-options; demonstrate-technology; provide-flame-retardant-properties,3D printed parts with varied textures and colors
Sacall,provide-lighting; offer-flexibility; resist-UV; resist-weather; resist-scratch,lighting fixtures with anodised finishes
Safety-Glow Strips,glow-noun; mark-noun,emergency egress marking strips
Safety is a luxury,integrate garment; offer protection; provide comfort; enhance style,bulletproof knitwear for everyday use
Safety Tiles,achieve anti-slip; avoid industrial accidents; provide secure-grip,non-slip floor tiles for industrial areas
SafeWood (Color),provide-non-hygroscopic; offer-fire retardant; protect-against combustion; accentuate-natural look,fire retardant treated wood for interior use
SafeWood FRX,insulate-wood; extend-period; react-gases,fire-resistant outdoor structures
Salmon leather,create-sheet; upcycle-waste; treat-water; tan-leather,sustainable fashion accessories
SALMON LEATHER PANELS,exhibit durability; craft premium accessories; create interior designs; bond without stitching,premium interior wall panels
SAM Panels,produce-panel; recycle-materials; integrate-waste; create-eco-friendly-products,furniture and wall panels
Sandalor Gold S120,mask-colour variations; enhance-visual effect; provide-flexibility,decorative anodised aluminium facades
Sandblasted Wood,transform-surface; craft-wood; engrave-figures,custom engraved wooden panels
Sandwich Panels,provide rigidity; offer lightweight; enable compression,lightweight facade panels
Sandwich Plate System SPS,transfer shear; eliminate need for stiffeners; reduce local faceplate buckling; dissipate strain energy; improve fatigue resistance; increase safety,blast-resistant structural panels
SARATECH Permasorb wallpaper,adsorb contaminants; provide mechanical strength; allow air permeability,decontaminating wall covering for building interiors
Sateen Range,create-wallcovering; encourage-interaction; provide-luxury-feel; support-sustainability,laser cut fabric wallcovering
SatenDecor,create atmospheres; decorate spaces; highlight designs,decorative glass panels for interiors
Satin jacquard,weave-design; produce-complex patterns,decorative upholstery fabric
Satin Ribbon & ZigZag,create-textile art panel; make-lamp shades; form-partitions; produce-blinds; design-curtains,textile art panel for the wall
Saxcell,regenerated-fibre; wet-spinning-yarn; woven-fabric; knitted-fabric,sustainable textile fabrics
Scanbelt S25,transport-belt; modular-design; reduce-motor-output,modular switch belt for production lines
Scapa,recycle-resin; blend-fillers; resist-stains; resist-bacterial growth; adhere-substrates; install-adhesive mortars,kitchen countertops and bathroom surfaces
Scented carpet,combine-naturals; create-structured surfaces; reduce-sound,scented acoustic tapestry
Scoby packaging material,wrap-products; store-foods; compost-nutrition,edible packaging for dry foods
Scoria,glazing-methods; crafting-glaze; forming-layer,ceramic glaze with volcanic rock
Scrapwood Wallpaper 2,create-wallpaper; provide-realistic-finish; allow-washability; enable-custom-designs,non-woven decorative wall covering
Scratch me,change-appearance; enhance-user-experience; promote-sustainability; create-bond,textile for sustainable fashion
Screen Asset,create indoor climate; ensure great view; preserve air quality; prevent growth of stains,dark-coloured window screen
Screen Goo,transform-surface; reflect-light; create-screen,dual-sided projection screen
Screen Natural Silence,absorb-noise; improve-acoustics; reflect-solar,acoustic window screen fabric
Screen Nature Ultimetal,reduce energy consumption; improve thermal protection; provide solar shading; maintain transparency,transparent solar shading blinds
Screen Reflection Plus,reflect-heat; filter-daylight; prevent-glare; guarantee-view,solar control window screen
Screenball,build-walls; build-ceilings; build-partitions,acoustic wall panels
Screenflex,provide flexibility; enable shutters,flexible shutters
Scrusted,create-coating; modify-structure; resist-water,handmade decorative wall finish
Sculptural Mycelium,grow-composite; create-surface quality; enhance-water resistance,decorative wall panels
Sculptured Collection,create-textured panels; provide-decorative surfaces; allow-custom finishes,textured wooden wall panels
Sea emballage veneer,create-unique boards; seal-abnormal breaks; provide-smoky appearance; achieve-port look,decorative wall paneling
Sea silt Ceramics,create-novel ceramics; support-sustainable construction; reduce-energy use; drive-regenerative economy,modular reusable façade systems
Seaborn Throw,hand-knitted throw; indoor usage,bed throw
Seacork,make-waterproof; stop-dirt; provide-resilience; offer-impact-resistance; allow-easy-cleaning,decking for boats
Seadek Sheet,provide non-skid; protect surfaces; prevent scratching; cover imperfections; facilitate installation,non-skid pads for boat surfaces
Seagrass base,produce-panel; cover-wall; bond-materials,eco-friendly wall coverings
Seagrass Carpets,weave-carpet; provide-comfort; enhance-aesthetics; facilitate-maintenance,indoor woven carpet
Seagrass on plywood,repurpose-waste; produce-panels; cover-walls,bio-based wall coverings
Seaqual fabric,transform-nonbiodegradable waste; create-sustainable products; upcycle-ocean litter,upholstery fabric for indoor furniture
SEAQUAL® YARN,contain-upcycled marine plastic; provide-soft texture; offer-good weather resistance,upcycled yarn for textile products
Seaweed dye,extract-pigments; apply-dye; achieve-colours,natural textile dyeing process
Seaweed Foam,reduce-plastic pollution; offer-renewable resource; promote-carbon isolation; minimize-environmental impact,home-compostable packaging products
SeaWood Materials,dampen-sound; insulate-houses; finish-veneer,acoustic panels for interior walls
Seconect,provide strength; offer resistance; absorb energy; prevent delamination; ensure waterproofing,lightweight vehicle flooring
See-thru Acrylic Mirror,reflective-surface; transparent-surface; lightweight-material; impact-resistant-material; fracture-resistant-material,two-way mirror panel
See Your Space,create-illusions; manipulate-perception; distort-space; reflect-light; produce-designs,optical illusion wall coverings
Seemee,provide substrate; allow digital printing; enable backlighting; resist UV; meet flame retardant standards,large digital signage for buildings
Sefar Architecture Fabrics,provide UV durability; improve sound absorption; offer flame resistance; transmit light,light-transmissive ceilings and wall panels
SEFAR ARCHITECTURE INTERIOR/EXTERIOR,transmit-light; absorb-sound; resist-UV; resist-tearing; create-diffusion,tensioned fabric structures
SEFAR Architecture TENARA Fabric,provide-waterproof; enable-weldable; offer-flexibility; allow-light transmission; extend-lifespan,retractable outdoor structures
Sefar Architecture Vision,reduce-energy transmission; create-textile surfaces; interact-natural light,exterior glass curtainwall system
Sefar Textile,filtering-liquid; withstanding-weather; resisting-UV,industrial filtration systems
Segurova,reduce carbon footprint; protect against erosion; support plant growth,anti-erosion fabric for bank protection
Self healing polymers,release-agent; trigger-polymerization; bond-crack; enable-healing,self-healing structural composite
Sensacell,detect-object; provide-sensing-solution; enable-bi-directional-communication; interface-computer-control,interactive sensor surface for smart architecture
Sensitile glass tiles,allow penetration of daylighting; distribute daylighting; contain internal faceting,decorative wall tiles for daylighting
Sensitive fabrics,enhance-breathability; reduce-wrinkling; increase-drying-speed; provide-embossed-decorations,high-performance athletic wear
Sensuede,resist-stains; resist-spills; wash-machine; dry-clean,upholstered furniture covers
Sensus,softens-shape; returns-original shape; shapes-contours; provides-low counter-pressure,mattress with memory foam
SentryGlas Expressions,enable-textures; incorporate-images; provide-UV protection; reduce-noise; control-thermal; control-solar,laminated architectural glass for entry doors
SERALIT,toughen-glass; screen-print-glass; control-heat,shower screens
Serigrafia Longline,simulate wallpaper; create textured surface; bond layers,textured high-pressure laminate panels
SG Phat Shag,provide warmth; offer comfort; absorb sound; enhance aesthetics,luxury area rugs for residential lounges
SG Polly Premium,ensure drainage; provide UV protection; offer colour variation,outdoor lounge flooring
SGG Vario,create-facade; provide-resistance; achieve-attachment,three-dimensional curved frameless glazing system
Shadow deep gold,provide-comfort; enhance-decorative; ensure-durability,deep-piled domestic carpet
Shag Bamboo,provide durability; offer warmth; enable customization,hand tufted carpet
Shamal,provide-sun protection; improve-thermal insulation; resist-corrosion; allow-replacement,building sunscreen system
Shape memory polymers,store-shape information; return-original shape; activate-embossed pattern; verify-authenticity,heat-activated security label film
Sharklet Safetouch,control-bacterial growth; inhibit-micro organism growth; reduce-bacterial growth,hygienic disposable skins for high-touch surfaces
Sharx Braided Sleevings,minimizing weight; maximizing strength; conforming shape; carrying load; increasing stiffness; increasing impact resistance,reinforcement for prosthetics and sports equipment
Sheep Poo paper,create-paper; provide-fertilizer,sustainable writing paper
Sheerfill,provide-non-burning material; offer-lightweight structure; ensure-long-term durability; enable-self-cleaning properties; allow-translucency variation,membrane surfaces for sports stadium exteriors
Shell Homage bioplastic,transform-nature; bond-material; replace-plastic; produce-objects,biodegradable home accessories
SHEPHERD,provide warmth; absorb sound; resist fire; retain shape; resist odour,sustainable wool curtain fabric
ShetkaSTONE,turning waste-noun; forming hardened-noun; controlling density-noun; recycling by-products-noun,table or counter tops
Shikkui Plaster,absorbs CO2; kills bacteria; regulates humidity; prevents dust accumulation; reflects light,interior and exterior wall finishes
Shine,provide-shimmer; enable-printing; support-recyclability,greeting cards with metallic finishes
Shiro paper,print-illustrations; use-recycled waste; support-sustainability,high-quality printed marketing materials
ShowerGuard,seal-surface; transmit-light; reduce-tint; resist-damage; minimize-cleaning,shower enclosure panels
Siberian larch WaxedWood Cladding,provide dimensional stability; offer weather resistance; reduce maintenance requirements; protect against decay,decorative exterior cladding
Sibu Soft Leather,provide covering; offer durability; ensure abrasion-resistance; allow easy cleaning; maintain dimensional stability,upholstery for fashionable living spaces
Sibu Structure Line,create-sheets; offer-design-variations; provide-flame-retardancy,interior design sheets for wall coverings
SibuGlas,create depth effect; offer abrasion resistance; provide flame retardancy,interior design sheets for furniture
SIERRA PAPA (anodized aluminum wire),serve as cladding; act as dividers; function as ceiling panels; provide infill for façades,decorative mesh for architectural features
SIERRA,create texture; provide protection; absorb stains,engineered wood flooring
Siesta Collection,make colourfast; allow cleaning with bleach; resist stains; resist water; resist mildew; exceed hospitality requirements,outdoor upholstery for hospitality furniture
Sign Again,process-noun; recycle-noun; create-noun,sheet material for signage
Signal Delightcoating,charge-noun; provide-noun; resist-noun; apply-noun,photo luminescent tiles
Sileather 3S,provide elasticity; ensure waterproofing; offer stain resistance; pass fire standards,swim caps and swim suits
Sileather 90’S,provide-nonstick surface; offer-weatherproof protection; ensure-flame resistance; resist-stains; sustain-UV stability,baby bottle nipples and kitchen spatulas
Sileather Pebble,provide-skin-friendly material; offer-waterproof surface; ensure-UV resistance; deliver-flame resistance; resist-stains,baby bottle nipples and kitchen spatulas
Sileather Prints,provide-skin-friendly material; offer-waterproof surface; ensure-flame resistance; resist-UV exposure; maintain-stain resistance,baby bottle nipples and kitchen spatulas
Sileather,resist-abrasion; resist-cracking; resist-fading; resist-staining; clean-easily,upholstery for furniture in hospitality
SilentFiber Hemp acoustic panel,absorb-sound energy; improve-room acoustics; reduce-production energy; enhance-fire resistance,acoustic panels for sound absorption
Silentum acoustic wool felt,absorb-sound; filter-pollutants; neutralise-irritants; create-comfortable-climate,acoustic wall panels for indoor spaces
Silestone Volcano,resistant-stains; resistant-scratches; provides-hygienic properties,kitchen countertops
SilicaStone,create-surface; offer-design possibilities; resist-heat; resist-fire; resist-UV,interior and exterior wall tiles
Silicon Compound,mould-into custom shapes; resist-high temperatures; contact-food safe,moulded components for domestic appliances
Silicone yarn,provide-elasticity; ensure-stability; create-structures,swimwear and activewear fabrics
Silicone,create-pattern; emphasize-shine; perceive-differently,iridescent decorative textile sample
Silk Plaster,provide-nature; create-wall covering; apply-DIY material; enhance-interior design,liquid wallpaper for interior walls
Silkplus,provide-comfort; generate-quality; ventilate-air,lightweight outdoor sports apparel
Silpure,apply-antibacterial properties; control-bacteria; adhere-to-fibers,antibacterial textile treatment
Siltex braided sleeves,enhance-thermal stability; provide-high strength; offer-low density,braided sleeves for ballistic protection
Silvadec Deckboards,provide resistance; offer UV resistance; ensure rigidity; allow recycling,deck boards for outdoor spaces
Silver Mesh Fabric,shield-nonion; cover-appliance; create-designs,microwave oven cover
Sinck&Ko Craquelé,create flooring; provide crackle effect; allow color customization,decorative resin flooring with crackle finish
Sinck&Ko GC,provide-durability; create-seamless flooring; allow-texture variation,seamless interior flooring system
Sincrolam CLPL®,enhance-surface; recreate-grain; provide-flexibility; offer-realism,decorative wall panels
Sindrain,prevent-water infiltration; prevent-formation of molds; prevent-moisture accumulation,basement drainage mat
SINH Laminate,combine-noun; offer-noun; use-noun; meet-noun,interior wall coverings and kitchen furniture
"Sisal, more than a rope",change-structure; create-fabric; combine-fibres; dye-fibres,"soft, dyed fabric for textiles"
Six•S,provide-hygienic surfaces; ensure-attractive textures; offer-high strength; maintain-ultra resistance; create-multi-sensory experience,kitchen countertops with hygienic surfaces
Sizopreg,reinforce-bio-plastic; biodegrade-composite; retain-ductility; remain-resilient,decorative panels for interior design
Skai Cool Colors Venezia,reflect-heat; reduce-heating; resist-UV; resist-weather; resist-dirt,upholstered furniture with heat-reflective properties
Skai nature base,replace-materials; avoid-limitations; retain-characteristics,high-quality covering material for soft furnishings
Skai Sastitcho,offer-scratch resistance; provide-flame protection; enable-easy processing,decorative upholstery for intensive living areas
Skai Soshagro EN,interpret skin; suit for furniture; process with sewing; suit for wall coverings,large-format wall coverings
SKIN-BLOCK Wide,provide attenuation; shield against microwaves; adhere to surfaces; allow visibility,transparent microwave shielding film for windows
SKIN SERIES Algae Knit (with Probiotic Finish),encapsulate bacteria; reduce body odour; encourage cell renewal; improve skin immune system,probiotic clothing for skin health
SkinBag,integrate-digital components; personalize-texture; design-art; decorate-interior,textured synthetic skin for fashion accessories
skinny.B,provide strength; offer insulation; enable customization; allow easy installation,ultra-thin wall cladding panels
Sky blue 3D Tiles,reflect-light; run-off-rainwater; resist-frost,façade cladding for museums
Skylt – invisible varnish protection,protect-noun; retain-noun; finish-noun; deepen-noun,invisible finish for wooden floors
Sleeve KNT,provide heat-resistance; offer mechanical robustness; cover transport rollers,covering for transport rollers in automotive glass production
Slimstone,provide lightweight tile; allow bending; enable cutting,lightweight stone tiles for interior walls
Slumber,provide warmth; create texture; offer resilience,upholstered beanbags
Smart Hybrid Textile,absorbent-fabric; quick dry-fabric; ventilation-fabric; water repellent-fabric,outdoor apparel for men and women
SMART-X®,provide-lightweight; resist-moisture; support-digital printing; offer-UV resistance; enable-recyclability,outdoor advertising displays
Smartgel,self-modelling; distributes body pressure; absorbs body heat; supports body; modifies shape,pressure-relieving mattress topper
SmartHeat,improve-durability; enhance-dimensional stability; enable-efficient heat transfer,engineered flooring and decking
SmartSlab,create-strong tile; enable-building component; emit-colours; increase-resolution,digital video display for walls and floors
Smile Plastics,recycle-material; water-resistant-panel; fire-rated-surface; moisture-proof-tabletop; scratch-resistant-furniture,tabletops and worktops made from recycled materials
Smoke out,provide-fire resistance; enable-automatic opening,fire-resistant textile for safety curtains
Snowdrift,reflect-nature; allow-light; provide-texture,decorative wall art
Soft Feel Coating,transform-surface; apply-coating; produce-finish; resist-scratch; resist-mar,automotive interior surface finish
Soft House,harvesting-energy; emitting-light; insulating-air; transforming-curtain,energy harvesting and light emitting curtains
Soft & Safe,offer RF shielding; provide antibacterial properties; enable high conductivity,grounding pad for mattresses
Soft Silica,mold-precise ways; incorporate-copper wiring; create-fascinating surfaces,knitted glass wall tapestries
Soft Step,prevent slipping; provide comfort; withstand temperature variation; facilitate water removal; allow easy cleaning; connect with clips,safety mat for wet areas
Soft-Touch Coatings,apply-non-slippery enhancement; produce-velvety surface; combine-coloured coatings; adjust-customized colour,interior surface finishes
Paper SOFTBLOCK,expand-partition; contract-partition; flex-structure; blend-joints; anchor-surface,freestanding modular partition system
SofTouch paint,create-matte finish; adhere-to surfaces; produce-soft texture; offer-performance finish,automotive clear coat finish
SOHO Serie,create-structured surface; offer-variety of sizes; provide-coordinated design,decorative floor tiles
Soily,create-tile; merge-materials; provide-texture; offer-sustainability,earth-like textured floor tiles
Solanyl,substitute-plastic; biodegradable-material; renewable-resource; convert-biomass,biodegradable shopping bags
Solar cell roof tiles,generate-energy; integrate-solar-collector; absorb-power; connect-cables,solar energy generating roof tiles
Solar Design panels,generate-energy panels; combine-colours facade; ensure-compatibility materials; provide-depth perception,energy-generating facade panels
Solar Glassblock,optimize-energy; insulate-heat; assemble-panels; reduce-cost; facilitate-recycling,solar energy generating building façade
SOLE,soothe-skin; ease-anxiety; heal-infection; provide-comfort; allow-customization,wearable gloves for skin protection
Solid oak floors,provide-appearance; offer-durability; support-structure,engineered flooring for residential interiors
Solid surface full colour,transfer-image; create-image; thermoform-piece,decorated shower wall cladding
Solid textile board,replace-material; provide-sustainability; reduce-waste,high-density board for furniture design
Solid Wood Decorative Elements,manufacture-decorative elements; produce-precision; enable-filigrane work; combine-raw materials; exchange-components; refresh-surfaces,decorative trims for luxury yachts
Solidfloor Lifestyle,provide stability; offer warmth; enhance acoustics; resist scratching,engineered wood flooring for interiors
Soligem,provide-waterproof; offer-tear resistance; resist-UV exposure; enable-custom colors,bathroom mat
SOLIO Soft,provide-flexibility; offer-tensile strength; allow-cutting; enable-sewing; support-hot-melt welding,biodegradable leather alternative for accessories
SOLIO Solid,provide hardness; offer elasticity; allow sanding; enable biodegradability,biodegradable sheet material for furniture
SolTech System,allow-sunlight; absorb-solar energy; heat-air; circulate-air,solar energy roof tile system
Soltis 86 & 92,eliminate-solar radiation; manage-heat; provide-dimensional stability; allow-light passage,external solar protection systems
Soltis,provide-thermal protection; maintain-ambient temperatures; filter-light; resist-wind; enable-storage,solar protective textiles for buildings
Soluble Textile,dissolve-fabric; create-pattern; inspire-design,interactive fashion installation
Solus,provide contrast; protect fibres; allow incorporation; reduce supports; diffuse lighting,architectural fabric structures
Somic,create-fabric; coat-textiles; weave-paper; braid-cord,decorative tying cord for crafts
Sonic Fabric,record-sound; create-textile; transmit-sound,sound-responsive upholstery
Sonoperf,absorb-sound; enable-design; provide-impression,micro-slotted acoustic panels for interior design
Sophie Collection,create-tile; provide-contrast; allow-distressing; enable-glazing,decorative wall panels for indoor spaces
Soprasolar,produce energy; provide waterproofing; adhere layers,solar energy roofing membrane
SopraStar,reflective-membrane; waterproof-membrane; reduce-emissions; keep-building-cooler,heat-reflective roofing system
Soric Flexible Core,add stiffness; reduce weight; eliminate need for flow media; meet cosmetic requirements,thin core laminate for composite structures
Soric,enable-resin flow; limit-resin absorption; provide-adhesive bonding; resist-compression,composite sandwich structures
Soundblox Carbstone,absorb-sound; improve-acoustics; integrate-solution; replace-blocks; fight-pollution,acoustic building wall solution
Soundbounce,enhance sound quality; reduce noise; provide acoustic absorption; support sustainable design; allow colour customisation; create unique patterns,acoustic wall panels and ceiling treatments
Soundless Green Wall,absorb-sound; create-wall; provide-design; customize-panel,acoustic sound absorbing wall panels
Soundreducing Carpet,absorb-sound; reduce-disruption; protect-surface; reduce-fatigue; soak-impact,sound-absorbing carpet tiles
Soundwave,reduce-sound; improve-privacy; absorb-sound; diffuse-sound,acoustic panels for office spaces
SoyaSilk,provide-nature; offer-comfort; enable-sustainability,eco-friendly textile for clothing
Soyol,manufacture-chemicals; produce-biodegradable plastics; perform-like-petroleum counterparts; compound-with-synthetic plastics,automotive seating foam
Space-defining surfaces,manipulate-light; create-aesthetics; control-texture,textured wall tiles
Spacer,provide-breathability; offer-volume; enable-lightweight,3D knitted spacer fabric for apparel
Spalted maple,create-patterns; require-curing; achieve-consistency,veneer and plywood panels
Sparkling Plastic,recycle-waste; shred-material; heat-granules; create-product,recycled plastic products from workshops
Specchi d ’arredamento,create-nostalgic effect; achieve-colour explosion; evoke-depths appearance,decorative wall and ceiling panels
Specchiopiuma mirror,reflective-panel; lightweight-installation; optical-quality-enhancement; versatile-adaptation,theatrical stage decoration system
Special Filaments,3D-printing filament; providing durability; creating textured finishes; offering variety,desktop 3D printed components
Special FX Paints,create-novel effects; provide-color shift; simulate-metal finish,special effect paint for artistic projects
Special Matt Film,provide-scratch resistance; offer-good properties; laminate-directly,presentation product binders
Special Performance Board,provide-rot resistance; reduce-moisture movement; treat-against mould,water-resistant lining board for wet rooms
Special Prints,apply-surface; generate-spark; print-material,interactive printed surfaces for matchboxes
Spectar & Transquieto,absorb-sound waves; enhance-acoustics; resist-fire; resist-heat; resist-cold,acoustic panel for sound absorption
Spectra yarn,engineered-strength; resistant-abrasion; providing-durability,lightweight outdoor gear
Spectrum,create-textile; weave-jacquard; feature-raised cords,curtains and upholstery
Spheres,create-decorative designs; allow-light transmission; provide-privacy,decorative wall panels
Spin Flooring,provide strength; create patterns; offer durability,decorative wall tiles with patterns
Spin steel tile,create ambience; offer possibilities; decorate surfaces,decorative wall and floor tiles
Spiral fabric without backing,create-fabric; explore-transparency; produce-panels; apply-to-products; treat-flame-resistant,textile art panel for the wall
Spot-on – Recycled PP material,provide visual properties; offer environmental benefit; customize in colour; create unique look,countertops and wall surfaces
Sprayflex,cover-cracks; dry-quickly; achieve-hygienic surface; provide-elasticity; offer-mechanical strength,seamless floor and wall finish
Spruce Phoenix,provide fire-retardant properties; offer sound insulation; serve as structural panel; support paintable surfaces,fire-retardant structural panel for interior use
Spun Bamboo,wick moisture; regulate temperature; prevent bacteria; provide comfort; drape like silk,breathable clothing fabric
Spun,extrude-wire; metallize-surface; create-mesh,lace-like mesh for upholstery
Spunlace,bonding-nonwoven fabric; entangling-fibers; yielding-cohesive web,nonwoven fabric for hygiene products
Spymirror,reflective-partition; coated-mirror; optical-film,one way mirror partition for observation areas
Squama® salmon leather,minimize-impact; value-traceability; resist-wear; finish-variety,ornamental leather goods
Square,insulating-material; decorative-element; elastic-structure; dirt-resistant-surface,acoustic wall panels
Squash leather,apply design; raise texture,high-end fashion accessories
Squid,self-adhesive window-covering; transparent light-filtering; heat-reflecting; humidity-resistant,self-adhesive window film for privacy
Stadip,laminate-glass; cut-glass; separate-walls,semi-translucent separation wall panels
STADUCO,optimise-thermal performance; support-external joinery; prevent-moisture swelling; facilitate-accurate alignment; minimise-material waste,building joint profiles for natural stone sills
Stainless steel mesh shielding fabric,permit air flow; resist corrosion; provide shielding; allow light transmission; enable grounding,electromagnetic shielding fabric for electronic devices
Stainless Steel Structures,allow-building; create-impression; vary-aperture; provide-transparency; ensure-resistance,double skin facade system
Stainless steel tile,create tiles; provide aesthetic quality; allow easy installation; ensure durability,loose lay flooring system
Stamisol color FTP 35,protect-buildings; control-humidity; control-thermal performance,ventilated building façade
Stamisol FTD 52,protect-nonliving; control-humidity; control-thermal performance; breathe-air,ventilated facade protection system
Stamped and punched panels,diffuse light; let light show through,decorative wall panels
Standing textiles,create-structure; shape-material; question-use,interior design elements
Starlight,provide-translucency; offer-lightweight; ensure-stiffness; enhance-aesthetics,raised-floor panel with anti-slip finish
Starpath,absorb-energy; store-energy; release-energy; glow-luminosity; enhance-safety,luminous resurfacing for pathways
Starshine face,produce-light reflections; lend-luster; coat-color,decorative glass panels for interiors
Starshine glasterrazzo,provide floor covering; allow individual solutions; resist chemicals; maintain hygiene,jointless flooring solution
Starshine,reflect-light; transmit-light; finish-surface,decorative wall panels
Steel Collection,regulate-light; provide-protection; reflect-sunlight; resist-creasing; allow-washability,light-regulating interior textiles
Steel floor tiles,provide durability; offer aesthetic appeal; resist weathering; allow customization,flooring tiles for urban and residential areas
Steel tiles,covering-walls; covering-floors; decorating-surfaces,decorative wall and floor tiles
Steel,improve-architectural possibilities; transform-finish; respond-aesthetic issues; respond-technical issues; respond-environmental issues,architectural structures and components
SteenFineer (stone veneer),provide aesthetic wall covering; enable flexible application; allow easy mounting; offer weather resistance,curved wall or front desk cover
Stegplatten,provide-decorative surface; allow-deformation; offer-custom executions,decorative wall panels
Stellanyl,provide rigidity; offer strength; enable printing; allow bonding; permit cutting; facilitate milling,rigid sheets for various design projects
Steni Nature Glass,reflect-nature; bonded-to-core; withstand-weather; provide-aesthetic; allow-ventilation,ventilated cladding for building façades
Stimulite Honeycomb,absorb-shock; provide-stability; return-shape; reinforce-structure,cushioning in athletic shoes
Stitch on PVC,sewn-embroidery dots; treated-flame retardant; attached-dividing screen; made-blinds; made-curtains,textile art panel for the wall
Stitched Wood,offer-flexibility; provide-stability; hold-together,customized furniture components
Stitched,make-flexible; make-strong,flexible textile for clothing
Stitching,stitching-panels; custom-sewing-service; manufacturing-textiles,3D acoustic panel manufacturing
Sto-Ecoshapes,influence-form; customise-colour; reduce-CO2 emissions; create-texture,custom façade cladding system
Sto-Glass Mosaic,create-facade; provide-aesthetic; ensure-durability; resist-frost; allow-cleaning,decorative building façade
StoBrick,provide insulation; allow customization; enable design freedom,hard façade cladding for external walls
StoDeco,adhere-bond; work-profile; finish-surface; apply-interior,lightweight interior wall panels
Stolotusan,repel water; prevent dirt adhesion; reduce discolouration,self-cleaning exterior wall coating
of-stone,create-surface; apply-coating; seal-surface,wall and ceiling panels
Stoneplex Sand,covering-wall; design-interior; providing-unique-textures,flexible structured wall covering for interior design
Stoneplex Slate,flexible-wall covering; hand crafted-surface; reproduction-slate,interior wall covering for residential spaces
StoVentec Glass,provide aesthetic; offer translucence; ensure durability; resist weathering,architectural facade panels
Strandgut,insulating-fabric; anti-bacterial-fabric; moisture-resistant-fabric; flame-resistant-fabric; mould-resistant-fabric,sustainable beach bag
Stratificato Print HPL,resist-wear; provide-decorative function; offer-strength; withstand-vapor,decorative wall panels
STRATOS®,create-tactile effect; replicate-textures; apply-coating,decorative surface finish for furniture
Straw Board,connect-naturally; resist-moisture; save-trees,moisture-resistant bathroom ceiling panels
STRAWave,combine-bio-resins; cast-custom-moulds; apply-colour-patterns; achieve-wave-form,non-structural facade cladding panels
Streamribs,form-non-slip surface; invite-walking; accumulate-rainwater,tactile paving tiles for outdoor spaces
Febrik Textiles,adapt-upholstery; reduce-seams; provide-tactile appeal; offer-performance,upholstered furniture with stretch fabric
Stretch Chrome Film,create-nonreflective finish; stretch-accommodate shapes; adhere-pressure sensitive; conform-relax dimensions,automotive interior trim
Stretch Maille,allow-light transmission; provide-visual screening; create-lighting effects; offer-scratch resistance; enable-customization,decorative room dividers
MaterialDistrict,measure-stretch; detect-motion,wearable health monitoring device
Stretch textile,provide warmth; offer durability; enable stretch; create smooth texture,upholstered seating for homes and offices
Striding,create-tile; design-connection; innovate-product,decorative wall tiles with geometric patterns
Stripes Galore Collection,provide insulation; offer breathability; enable wicking; ensure compostability,upholstery for guest seating
Structural Skin,transform-waste; celebrate-qualities; define-role,capsule collection emphasizing material capabilities
Structurally coloured bio material,self-assemble-colour; reflect-light; create-structural-colour,cosmetic colourants for skin products
Structuran/Decoran,create-depth; achieve-color; replace-natural-stone; resist-chemicals; form-curved-panels,interior countertops and furniture
Stylish spaces with metallic surfaces,enhance-light; create-spaciousness; transform-textures,custom kitchen cabinets
Subcutaneous,transform-noun; harden-verb; laminate-verb,acoustic partition panel
Subli Tech,protecting-layer; decorating-surface,photo prints on metal sheets
Sublidot,create-surface; play-light; create-shadow,three-dimensional decorative paneling
Sucre d’Orge,reflector-effect; machine-blasted-surface; painted-colour,decorative wall panels
Sugarcane Bagasse Composites,create-composites; exhibit-sound absorption; combine-natural binders,acoustic panels for interior design
Sugarcrete®,reduce-carbon footprint; combine-sand-mineral binders; produce-bricks,low-carbon bricks for construction
Sugru,mould-adhesive; stick-to-surface; cure-into-flexible; handle-heat; add-grip,custom grips for tools and sports gear
Sunbrella Timeless & On the Road,withstand-weather; resist-stains; retain-colour; merge-durability; offer-versatility,outdoor seating cushions
Supafil,insulate-walls; resist-moisture; reduce-thermal-conduction; install-easily,cavity wall insulation system
Super soft modal blend,soft-textile; lightweight-fabric; breathable-material,luxurious nightwear garments
Superblack,absorb-light; reduce-reflection; suppress-straylight,self-adhesive optical performance foil
SuperFabric,deliver-abrasion resistance; provide-stain resistance; allow-quick drying; reduce-weight,ski jackets and pants
Superform Aluminium,hot forming; superplastic forming,automotive body panels
SuperNature,absorb-sound; insulate-heat; regulate-temperature; provide-aesthetics,custom made textiles for interior design
SuperPan Star,combine-lightweight; offer-clean cut; perform-fastening; respond-load situations,furniture for homes and offices
SuperPan E-Z,offer clean cut; provide excellent response; enable fastening,furniture for kitchens and offices
SuperTherm,block-heat load; reduce-energy costs; reflect-radiation; resist-fire spread,thermal insulation for roofs and walls
Superwool,provide-insulation; exhibit-thermal-stability; retain-structure; allow-flexibility; enable-easy-installation,high-temperature insulation blankets
suprlabs ++VE,conducts electricity; binds permanently; provides antimicrobial benefits; enhances comfort,antimicrobial wound dressing
suprlabs +VE,bonding-substrate; releasing-ions; managing-wounds; customizing-properties,antimicrobial wound dressings
Surface iQ PVC-free Wallcovering,provide-performance; inhibit-growth; pass-standards,durable wall covering solution
Surface Synergy textile,transform-noun; create-noun; merge-noun,textured woven fabric for interior decoration
Surfaces Chip and Stick,transform-noun; create-noun; apply-noun,bespoke dining table for luxury interiors
Surfi-Sculpt®,create features; displace material; produce textures; tailor surfaces,textured surface for heat exchange
Sustainable Chestnut Wood,provide durability; offer sustainability; resist weathering; support structural integrity,garden fencing and landscaping
Sustainable paving tile,replace-sand; clean-granulate; create-tiles; recycle-concrete,sustainable outdoor paving solution
Sustonable,reduce-plastic waste; emit-few toxins; save-energy; lower-carbon footprint; recover-water,decorative surface for interior design
Suwide Capricio,provide-non-woven backing; offer-scratch resistance; ensure-seamless finish,wallcovering for interior spaces
Swart Tiles,decorate-tile; collect-light; glow-nighttime; create-panel,decorative wall panels with luminescent tiles
SWEDBOARD® Fibre,offer-alternative; provide-strength; enable-productivity; maintain-flatness; support-printing,in-store signage solutions
Swirl & Wave Fabric,create-art panels; provide-lighting solutions; form-dividing screens; make-decorative panels,decorative wall art panels
SymbioMat™,reduce environmental impact; provide biodegradable alternative; offer antibacterial properties; prevent slipping; ensure comfort,yoga mat for exercise
SymbioMatter FOAM,repurposing waste; creating biodegradable material; dampening movement; isolating components; packaging electronic devices,packaging for electronic components
Syndecrete,provide strength; reduce weight; resist chipping; create aesthetic; enhance workability,pre-cast decorative tiles and tables
Synlam,reduce weight; maintain strength; provide stiffness,lightweight aerospace air-frame
Synthetic Turf,provide cushioning; simulate grass; resist UV; allow drainage,sports field surface
T-paint Loam textured paint,reduce echo; moisturise; provide texture,interior textured wall paint
Tabu Veneer,provide-colour choice; increase-consistency; highlight-grain character,interior partition walls
Tactile textiles,create-textured surface; merge-silicone textiles; combine-knitted fabric,textured wall hangings for sensory environments
Tactility Factory,integrate-textile; enhance-environment; create-surface; provide-tactile; deliver-aesthetic,integrated textile and concrete surface panels
Stone Tadelakt lime plaster,decorate surface; repel water; resist impact; finish ornaments,decorative wall finish in bathrooms
Takeo Paper,create-business cards; develop-invitations; achieve-translucence; incorporate-texture; produce-patterns,business cards with unique finishes
Tandem Acoustics,absorb-sound; preserve-aesthetic; provide-freedom,acoustic design element for interior spaces
Tao,create-tile; provide-durability; offer-aesthetic,decorative wall and floor tiles
TaOk 3D tiles,create-tile; harden-tile; glaze-tile; reshape-tile; fire-tile,freestanding decorative wall cladding
Taralay,reinforce-flooring; facilitate-maintenance; eliminate-acrylic; treat-bacteria; provide-colour,compact vinyl floor covering
Tarnished sequin,create decorative; enhance visual; provide texture,decorative wall art panels
Tau Carbono,generate microtextures; produce high strength; create geometric glints,porcelain tiles with textured finishes
Tea Clay,retain-structure; absorb-odours; release-fragrance; provide-plasticity; offer-durability,biodegradable tableware made from recycled tea residues
Teak Edge Grain,resist-moisture; resist-insects; provide-durability; offer-stability; self-heal,furniture with moisture resistance
Teak End Grain,resist-moisture; resist-insects; resist-warping; resist-cracking; create-patterns,end grain countertops
Teakwood Embossing Stainless Steel,assure strength; resist corrosion; provide durability; create design,interior and exterior wall cladding
Teatris,provide-nominal expansion; allow-tool-free installation; offer-personalized designs; create-three dimensional texture,modular wall panels for interior decoration
Tec Line,reflect-light; break-beam; generate-stability; create-patterns,decorative metallic carpet
TECELL,create-nested shapes; cut-material; weld-material; print-designs,collapsible packaging containers
Technical Matt,provide antibacterial surface; offer scratch resistance; ensure heat resistance; allow easy repair,kitchen worktops and office desks
Techniclic cladding system,affix-wooden cladding; allow-ventilation; replace-individual pieces,invisible fixation wall and ceiling cladding
Technogel,conform-body; distribute-pressure; maintain-properties,medical cushioning systems
Technology Line,control-light; insulate-heat; resist-fire; block-sound; provide-luminosity,fire-resistant glass block panels
Technowood,provide-durability; enhance-aesthetics; resist-weathering; offer-fabrication-options,pergolas and outdoor furniture
Tecnoglas,provide-scratch resistance; offer-UV stability; create-glossy surfaces,high-gloss kitchen cabinetry
Tecnoglas Mirror,minimise risk; ensure colour stability; create mirror-front,hovering furniture socket
Tectan board,recycle-material; glue-bonding; create-board,colorful board for interior design
tectonitX™,enable-production; reduce-waste; ensure-durability; achieve-strength,large-scale concrete elements for construction
TECU Bond,protect-noun; reduce-noun; install-noun; work-noun; clad-noun,façade cladding system
TECU Copper and Copper Alloys,provide durability; enable creativity; allow design flexibility; support sustainability,external building cladding
Tefor,provide-water resistance; enable-thermoforming; support-recycling,water-resistant laminate sheets
Tegris,provide impact resistance; maintain high stiffness; enable recyclability,ballistic armor
Temal,resist-corrosion; resist-fire; resist-scratch; resist-UV; resist-weather; stay-clean,enamelled facade panels
Tempur foam,adapt-body shape; absorb-pressure; spread-pressure uniformly,mattress for sleep comfort
Tencel Lyocell,manage moisture; provide breathability; offer softness; deliver strength,moisture-wicking athletic apparel
Tendermark Concrete Veneer,create surface; laminate substrate; provide fire protection; resist scratches; resist UV,high-quality handmade concrete surface
Tenite Pebbles,moulded product; extruded product; fabricated product; incorporated fragrance,fragrance-emitting decorative pebbles
Tennage special,transmit-light; fold-bend; sew-attach,lighting fixtures and electronic device casings
Tennâge Wood Veneer,transmit-light; sew-forms; recycle-remnants; attach-backing,lighting products and electronic devices
Tensioned Ceiling System,maintain acoustic transparency; improve ventilation; reflect architectural lighting; define space; provide visibility,flat ceiling system for large spaces
Tensotherm Nanogel,trap air; prevent heat loss; enhance thermal efficiency; transmit natural light; dampen sound,tensile fabric membrane insulation layer
Terra alchemy,combine-metal; conduct-heat; conduct-electricity; change-color; change-texture,ceramic tiles with integrated metal
Terra collection by Feina,emphasize-texture; personalize-appearance; age-graciously,customized terrazzo furniture pieces
Terrart Baguette,provide structural support; offer aesthetic appeal; resist weathering,curved ceramic pipe systems
Terrart,suspended-construction; ventilated-facade; custom-made-solutions,large-sized ceramic façade system
Terravetro,coat-granules; combine-flooring; produce-tiles,mirror-coated terrazzo flooring
Terrazhel,resist-weathering; repel-insects; provide-durability; offer-lightweight,cabinetry and furniture surfaces
Terrazzo Lumina,transport light; emit light; infuse light,back-lit flooring and bar-tops
Terrazzo Lumineo,create-surface; illuminate-effects; distribute-aggregates; group-patterns,fluorescent terrazzo flooring
Terres émaillées,transform-waste; create-tiles; offer-alternative; showcase-colours,glazed ceramic tiles for interior and exterior walls
Tessuto,impregnate-paper; bond-worktops; resist-scratch; resist-impact,high-pressure laminate worktops
Tex-tiles,create-tiles; add-lighting; customize-imprint,translucent decorative wall tiles with integrated LED lighting
Texaa Vibrasto,reduce noise; envelop walls; create harmony; facilitate cleaning,acoustic wall and ceiling cladding
Texaa,sound-absorbing product; dampening panel; fire-resistant material; easy-to-clean surface,sound-absorbing window decorations
Texacoustic,reduce-noise; provide-privacy; offer-flame-retardance,theatre curtains
Texglass,regulate-light; enhance-design; provide-privacy; moderate-transparency,interior partitions with decorative inserts
Texilar,provide-noun; reduce-noun; protect-noun,light armouring system for vehicles
Texlon Foil Systems,adjusting shading; providing insulation; maintaining structural integrity,transparent roofing system
Texlon,provide insulation; resist wind loads; self cleanses,inflatable building envelope system
Texluce,blend-noun; convey-noun; enhance-noun,rear-lit false ceiling
Textile Constructions,provide-acoustics; create-atmosphere; separate-walls,three-dimensional wall separations
Textile glass,laminate-doors; produce-pieces; correspond-wishes,custom all-glass doors
Textile Sensor,sense-pressure; emit-sound,bedside patient alert system
TEXTILE SOFTWALL + SOFTBLOCK,expand-partition; contract-partition; flex-partition; diffuse-light; resist-tear; resist-UV,freestanding modular partition system
TEXTILE WALLCOVERING,add-nature; withstand-use; create-texture; respond-properties,luxurious wall covering for commercial interiors
Textile/resin composite,provide strength; offer stiffness; facilitate recycling; enable moulding,load-bearing panels for building structures
Textiles by Mae Engelgeer,provide warmth; create texture; offer resilience; enhance aesthetics,heavy knit blankets
Textiles by Samira Boon,create-products; harden-fabric; fold-structure; customize-images,folding screens for interior design
Textiles ‘INSECTED’,create-textile; inspire-fashion; provide-translucence; enable-phosphorescence; allow-structural-variation,women's fashion textiles inspired by nature
"Textreme, Texero",reduce interstices; increase fiber volume fraction; provide low weight; enhance surface finish; deliver tough performance,aerospace structural components
Texture bank,create-depth; provide-transparency; design-playful-objects; embed-textures,decorative wall panels for interior spaces
Texture surfaces,create-textures; cover-surfaces; resurface-traces,decorative wall and furniture finishes
Textured Glass,producing architectural; creating decorative; forming structural; enhancing aesthetic,decorative windows and doorlights
Textured synthetic materials,express-noun; develop-noun; behave-noun,textile surfaces for apparel design
Texwood,laminate-panel; join-staves; glue-staves,solid-wood laminated panels for furniture
TFL Cool System,reflect-sunlight; reduce-temperature,interior temperature control in vehicles
That’s Caffeine tiles,provide aesthetic appeal; offer heat resistance; ensure water resistance; enable recyclability,interior wall tiles
The Better Wae flooring collection,expand-lifecycle; create-color-combination; choose-design,custom geometric flooring tiles
The bloq,promote manufacturing; improve air quality; provide thermal insulation; provide acoustic insulation; enable rapid assembly,temporary lightweight building block system
The Breath,adsorb pollutants; filter air; trap bacteria; guarantee transpiration,air purification fabric for indoor environments
The Loomia Gentoo Heated Fabric,generate warmth; provide comfort; enable breathability; allow stretch,heated winter jackets
The Mercury Effect,manipulating-sheet; reflecting-surroundings; creating-artworks; covering-pillars; cladding-walls,wall cladding and free-standing sculptures
The Olive Wood Collection,provide texture-wall panel; exhibit splendid-grain; create geometric-design,textured wall panel from reclaimed wood
The Original Nettle 3D,provide strength; offer heat resistance; enable circular stability,automotive interior components
The production of fatigue,reveal-quality; challenge-standards; enrich-surface; record-production,decorative ceramic tiles
The Subtle Power Of Lines,create-nonlinear effects; enhance-graphic aspect; express-three-dimensionality,decorative wall panels with geometric patterns
The SuprAnodic Collection,provide colour versatility; create uniform look; hide imperfections; endure severe weather conditions; ensure high level of protection,architectural window frames and façades
The Teak Collection,reclaimed-nature; weathered-appearance; carved-design,decorative wall panel
The Wall Project,create-tile; experiment-pattern; introduce-handmade,interior wall decoration with bespoke tile patterns
The Yarn,transform-noun; weave-noun; knit-noun; create-noun,upholstery and curtain fabrics
Theatre,wrap-noun; adhere-noun; cover-noun; decorate-noun; customize-noun,decorative wall and floor coverings
Thermafiber,provide-fire protection; stop-sound; conserve-energy; provide-thermal insulation; efficiently-drain water,fire containment assembly for commercial buildings
Thermafleece,absorb-vapour; release-vapour; insulate-buildings; reduce-temperature,thermal insulation for buildings
Thermagreen,reduce evaporation loss; eliminate algae growth; allow rainwater drainage; prevent contamination; provide thermal insulation,roof garden drainage system
Thermaltech Fabric,capture-ultraviolet rays; transform-energy; warm-wearers; reduce-weight,lightweight waterproof outerwear jackets
ThermHex PP Honeycomb,minimize-resin; reduce-weight; bond-skin,sandwich panels for trailer bodies
Thermo Plastic Elastomer,create-cushions; provide-shock absorption; reduce-fuel consumption; enable-mass customisation; degrade-environmentally,lightweight shock-absorbent cellular cushions for automotive use
Thermobatch,create interactive products; change colour reversibly; indicate temperature conditions,temperature-sensitive packaging
Thermochromic Colorcomp,undergo colour changes; respond to temperature,temperature-sensitive display panel
Thermochromic glass TPG,adjust-light transmittance; reduce-shading coefficient; prevent-heat ingress; provide-comfortable living condition,dynamic solar control windows
Thermochromic Ink,reacts-heat; disappears-warm; reappears-cool,temperature-sensitive graphic designs
Thermoclear,provide impact strength; transmit visible light; offer energy efficiency; resist weather extremes; control condensate,glazing for greenhouses
Thermacool,absorb-latent heat; release-latent heat; manage-internal temperatures; reduce-energy demand,thermal management tiles for lightweight structures
Thermoformed foam,create custom contours; provide fire protection; assemble large surfaces,customized foam boards for interior design
Thermoplastic Elastomers,increase user-friendliness; provide soft-touch properties; offer excellent elasticity; enable easy colorability,medical device components
Thermoplastic Film,combine-properties; produce-polymer; adapt-properties; supply-film; weld-sheets,medical bed covers and blood bags
Thermoplastic Film,combine-properties; adapt-properties; produce-polymer; weld-material,fabric covered elastic sheet
Powder coatings Abcite® & Plascoat®,protect-noun; adhere-noun; resist-noun; replace-noun,bridge balustrade coating
Thermowood,reduce moisture content; enhance physical properties; resist water; resist fungi; provide stability,exterior cladding and decking
Thistle,create-biodegradable chair; reuse-biofuel,biodegradable lounge chair
Tibetan Cactus Fibres Carpet,regulating-temperature; providing-aesthetic; offering-durability; ensuring-washability; allowing-customization,hand knotted outdoor carpet
Tibgrid,integrate heating; allow resin impregnation; spread out heating,smart textile heating system
TiColor,anodic oxidation; thickening oxide film; achieving surface effects,decorative surface treatment for architectural elements
Tiger Oak,provide structural support; offer aesthetic appeal; absorb moisture; resist scratching,hardwood flooring with unique color patterns
TIMax Decor decorative inlay,prevent-visibility; upgrade-appearance; provide-weather-protection; facilitate-installation,decorative insert for ventilated curtain facades
TIMax GL Glass fibre insulation,enhance-heat insulation; scatter-light; reduce-solar heat,U-profiled glass façade systems
Timber-Sil,barrier-rot; barrier-decay; barrier-insects; fire-retardant; structural-stability,outdoor structural framing
Timber terrazzo,reclaim-nature; fashion-material; craft-surface; optimize-proportion; select-colors,flooring in public transport systems
Timbercrete,reduce energy consumption; act as carbon sink; provide fire protection,energy-efficient building material
Time Included Cloth,change appearance; increase interest; tempt users,wearable garments that evolve over time
Tinted carbon,enhance-noun; apply-noun; seal-noun; grind-noun; polish-noun,tinted carbon parts for automotive interiors
Tire Veneer,resist-stains; reduce-noise; provide-durability; offer-resilience; enhance-aesthetics,environmentally responsible flooring material
Tissavel cleaning materials,produce-polishing results; provide-abrasive action; clean-uneven surfaces; absorb-liquid,cleaning cloth for mirrors and windows
Tissu Tricote,mold-noun; filter-noun,filtering system for air or liquid
Tissue paper & clay ceramics,create-structure; explore-perception,decorative ceramic sculptures
TitanSilver,decrease reflections; provide antiquated surface; apply zinc surface,roof and façade systems
Titanwood,improve-durability; increase-hardness; enhance-hydrophobicity; reduce-swelling; alter-chemical-structure,UV resistant wood for outdoor furniture
TMF Valencia recycled glass,create-mosaic; impregnate-tile; sustainability-enhance,mosaic wall and floor tiles
Tomato Fibre Paper,create-paper; utilize-waste; ensure-quality,biobased paper for packaging
Tongkonan Coco Evo Bliss,offer 3D effect; provide natural shape; create cozy look; enable easy installation,decorative wall and ceiling panels
Topakustik,absorb-sound; provide-acoustics; finish-wall; finish-ceiling,acoustic wall and ceiling panels
TOPIA TEGEL,create-tile; fuse-materials; seal-surface; offer-alternative; enhance-durability,decorative wall and floor tiles
Toplin Top Coat Gloss,emulsify-water; provide-hand grease resistance; yield-fine processing,water-based paint for indoor restoration
Topperfo,absorb-sound; improve-acoustics,acoustic panels for walls and ceilings
TORCETEX,support-circularity; process-material waste; provide-beauty; stimulate-innovation,woven textile for interior design
Torzo Orient,provide modern look; increase strength; apply protection; add dimensional depth,interior wall paneling
Totomoxtle,reinforce-fibreboard; create-marquetry; surface-interiors; surface-furniture,interior surfacing veneer sheets
Touch of Nature,stimulating-sensorial properties; providing-acoustic comfort; offering-good aesthetics; creating-natural appearance,seamless flooring solutions for private and institutional projects
"Touch of Nature, walking on Coffee",provide-nature; create-flooring; offer-resilience; enhance-aesthetics,seamless floor covering
Tactile textiles in faced panels,create-acoustic climate; enhance-atmospheric environment; provide-tactile experience; combine-beauty with functionality,faced panels for interior walls
"TPE elastics, tube and cord",combine-properties; vary-compounds; resist-UV; resist-chemicals; cut-materials,elastic cord for medical applications
TRADITION Cork floor tiles,covering-floor; customize-size; provide-comfort; reduce-noise; enhance-aesthetics,interior floor covering tiles
Traditional Indian natural dyes,enhance biodiversity; reduce waste; support ecological restoration; offer vibrant colors,dyeing textiles with grape leaves
Train,provide-texture; treat-insects; retard-fire,interior wall paneling
Transparent Solar Cells,generate-power; provide-view; reduce-energy-consumption; protect-against-sun,transparent building façades
Transparenz,create-grid; pour-coloured resin; customize-patterns,interior dividing walls and table tops
Transpor Dry Layer,transport-moisture; evaporate-sweat; resist-stains; resist-odor,moisture-wicking sports clothing
TRAshell,manufacture-shell; apply-additives; achieve-sustainability,exterior façade cladding
Tree Free Paper,provide-durability; create-smoothness; offer-resilience,handmade paper for books
Tree of Culture,evoke mindfulness; remind of tree; reconnect cellulose; link conceptually,tangible objects that evoke connection to trees
Treekind®,reduce-carbon footprint; replace-leather; compostable-material; minimize-water usage,sustainable fashion accessories
Treeplast,absorb-shock; mould-injection; biodegrade-water; finish-wood,ergonomically designed laptop stand
Trend Glamour,create-decorative effect; provide-high transparency; resist-chemical influences; offer-low thermal conductivity; offer-wide colour range,mosaic decorations for wall coverings
Trespa® Meteon® Lumen Diffuse L9000,reflecting-light; refracting-light; muting-light,architectural cladding panels
Trespex B.W. Colored,provide-translucence; create-3D-effect; embed-vinyl,presentation shelves
tretford’s special feature,absorb moisture; release moisture; bind dust particles; provide warmth; reduce airborne dust,hygroscopic carpet for indoor spaces
TRI – the material that touches you,combine-naturals; produce-3D printed shapes; process-wood-like; design-sustainable products,lightweight wall and floor coverings
Triaxial Woven Fabric,maintain-structural integrity; reinforce-composite materials; respond-tensile deformation; respond-shear deformation,reinforcement for composite structures
Tribar facade solutions,permit-light; filter-light; block-light; isolate-noise; provide-visual-effect; create-endless-lines,grated stair panels
Tribar floor solutions,permit-light; filter-light; block-light; isolate-noise; create-visual-effect,grated stair panels for treads
Tricoya,demonstrate durability; provide dimensional stability; reduce water absorption; enhance resistance to decay,exterior and interior wall panels
Trifilon Revo®,reduce CO2 footprint; replace fossil plastics; achieve surface finishes,injection moulded components for consumer products
Trifilon Switch®,offer-sustainable choice; integrate-renewable feedstocks; achieve-surface finishes,eco-friendly consumer products
TriFold,enhance-compressive strength; equalize-compression and tension; reduce-surface area; support-flexibility,self-supportive sandwich structure
Tritan copolyester,offer-clarity; provide-toughness; ensure-heat resistance; resist-chemicals; allow-dishwasher safety,infant feeding bottles
Tropical Splash,create-pattern; provide-colour; offer-softness; enable-durability; allow-hand-working,decorative upholstery for furniture
Trosifol,provide-safety glass; offer-noise reduction; achieve-colour stability; ensure-light stability,laminated safety glass for architectural glazing
Formica® Patterns & Truescale Laminates,mimic-nature; reduce-cost; enhance-aesthetics,commercial interior surfaces
TT Sheet,allow sewing; enable thermoforming; provide genuine finish,fashion accessories and furniture
TTURA,meet-norms; resist-abrasion; resist-impact; resist-humidity; resist-liquids,decorative architectural panels
Tundra – Techno,offer long lifespan; provide good grip; ensure scratch resistance; allow easy processing,upholstery for healthcare environments
TUOHI,cover-noun; mount-verb; interlock-adjective,wall paneling for interior spaces
Turmeric as ‘mood booster’,boost-mood; absorb-sound; influence-color,sound-absorbing interior products
Twentinox Fabrics,provide strength; offer durability; allow welding; enable customization,architectural mesh panels
Twincolour,provide-decorative solution; allow-milling; ensure-strength; maintain-colour intensity,decorative wall paneling
Twinson,provide cladding; offer outdoor flooring; resist rot; ensure durability; reduce maintenance,cladding for building facades
TX Active,reduce-pollutants; enhance-aesthetics; decompose-micro-organisms,architectural concrete elements
Typha insulation,provide insulation; meet building standards; reduce CO2 emissions; lower energy use,insulation for cavity walls
Tyvek UV Façade & Tyvek Roofliner,provide-protection; offer-insulation; resist-mold,roof underlayment for sloped roofs
U-Turn,create-pattern; fit-tile; print-images; resist-UV; resist-frost,ceramic floor and wall tiles
UHPC Facade Panels,reduce raw materials; save energy; provide durability; create facade panels,architectural facade for public buildings
Ultra Lightweight Concrete,reduce sound; demonstrate insulation properties; adapt mechanical properties,sound-reducing concrete panels
Ultra thin stone veneer,provide aesthetic; enable flexibility; allow thermo-forming,laptop bags made with stone leather
Ultra thin tulle,create-fabric; enable-embroidery; provide-lightweight; allow-dyeing; support-printing,lingerie and fashion garments
UltraGlass,provide-adhesion; resist-scratch; resist-alkaline; resist-chemical; resist-dishwasher,drinking glasses and vases for restaurants
Ultrasonic quilting,provide stretch; enhance comfort; enable quilting,stretchable athletic wear
Uncomfortable,reshape-forms; connect-panels; create-objects,3D structural panels and surfaces
Underlite Flooring,illuminate-floor; cast-lenses; replace-bulb; change-colour,illuminated flooring system
Underneath a Surface,showcase-natural resource; highlight-delicate identity; unveil-surprising nuances,decorative wall panels
Unfinished Freshwater Mother of Pearl Tiles,decorate wall; create table tops; design basins; craft photo frames,decorative wall and floor tiles
Unico,provide aesthetic; offer durability; resist scratching; withstand weather,large format decorative tiles
Unismooth,provide-floor covering; offer-colour options; resist-scratch; ensure-strength; support-high-traffic,smooth flooring for public buildings
Unravel,create-garments; allow-personalization; transform-colors; adapt-shapes,dynamic knitwear collection
Untreated Cast Iron panels,reflect-nature; drain-water; refer-back,industrial building façade
Unwasted,reduce-waste; embrace-variations; redefine-ceramics,high-quality ceramic tiles
(Un)woven,emphasizing recyclability; creating patterns; using natural pigments; requiring minimal water,interior design elements
Uonuon,enhance-colour; resist-scratch; resist-weather; suit-traffic,interior and exterior flooring
Upcycled Carbon Black,replace-pigment; enhance-reinforcing characteristics; reduce-processing costs; improve-weather ability; increase-tinting strength,eco-friendly pigment for inks and paints
UPM Formi,provide-reinforcement; enable-material-reduction; allow-variable-wall-thicknesses; exhibit-strength; exhibit-stiffness,lightweight injection moulded components
UPM Grada,form-noun; machine-noun; recycle-noun,furniture components
UPM ProFi composite,combine-wood fibres; resist-humidity; absorb-low moisture; resist-UV degradation,garden decks and patios
Urban paper collection,craft-collection; offer-experience; influence-architecture,business cards with unique finishes
Urban Reef,encourage growth; create habitats; integrate systems; store nutrients; provide microclimates,3D printed urban habitats for biodiversity
Urban Velvet LU,add-noun; provide-noun; blend-noun,photoluminescent flooring systems
Urban Velvet,provide-flooring; resist-UV; install-seamlessly; withstand-chemicals; support-floor-heating,seamless poured flooring for public buildings
Urine-Glaze,provide-nutrients; serve-as-glaze; reduce-metal-poisoning,ceramic vessels inspired by human anatomy
UVMax,provide-durable coverage; offer-seamless finish; resist-scratches; withstand-high-traffic,customized furniture surfaces
Vacupor,minimize-infrared radiation; provide-insulation; reduce-thermal conductivity,cold storage floor insulation
Vacuum-moulding,create-moulds; design-freedom; finish-products,customized plastic components
Valchromat coloured MDF,cutting-board; shaping-board; finishing-surface,colorful furniture components
Valchromat,bind-resin; produce-panel; process-finish,moisture resistant decorative panel
Vanceva,enhance-aesthetic; block-UV radiation; provide-structural benefits; customize-colour; reduce-solar transmission,laminated glazing system for building facades
VanHier: Biocircular table lamps,moulded-panels; recycled-light; designed-efficiently,biocircular table lamp
Vapourguard,collect-rainfall water; eliminate-water evaporation; reflect-sun heat; prevent-light penetration; reduce-algae growth,rainwater harvesting cover
Varaform,impregnate-resin; soften-heat; mould-reheat; form-armature,rigid lightweight sculpture armature
Varioline,provide flooring; resist chemicals; maintain lightweight; offer abrasion resistance; support playground equipment,rear garage and gas locker flooring
Varioplan Plus,illuminate-interior; handle-easily; reduce-costs; create-flexibility,façade panels for industrial buildings
VarioTrans,transmit-light; reflect-light; filter-wavelengths,color-changing window panel
VD-works surface design,create-surface designs; make-to order,customized indoor and outdoor surfaces
Vectogramm,transfer-image; create-structure; generate-machining-file,facade design for buildings
Vector glass,trap-air; create-patterns; fuse-layers,translucent room dividers
Vectran,provide strength; offer rigidity; resist abrasion; minimize moisture absorption,marine and military rope and cable
Vegetable tanned salmon leather,provide stiffness; achieve colour variations; resist wear,high-wear furniture upholstery
Vegetables 2D,create-paper; modify-structure; provide-biodegradability; offer-edibility,edible business cards
Vegetables 3D,create-bowl; form-vase; manufacture-plates,biodegradable tableware for indoor use
Veilish,reduce sunlight; provide privacy; block view; install easily; cut in any shape,self-adhesive window covering
Velero Textile,create-textile; reveal-patterns; decorate-crystals,textile for fashion design
Velvet Indigo,create-dyed fabric; expand-material qualities; develop-design concepts,decorative plaid textiles
Veneer in Veneer,enclose-nonconformities; provide-aesthetic; seal-open-areas,decorative wall paneling
"Veneer, moulded / rotary cut",manufacture-complex shapes; provide-elasticity; retain-technical properties,ski and snowboard woodcores
Ventri cow stomach leather,transform-waste; create-luxurious design; provide-unique texture,luxurious leather goods
Veriflex,change shape; maintain strength; reshape material; recover shape,lightweight deployable structures
Veritas resinart,create panels; provide flammability resistance; enable screen-printing; allow custom capabilities,decorative wall panels for commercial environments
VeroMetal and shop interiors,apply-coating; achieve-finish; provide-flexibility; create-design,luxurious shop interior elements
VeroMetal® Antimicrobial,kill bacteria; neutralize viruses; form disinfectant layer; retain stainless steel appearance; provide self-cleaning action,antimicrobial coating for hospital surfaces
VeroMetal Applications,deposit-coating; apply-finish; produce-effect; prevent-staining,architectural façade cladding
VeroMetal AquaFill® metal stucco,adhere-surface; create-finish; restore-surface; apply-tool,decorative wall and ceiling finish
VeroMetal,coat-surface; finish-surface; adhere-surface; apply-surface; engineer-design,lightweight metal finish for interior design
Versato Crystal,create-visual effect; provide-UV resistance; offer-weatherproofing; ensure-optical purity,wall presentation display panels
Versato Myst,absorb-light; create-contrasts; transform-space; produce-mist-effect; enhance-depth,lighting fixture with mist effect
Versato Translucent Stone,visualizing-nature; shaping-light; uniting-designs,interior lighting feature
Versato,connect-design; shape-structure; visualize-aesthetics,customized design solutions for creative projects
Versawall & Versapanel,provide thermal protection; offer moisture protection; form strong panels; create weather-tight roofs,insulated wall and roof panels
Vertigo – concrete,create-tile; sculpt-tile; ensure-quality,custom decorative wall tiles
VeSta & KuQua tiles,create-patterned tiles; harden at high temperature; impress symbols; allow customization,decorative wall and floor tiles for residential buildings
VestaEco LDF,support-construction; provide-insulation; ensure-durability; enable-installation,low-density fibreboard for interior finishing
Vetro vivo,create-mosaic; design-aesthetic; provide-durability,decorative wall and pool mosaics
Vetroseta,decorate-noun; laminate-noun,decorative glass panels for interior design
Vibers,absorb-nutrients; reinforce-structure; biodegrade-environmentally,injection moulded packaging solutions
VIBRATO,create-nature; provide-structure; enhance-aesthetics,custom sliding doors with stained glass effect
Vicrtex,provide aesthetic; resist scratching; withstand moisture; offer durability,wall covering for public spaces
Vidom Glasstiles,resist-humidity; provide-aesthetic; offer-durability,bathroom wall tiles
Vielshield,provide shielding; resist corrosion; transmit light,high performance shielding fabric
Vifour,recycle-noun; bind-noun; create-noun,upholstery for interior furniture
VILLIglas Tiles,resist-corrosion; resist-temperature; resist-light; provide-brilliance; enable-compatibility,decorative wall and floor tiles
Vingui Noir,create-durable product; improve-durability; ensure-dimension stability; preserve-structure,facade cladding system
Vintage Leather Belt,create-surface; bond-tile; ensure-grade; hand-clean; prepare-use,glossy leather flooring tiles
Vinterio,exhibit-plank-effect; provide-sliced-surface; ensure-health-safety,high-quality furniture surfaces
vinyl aqua tiles,create-tile; reflect-optical illusion; translate-water movement,decorative floor tiles
Vinyl in welded Designs,guarantee-durability; bond-foam backing; emboss-welding technology; resist-scratch; resist-UV,upholstered seating for transport
VINYL WALLCOVERING,provide protection; resist scratches; adapt to environments; conceal imperfections; offer customization; ensure durability,high-activity wall coverings
VIP (Vacuum Insulated Panel),provide insulation; achieve thermal performance; reduce heat circulation,high-performance thermal insulation panels
Viro™,create-synthetic fiber; resist-temperature variations; weave-outdoor furniture; provide-UV resistance; offer-weather resistance,outdoor seating solutions
Viroc Unsanded,combine-resistance; combine-flexibility; combine-durability; combine-hardness,interior wall panels
Viroc,combine flexibility; provide durability; prevent fire spread; offer sound insulation; resist water,structural flooring and roof support
Virtuell Vertrieb,manufacturing-technology; design-structures; water-resistant-properties; fire-protection,customized furniture panels
Visu Glass Blocks,transmit-colour; reflect-colour; change-colour; illuminate-experience,reinforced window construction
Vita Talalay latex,provide-support; offer-comfort; ensure-breathability; meet-ecological-demands,natural latex mattress
Vitrics Screen,engrave-noun; create-noun; reproduce-noun; extrude-noun,customized engraved signage
Vitrics,engrave-noun; create-noun; extrude-noun,3D engraved architectural glass panels
Vitrulan »Magnet»,stick-magnet; washable-surface; fireproof-material; durable-coating,magnetic wall covering for children's bedrooms
Vitrum,allow light penetration; create unique effects; highlight irregularities; provide shock resistance; achieve satin finish,decorative glass floor tiles
Vivo,absorb-exudates; guarantee-moist environment; incorporate-active ingredients; release-slowly,modern wound care dressing
Volimea,enhance-colour intensity; regulate-moisture; provide-breathability,interior wall coating for humid areas
voorBIJ© roadside grass paper,reduce-CO2; provide-nutrition; retain-water; protect-soil,recycled paper made from roadside grass
Vorwerk Scale,binding-dust particles; enhancing-textile floor tiles; providing-recyclable backing,textile floor tiles for allergy sufferers
Vubonite,harden-powder; harden-liquid; resist-high temperatures; resist-weather; be-non toxic,non-flammable interior building material
Vuré Noir,provide-durability; enhance-aesthetics; resist-weather; support-facades,outdoor facade cladding
Waffle fabric,provide insulation; offer flexibility; enhance durability; create texture,thermal insulation blankets for outdoor use
WALA-Eco-Clip,provide-non-hazardous flooring; offer-heat insulation; ensure-waterproofing; absorb-sound; resist-flame,non-hazardous flooring for childcare centres
Wall panel 067,create-panel; assemble-precisely; provide-acoustic-properties,acoustic wall panel for interior design
Wall panel,provide-structure; enhance-aesthetics; offer-insulation; improve-acoustics,interior wall cladding system
Wall+ wall panels,replace-ceramic tiles; fit-on-top; paint-waterproof,waterproof wall panels for bathrooms
Walled-Paper,capture-detail; add-luminosity; transform-space,decorative wall paneling
Wallpaper tile,covering-wall; decorating-tile; polishing-surface,wall and floor covering tiles
Paper Tiles,absorb-sound; install-easily; print-decoratively; create-variations,decorative wall tiles
Wallstix,form-noun; coat-noun; fire retardant-noun; resist UV-noun,custom display boards for interior design
Walton Uni & Walton Cirrus,provide-bacteriostatic properties; create-ecologically responsible pigments; enable-recycling; support-renewable materials,flooring for residential and commercial spaces
Warmbeton,insulate-concrete; reduce-weight-concrete; enable-fast-construction; eliminate-thermal-bridges,thermal insulating building walls
Warp-knitted fabrics with Naia™,create-fabrics; provide-comfort; offer-easy care; enhance-aesthetic,intimate and evening apparel
Washi Artisan Parchment,provide-durability; offer-water-resistance; maintain-breathability; create-beauty,water-resistant parchment for art and crafts
Washi HPL,provide-protective overlay; incorporate-natural fibers; laminate-decorative surfaces; create-robust panels,decorative door panels and furniture fronts
Wastea,transform-noun; reduce-noun; promote-noun,plant-based leather alternative
WasteBasedBrick,reduce dependence; support circular; contribute to resource efficiency,facade brick for building exteriors
WasteBasedGlaze,developed-noun; topped-noun; used-noun,interior wall cladding
Water resistant paper,make droplets; evaporate water; bead up droplets,zero-energy humidifier
Water Tiles,transport-rainwater; create-puddles; form-streams; motivate-play,pavement tiles for urban landscapes
Waterstruck bricks multi sintered,provide-facade effect; create-multi-colour range; offer-smooth surface,building exterior wall cladding
WavCor,provide moisture barrier; offer fire rating; enable easy installation; allow custom sizing,sustainable architectural surface
WAVETHRU,mitigate signal attenuation; enhance mobile signal transmission; preserve optical performance; allow radio frequencies to pass; reduce signal loss,retrofittable glass surface treatment
WaxedWood (Color),provide-water repellency; protect-wood decay; reduce-maintenance requirements; offer-UV protection,garden furniture and playground equipment
WDS Ultra,minimize-infrared radiation; provide-thermal insulation; meet-fire protection standards,insulation for heat-treatment furnaces
WEAVE concrete tiles,create-tile; provide-texture; enhance-aesthetics; resist-weather; offer-durability,decorative wall cladding system
Weavewood,weave-noun; resist-noun; apply-noun,handwoven wooden panel
Web Art Pebble Beach,create visual effects; provide durability; offer structural variety,woven flooring for high-traffic areas
Wedi Panel,provide waterproof surface; offer heat insulation; support adhesive bonding; ensure sound insulation,waterproof building board for bathrooms
Welded Vinyl,create-seam; provide-waterproofing; resist-UV; resist-fire; allow-cleaning,waterproof upholstery for furniture
Wellboard,form-board; cut-water jet; cut-laser; bond-veneer press; decorate-paint,decorative wall panels
WellTEC – Big Wave,produce-narrow tolerances; create-customised structures; design-facades; design-roofs; design-walls,customised facade cladding systems
WellTec & PlanTec,fabricate-sheets; create-design; adjust-shape,architectural facade cladding
wet-green,tanning-leather; producing-leather; manufacturing-leather; eliminating-toxicity,biologically degradable premium leather
Whisky Barrel Flooring,create-flooring; retain-aroma; feature-original-print,indoor flooring made from whisky barrels
Wild silk,conserve-species; harvest-fibre; create-fabric,non-woven fabric for apparel
Willow paper,boiling-fibres; burning-bark; distilling-materials,biodegradable paper products
WINCOS Vision Control Film,provide-privacy; create-illusion; protect-against-UV,window privacy control solution
Window Protect Trevira,provide-sight protection; offer-sun protection; resist-UV radiation; prevent-fungus growth,window protection foils for indoor use
Wintan recycled leather,reuse-waste; mimic-natural leather; bind-fibres,sustainable upholstery for furniture
Wire cloth,weaving-wire; forming-openings; crimping-connection,filtering medium for industrial applications
Wire Mesh,cut-noun; fold-noun; weld-noun; assemble-noun,custom wire mesh panels
Wire netting,allow-air; pass-water; block-sound; cover-areas; separate-zones,architectural facades and protective panels
Wireglass,integrate-nonmetal; provide-visuals; create-patterns,decorative glass panels with metal weaves
WISA Plywood,improve-wear resistance; enhance-impact resistance; increase-chemical resistance; provide-weather resistance; offer-hygienic properties,concrete formwork panels
Woelbstruktur,provide rigidity; enhance strength; form honeycomb structures; create lightweight sheets,lightweight vault structures for construction
Wolffish Leather,provide unique character; offer smooth texture; allow dyeing in diverse tones,fashion accessories like wallets and bags
Wolwaeren Collection,provide warmth; offer comfort; absorb sound; create texture,wearable and interior blankets
Wonder Peach,offers-breathability; provides-lightness; envelops-shapes; protects-against-UV,sportswear for demanding activities
Wonderland,produce images; create illusion; revitalise spaces,3D wall coverings for interior design
"Wood, cork & Perspex",laminate-noun; layer-noun; enhance-noun; explore-noun,ornamental wooden wall piece
Wood Fibre Textiles,absorbent-textile; soft-textile; cool-textile; heat-resistant-textile; ecological-fibre,protective clothing against heat and flame
Wood look,replace-noun; protect-noun; create-noun,laminated surface for furniture and interior decoration
Wood mosaic,connect-noun; repel-water; resist-UV; provide-durability; act-anti-slip,water-repellent wall covering
Wood paper,mimic-grain structure; emboss-giving look; suit-printing,commercial printing materials with wood texture
Wood Plastic Composite,provide strength; resist weather; offer durability,outdoor fencing boards
Wood Reinvented,extend life; ensure durability; reduce demand; minimize waste,custom-made furniture panels
Wood-skin,create-sheets; transform-spaces; provide-acoustic performances,high-end acoustic wall panels
Wood textile,combine-noun; become-flexible; design-noun,flexible upholstery for furniture
Wood veneer – Roble Collection,add-design value; adapt-to-trends; provide-natural aesthetics,furniture surfaces and cabinetry
Wood Wool Design tiles,improve-acoustics; enhance-aesthetics; create-interiors,acoustic wall and ceiling panels
Wood wool panels,reduce noise; provide insulation; enhance aesthetics; improve indoor climate,acoustic wall panels for large spaces
Woodcarved Panels,maximize strength; create ornamental design; account for wood variations,decorative wood panels for interior design
Wooden colour,color-noun; plaster-verb,natural wall plaster for interior design
Wooden Textile,create-nonwoven fabric; expand-material qualities; broaden-design applications,flexible wooden cloth for rituals
Wooden Textiles,provide tactile experience; create flexible surface; allow manipulation by touch,washable indoor upholstery fabric
Wooden wall panels,reduce reverberation; improve sound transmission; offer variety,acoustic wall panels for offices
Pavatex woodfibre insulation boards,provide insulation; protect against cold; reduce noise; resist fire,thermal insulation for buildings
Woodflow-skin,maximize-strength; provide-flexibility; support-architectural-vision; enable-creation,architectural cladding solution for expressive geometries
WoodFrame Slim Oak PreConsumer,create-partition; design-for-reuse; ensure-transparency; provide-sustainability; allow-disassembly; maintain-aesthetics,modular glass partition system
WoodFrame Slim Reclaimed Meranti PostConsumer,reclaim-noun; process-noun; manufacture-noun; design-noun; create-noun,glass partition system with wooden frame
Woodio®,store carbon; resist impact; repel dirt; repair easily; resist heat,waterproof bathroom fixtures
WoodLeather,provide insulation; offer durability; enhance aesthetics; facilitate installation,interior flooring tiles
Woodloop,treat-surface; provide-acoustics; create-texture; serve-as-wall-covering,decorative wall panels for interiors
Woodnotes Paper Yarn,provide strength; offer durability; reduce dust accumulation; enable biodegradability,textile for allergy-friendly home decor
Formica® Woods Laminates,provide-surfacing; create-durable surfaces; enhance-aesthetics,interior doors and contract furniture
Woodstone,filter-microscopic particles; trap-particles; provide-flexibility; support-air purification,natural air purification tiles
Woodsure,enhance-aesthetic appeal; maintain-natural beauty; repel-water; resist-dents; resist-abrasions; convert-wood,countertops and flooring
Woodwool carpet,provide warmth; offer comfort; reduce noise; absorb moisture,indoor hand knitted carpet
Wool-Aluminium,weaving-noun; flexible-noun; sturdy-noun,dimensional textile structures
Wool & biobased plastic Carpet,combine-fibres; create-material; press-shapes; provide-isolation,acoustic isolation carpet for walls
Wool Felt,reduce echo; regulate humidity; clean air; absorb sound,sound-absorbing wall panel
Wool Felt: i-did x Hollands Wol Collectief,regulate moisture; provide acoustic insulation; resist fire,acoustic wall coverings
Wool Fugenband,insulate-hollow spaces; purify-air; regulate-humidity; retard-fire; repel-water,thermal insulation for windows and doors
Wool laminated,provide warmth; offer softness; enhance durability,thermal insulation layer in jackets
Wool wall,absorb-sound; repel-stains; retard-fire,acoustic wall panels
Wool with Cashmere,provide warmth; offer softness; enhance durability; create comfort,overcoats and jackets
Wool XL Pied de Poule,provide warmth; offer softness; resist fire; resist UV,textile for winter clothing
Wootex,manufacturing-noise barriers; producing-beams; creating-flowerboxes; building-garden patios,noise barrier for urban environments
WooWood,defy-gravity; act-as-tensioner; transform-flat-surface; allow-object-placement,3D veneered panel for furniture design
Workwear Cordura Dobby,enhance-durability; provide-protection; strengthen-fabric,military clothing and gear
Workwear Cordura stretch,provide-durability; offer-stretch; resist-abrasion; resist-pilling,military uniforms and factory clothing
Workwear nylon PVC dot,provide anti-slip; resist stains,workwear fabric for safety clothing
Woven Animation,create-fabric; conform-performance; accentuate-experience; embed-images,dynamic upholstery fabric for interior design
Woven Goat,provide-durability; offer-aesthetic; enable-upholstery,upholstered wall panels
Woven Grass Paper,weaving-noun; biodegradable-adjective; cutting-noun; strength-gain,handcrafted decorative wall panels
Woven light textiles,change colour; emit light,colour changing and light emitting textiles
Woven Panels,create-aesthetic; allow-light-play; custom-fit,decorative wall panels
Woven recycled LLDPE,make-noun; slice-noun; weave-noun,woven baskets from recycled plastic straps
Woven recycled material,absorb-sound; provide-comfort; create-unique-designs,acoustic panels and cushions
Woven wood,create-tile; interlock-panel; weave-strips,interlocking tile panels for interior design
Woven Wool,manage-acoustic settings; create-dramatic curves; provide-visual attraction; offer-flame retardance,soundproof wall coverings for conference rooms
Wovenint,enable-product; create-structure; integrate-fasteners; reduce-waste; combine-materials,three-dimensional textile structures
Wovin wall,create-panel; support-tiles; backlight-translucent,modular wall panel system
Wrapping & Specialty tapes,combine-materials; develop-tapes; offer-varieties,conductive wrapping tape for electronics
X-KIN®,reduce thicknesses; limit replacement; combine aesthetic beauty; create unique ambience,innovative wall coverings for interior design
X-LAM,load-bearing panel; customised production; quick assembly; pleasant indoor climate,prefabricated building components
X-LED,present images; extend light module; define pixel size,weather-resistant display system for animations
X-tend,provide stability; allow flexibility; adjust to movements,bridge construction system
Xanita,recover-nutrients; reduce-weight; enhance-strength; provide-durability; enable-printing,retail display structures
xceldesign,stimulate-imagination; self-cleaning-behaviour; anti-scratch-properties; heat absorbing-properties; tailor-appearance; visualize-designs,decorative finishes on metal surfaces
XILO,resist-acids; resist-scratches; resist-frost; resist-dirt; provide-strength,floor tiles for residential and commercial use
Xiriton with Olivine,absorb-CO2; reduce-CO2 emissions; store-CO2,bicycle path construction
Xiriton,reinforce-concrete; lightweight-building,pavement and small building constructions
XL EXTRALIGHT,combine-low density; provide-good physical properties; offer-soft touch,lightweight foam footwear
Xorel,repel-stains; resist-bacteria; meet-standards; enhance-durability,directly applied wallcovering
Xotic Bamboo felt,provide softness; offer eco-friendliness; resist scratching,eco-friendly upholstery fabric
Xtegra,absorb energy; mitigate blasts; resist fractures,body armor for personal protection
Xtreme Leather,withstand-dirt; resist-chemicals; remain-cool; provide-durability,outdoor garden furniture
Xyhlo,protect-noun; self-heal-verb; degrade-verb; adhere-verb,outdoor wood protection coating
Xylogramm,create-structured surfaces; develop-custom designs; adapt-component size; vary-structural depths,architectural wall cladding
XYMARA Effect Pigments,provide-color; enhance-appearance,decorative paint for interior walls
Y Shield,protect-shielding; block-radiation; bonding-application,interior wall shielding against electromagnetic radiation
YD-Woods,provide structural support; create aesthetic appeal; offer durability,wooden interior furniture
YiBrick Breeze Blocks,recycle-noun; decorate-noun; resist-weather,decorative wall structure
YiBrick – Handmade & Permeable Brick,recycled-noun; permeable-noun; handmade-noun,permeable paving solution for water logging
YiTile,recycle-tile; customize-colour; resist-water; resist-fire; resist-UV; resist-weather,interior wall or façade tiles
Yoroi,provide-fire-resistance; serve-as-facade-cladding; offer-sustainable-appearance,fire-resistant façade cladding for public buildings
Yosima,moisture buffering; interior finish; colour variation,interior wall and ceiling finish
Younique®,incorporate-patterns; enhance-branding; create-customised-furniture,customised furniture with integrated signage
YST Noodles,create-panel; transmit-light; layer-structure; engineer-shape,custom engineered sandwich panels for interior and exterior cladding
YST White Clinic,bonded construction; light transmission; custom engineering,illuminated ceiling panels
YST (You See Through),provide-translucence; create-structure; allow-curvature; layer-honeycomb,translucent partition panels
Yulex neoprene,generate less CO2; provide tensile strength; offer tear strength; ensure elasticity,wetsuit design and manufacturing
Zanders paper Collection,change-ink-trap performance; enable-safety aspects; create-optical effects; add-pigments; allow-printing,high-quality printed materials like brochures and cards
Zapp Precision Strip,protective-coating; decorative-finishes; custom-stamping,decorative electronic device casings
Zazza,allow thick panels; add materials; resist weather; provide strength,thick clear panels with embedded materials
ZEBRA,bonded slabs; processed limestone; finished product; calibrated thickness; tiled easily,kitchen and bathroom surfaces
Zelfo,produce-binders; engineer-composites; absorb-absorbents,biobased composite materials for construction
Zephyr Mesh,support-network; accelerate-decomposition; prevent-formation; customize-patterns; replace-panels,ventilated facade system
Zero.4,provide-non-slip surface; resist-abrasion; offer-durability; support-high traffic,commercial flooring tiles
Zero furniture panel,reduce-CO2 emissions; sequester-carbon; provide-bending strength; facilitate-coating; enable-sawing,furniture components for interior design
Zero,reduce-joint thickness; provide-ventilation; absorb-rainwater; slow-ageing; prevent-water penetration,joint-free brick wall construction
Zinc Foam,absorb-energy; increase-strength; create-foam; cast-lightweight-structure,energy-absorbing structural component
Zintek – Titanium zinc,enhance-properties; develop-patina; provide-durability; offer-longevity; reduce-maintenance,architectural facades
Zwartz Non-woven,provide decorative use; offer waterproof properties; ensure tear resistance,decorative floral arrangements
